timestamp,equity
2025-07-15 00:00:00+00:00,100000.0
2025-07-15 00:01:00+00:00,100000.0
2025-07-15 00:02:00+00:00,100000.0
2025-07-15 00:03:00+00:00,100000.0
2025-07-15 00:04:00+00:00,100000.0
2025-07-15 00:05:00+00:00,100000.0
2025-07-15 00:06:00+00:00,100000.0
2025-07-15 00:07:00+00:00,100000.0
2025-07-15 00:08:00+00:00,100000.0
2025-07-15 00:09:00+00:00,100000.0
2025-07-15 00:10:00+00:00,100000.0
2025-07-15 00:11:00+00:00,100000.0
2025-07-15 00:12:00+00:00,100000.0
2025-07-15 00:13:00+00:00,100000.0
2025-07-15 00:14:00+00:00,100000.0
2025-07-15 00:15:00+00:00,100000.0
2025-07-15 00:16:00+00:00,100000.0
2025-07-15 00:17:00+00:00,100000.0
2025-07-15 00:18:00+00:00,100000.0
2025-07-15 00:19:00+00:00,100000.0
2025-07-15 00:20:00+00:00,100000.0
2025-07-15 00:21:00+00:00,100000.0
2025-07-15 00:22:00+00:00,100000.0
2025-07-15 00:23:00+00:00,100000.0
2025-07-15 00:24:00+00:00,100000.0
2025-07-15 00:25:00+00:00,100000.0
2025-07-15 00:26:00+00:00,100000.0
2025-07-15 00:27:00+00:00,100000.0
2025-07-15 00:28:00+00:00,100000.0
2025-07-15 00:29:00+00:00,100000.0
2025-07-15 00:30:00+00:00,100000.0
2025-07-15 00:31:00+00:00,100000.0
2025-07-15 00:32:00+00:00,100000.0
2025-07-15 00:33:00+00:00,100000.0
2025-07-15 00:34:00+00:00,100000.0
2025-07-15 00:35:00+00:00,100000.0
2025-07-15 00:36:00+00:00,100000.0
2025-07-15 00:37:00+00:00,100000.0
2025-07-15 00:38:00+00:00,100000.0
2025-07-15 00:39:00+00:00,100000.0
2025-07-15 00:40:00+00:00,100000.0
2025-07-15 00:41:00+00:00,100000.0
2025-07-15 00:42:00+00:00,100000.0
2025-07-15 00:43:00+00:00,100001.1789502139
2025-07-15 00:44:00+00:00,100000.61389920549
2025-07-15 00:45:00+00:00,100000.89289314089
2025-07-15 00:46:00+00:00,100000.4876456208
2025-07-15 00:47:00+00:00,99999.90228809176
2025-07-15 00:48:00+00:00,100000.54415072163
2025-07-15 00:49:00+00:00,100001.12156222085
2025-07-15 00:50:00+00:00,100001.25487894316
2025-07-15 00:51:00+00:00,100001.80138921535
2025-07-15 00:52:00+00:00,100001.264347937
2025-07-15 00:53:00+00:00,100001.26418338694
2025-07-15 00:54:00+00:00,100001.26500613723
2025-07-15 00:55:00+00:00,100001.26480951386
2025-07-15 00:56:00+00:00,100001.26451388154
2025-07-15 00:57:00+00:00,100001.26493222915
2025-07-15 00:58:00+00:00,100001.2643493315
2025-07-15 00:59:00+00:00,100001.26401186442
2025-07-15 01:00:00+00:00,100001.26373854399
2025-07-15 01:01:00+00:00,100001.26247652872
2025-07-15 01:02:00+00:00,100001.26099976168
2025-07-15 01:03:00+00:00,100000.5298031471
2025-07-15 01:04:00+00:00,100000.33172050721
2025-07-15 01:05:00+00:00,100000.80128247944
2025-07-15 01:06:00+00:00,100000.83665437943
2025-07-15 01:07:00+00:00,100000.84461305692
2025-07-15 01:08:00+00:00,100000.3520593497
2025-07-15 01:09:00+00:00,99999.96296844992
2025-07-15 01:10:00+00:00,99999.86215853498
2025-07-15 01:11:00+00:00,99999.84358828749
2025-07-15 01:12:00+00:00,99999.83916679998
2025-07-15 01:13:00+00:00,99999.83209242
2025-07-15 01:14:00+00:00,100000.20172877479
2025-07-15 01:15:00+00:00,100001.56000973402
2025-07-15 01:16:00+00:00,100000.86406760191
2025-07-15 01:17:00+00:00,100000.11683621483
2025-07-15 01:18:00+00:00,99999.76134862003
2025-07-15 01:19:00+00:00,99998.67896848064
2025-07-15 01:20:00+00:00,99997.75646417109
2025-07-15 01:21:00+00:00,99992.5964129794
2025-07-15 01:22:00+00:00,99990.26851190982
2025-07-15 01:23:00+00:00,99991.79724600253
2025-07-15 01:24:00+00:00,99990.96416973157
2025-07-15 01:25:00+00:00,100000.0409507214
2025-07-15 01:26:00+00:00,100002.60536503045
2025-07-15 01:27:00+00:00,100004.73016545795
2025-07-15 01:28:00+00:00,100002.62852533373
2025-07-15 01:29:00+00:00,100001.47169695853
2025-07-15 01:30:00+00:00,100001.0042915544
2025-07-15 01:31:00+00:00,100001.53791272412
2025-07-15 01:32:00+00:00,100003.00244965703
2025-07-15 01:33:00+00:00,100003.01413479213
2025-07-15 01:34:00+00:00,100005.96463140564
2025-07-15 01:35:00+00:00,100004.29755213094
2025-07-15 01:36:00+00:00,100006.00802708692
2025-07-15 01:37:00+00:00,100006.1039317722
2025-07-15 01:38:00+00:00,100006.65271969346
2025-07-15 01:39:00+00:00,100007.42173318831
2025-07-15 01:40:00+00:00,100006.85074510842
2025-07-15 01:41:00+00:00,100007.45192540405
2025-07-15 01:42:00+00:00,100006.75484042315
2025-07-15 01:43:00+00:00,100007.25834002081
2025-07-15 01:44:00+00:00,100006.19362041305
2025-07-15 01:45:00+00:00,100006.6891279536
2025-07-15 01:46:00+00:00,100007.20150761474
2025-07-15 01:47:00+00:00,100006.86584121629
2025-07-15 01:48:00+00:00,100005.91034638896
2025-07-15 01:49:00+00:00,100005.00369191064
2025-07-15 01:50:00+00:00,100005.94320262373
2025-07-15 01:51:00+00:00,100005.85440198923
2025-07-15 01:52:00+00:00,100006.93332969851
2025-07-15 01:53:00+00:00,100006.81611286096
2025-07-15 01:54:00+00:00,100004.50108031931
2025-07-15 01:55:00+00:00,100000.2850555054
2025-07-15 01:56:00+00:00,100001.09830337088
2025-07-15 01:57:00+00:00,99996.58360983545
2025-07-15 01:58:00+00:00,99990.61503194115
2025-07-15 01:59:00+00:00,99983.8695183668
2025-07-15 02:00:00+00:00,99996.40079253349
2025-07-15 02:01:00+00:00,99995.45601040631
2025-07-15 02:02:00+00:00,100000.72322258125
2025-07-15 02:03:00+00:00,100006.49670093313
2025-07-15 02:04:00+00:00,100004.00543146914
2025-07-15 02:05:00+00:00,99997.7589510544
2025-07-15 02:06:00+00:00,100004.38909730587
2025-07-15 02:07:00+00:00,99999.75881095945
2025-07-15 02:08:00+00:00,99996.25744760872
2025-07-15 02:09:00+00:00,99990.68465602108
2025-07-15 02:10:00+00:00,99992.85621608373
2025-07-15 02:11:00+00:00,99980.4721192693
2025-07-15 02:12:00+00:00,99981.59210412366
2025-07-15 02:13:00+00:00,99969.45275827509
2025-07-15 02:14:00+00:00,99974.02242810723
2025-07-15 02:15:00+00:00,99965.12833334801
2025-07-15 02:16:00+00:00,99960.59681691202
2025-07-15 02:17:00+00:00,99949.2084006058
2025-07-15 02:18:00+00:00,99963.93484689499
2025-07-15 02:19:00+00:00,99954.59005953485
2025-07-15 02:20:00+00:00,99947.13793705271
2025-07-15 02:21:00+00:00,99947.31900643963
2025-07-15 02:22:00+00:00,99955.9982657189
2025-07-15 02:23:00+00:00,99947.54836099638
2025-07-15 02:24:00+00:00,99962.96340146873
2025-07-15 02:25:00+00:00,99938.48282035837
2025-07-15 02:26:00+00:00,99945.47209869314
2025-07-15 02:27:00+00:00,99948.11571174204
2025-07-15 02:28:00+00:00,99935.81506472455
2025-07-15 02:29:00+00:00,99942.67155884225
2025-07-15 02:30:00+00:00,99941.34371667157
2025-07-15 02:31:00+00:00,99947.1741509301
2025-07-15 02:32:00+00:00,99961.59934542068
2025-07-15 02:33:00+00:00,99953.08908423586
2025-07-15 02:34:00+00:00,99947.37936290193
2025-07-15 02:35:00+00:00,99947.40350548686
2025-07-15 02:36:00+00:00,99956.56561646455
2025-07-15 02:37:00+00:00,99963.36175411993
2025-07-15 02:38:00+00:00,99976.4711777323
2025-07-15 02:39:00+00:00,99967.44004593093
2025-07-15 02:40:00+00:00,99969.95295101669
2025-07-15 02:41:00+00:00,99971.3931535362
2025-07-15 02:42:00+00:00,99980.19328755197
2025-07-15 02:43:00+00:00,99983.64977359881
2025-07-15 02:44:00+00:00,99981.35538199876
2025-07-15 02:45:00+00:00,99984.12653029492
2025-07-15 02:46:00+00:00,99981.68315222733
2025-07-15 02:47:00+00:00,99993.61200206135
2025-07-15 02:48:00+00:00,99986.10309682933
2025-07-15 02:49:00+00:00,99985.72031580399
2025-07-15 02:50:00+00:00,99985.28968715048
2025-07-15 02:51:00+00:00,99994.30099045546
2025-07-15 02:52:00+00:00,99989.39660856823
2025-07-15 02:53:00+00:00,99989.97078010626
2025-07-15 02:54:00+00:00,99992.08405035034
2025-07-15 02:55:00+00:00,99990.87988504145
2025-07-15 02:56:00+00:00,99986.11904603873
2025-07-15 02:57:00+00:00,99986.59752232042
2025-07-15 02:58:00+00:00,99980.40125447264
2025-07-15 02:59:00+00:00,99981.46985150174
2025-07-15 03:00:00+00:00,99966.93214714334
2025-07-15 03:01:00+00:00,99967.62593775177
2025-07-15 03:02:00+00:00,99931.69236899757
2025-07-15 03:03:00+00:00,99926.8597585526
2025-07-15 03:04:00+00:00,99923.90915481557
2025-07-15 03:05:00+00:00,99934.12462342945
2025-07-15 03:06:00+00:00,99921.50082419778
2025-07-15 03:07:00+00:00,99926.42912989909
2025-07-15 03:08:00+00:00,99928.90923195913
2025-07-15 03:09:00+00:00,99914.45127364769
2025-07-15 03:10:00+00:00,99917.81655682884
2025-07-15 03:11:00+00:00,99921.93942745599
2025-07-15 03:12:00+00:00,99924.02877388599
2025-07-15 03:13:00+00:00,99916.71606138097
2025-07-15 03:14:00+00:00,99928.42278107276
2025-07-15 03:15:00+00:00,99911.01421902428
2025-07-15 03:16:00+00:00,99907.30602784126
2025-07-15 03:17:00+00:00,99908.45437091729
2025-07-15 03:18:00+00:00,99916.39707719319
2025-07-15 03:19:00+00:00,99897.89599430154
2025-07-15 03:20:00+00:00,99891.74757408195
2025-07-15 03:21:00+00:00,99900.13685822074
2025-07-15 03:22:00+00:00,99914.59481653219
2025-07-15 03:23:00+00:00,99916.71606138097
2025-07-15 03:24:00+00:00,99923.43067853388
2025-07-15 03:25:00+00:00,99924.15636756111
2025-07-15 03:26:00+00:00,99919.40350316308
2025-07-15 03:27:00+00:00,99918.78945860159
2025-07-15 03:28:00+00:00,99919.26793488328
2025-07-15 03:29:00+00:00,99919.58691907105
2025-07-15 03:30:00+00:00,99909.794104506
2025-07-15 03:31:00+00:00,99905.22465601594
2025-07-15 03:32:00+00:00,99908.63778682526
2025-07-15 03:33:00+00:00,99900.60735989772
2025-07-15 03:34:00+00:00,99904.26770345258
2025-07-15 03:35:00+00:00,99900.40002017567
2025-07-15 03:36:00+00:00,99895.28032396169
2025-07-15 03:37:00+00:00,99882.35348975162
2025-07-15 03:38:00+00:00,99897.58498471844
2025-07-15 03:39:00+00:00,99888.0712813177
2025-07-15 03:40:00+00:00,99890.79859612328
2025-07-15 03:41:00+00:00,99882.95955970841
2025-07-15 03:42:00+00:00,99893.43819027721
2025-07-15 03:43:00+00:00,99901.12570920288
2025-07-15 03:44:00+00:00,99903.5101160066
2025-07-15 03:45:00+00:00,99910.49586971913
2025-07-15 03:46:00+00:00,99904.60263684976
2025-07-15 03:47:00+00:00,99919.2200872551
2025-07-15 03:48:00+00:00,99919.43540158185
2025-07-15 03:49:00+00:00,99919.42742697716
2025-07-15 03:50:00+00:00,99912.98394638386
2025-07-15 03:51:00+00:00,99926.29356161927
2025-07-15 03:52:00+00:00,99917.84048064292
2025-07-15 03:53:00+00:00,99911.46079688719
2025-07-15 03:54:00+00:00,99900.93431869021
2025-07-15 03:55:00+00:00,99906.84350076897
2025-07-15 03:56:00+00:00,99905.95831964785
2025-07-15 03:57:00+00:00,99903.24695405166
2025-07-15 03:58:00+00:00,99901.71582995029
2025-07-15 03:59:00+00:00,99894.55463493447
2025-07-15 04:00:00+00:00,99889.1239291374
2025-07-15 04:01:00+00:00,99888.30254485384
2025-07-15 04:02:00+00:00,99890.64707863408
2025-07-15 04:03:00+00:00,99888.25469722568
2025-07-15 04:04:00+00:00,99881.95475951688
2025-07-15 04:05:00+00:00,99874.92115817618
2025-07-15 04:06:00+00:00,99874.41875808041
2025-07-15 04:07:00+00:00,99879.61820034134
2025-07-15 04:08:00+00:00,99873.57344998278
2025-07-15 04:09:00+00:00,99862.0102731755
2025-07-15 04:10:00+00:00,99836.01306187086
2025-07-15 04:11:00+00:00,99859.13941548542
2025-07-15 04:12:00+00:00,99872.4889037443
2025-07-15 04:13:00+00:00,99868.54944902513
2025-07-15 04:14:00+00:00,99881.80324202769
2025-07-15 04:15:00+00:00,99892.55300915611
2025-07-15 04:16:00+00:00,99891.94693919932
2025-07-15 04:17:00+00:00,99891.8113709195
2025-07-15 04:18:00+00:00,99893.11123148474
2025-07-15 04:19:00+00:00,99892.31377101527
2025-07-15 04:20:00+00:00,99897.89599430154
2025-07-15 04:21:00+00:00,99898.13523244238
2025-07-15 04:22:00+00:00,99910.18486013604
2025-07-15 04:23:00+00:00,99908.10348831072
2025-07-15 04:24:00+00:00,99906.189583184
2025-07-15 04:25:00+00:00,99904.37934791831
2025-07-15 04:26:00+00:00,99905.87059899622
2025-07-15 04:27:00+00:00,99904.22783042911
2025-07-15 04:28:00+00:00,99905.83072597274
2025-07-15 04:29:00+00:00,99902.99974130614
2025-07-15 04:30:00+00:00,99898.38244518792
2025-07-15 04:31:00+00:00,99895.82259708093
2025-07-15 04:32:00+00:00,99888.61355443693
2025-07-15 04:33:00+00:00,99881.6278007244
2025-07-15 04:34:00+00:00,99885.60712846705
2025-07-15 04:35:00+00:00,99879.56237810849
2025-07-15 04:36:00+00:00,99898.07941020952
2025-07-15 04:37:00+00:00,99897.55308629967
2025-07-15 04:38:00+00:00,99910.9823206055
2025-07-15 04:39:00+00:00,99911.99509540173
2025-07-15 04:40:00+00:00,99912.69686061486
2025-07-15 04:41:00+00:00,99915.28860714062
2025-07-15 04:42:00+00:00,99916.11796602888
2025-07-15 04:43:00+00:00,99920.00159851518
2025-07-15 04:44:00+00:00,99920.48007479685
2025-07-15 04:45:00+00:00,99919.31578251143
2025-07-15 04:46:00+00:00,99917.03504556876
2025-07-15 04:47:00+00:00,99918.3109823199
2025-07-15 04:48:00+00:00,99918.12756641193
2025-07-15 04:49:00+00:00,99914.88987690589
2025-07-15 04:50:00+00:00,99908.66171063935
2025-07-15 04:51:00+00:00,99912.56926693974
2025-07-15 04:52:00+00:00,99911.18168572287
2025-07-15 04:53:00+00:00,99916.0701184007
2025-07-15 04:54:00+00:00,99917.83250603822
2025-07-15 04:55:00+00:00,99916.31733114625
2025-07-15 04:56:00+00:00,99917.7288361772
2025-07-15 04:57:00+00:00,99918.4545252044
2025-07-15 04:58:00+00:00,99920.37640493583
2025-07-15 04:59:00+00:00,99920.5518462391
2025-07-15 05:00:00+00:00,99921.03829712549
2025-07-15 05:01:00+00:00,99927.72101585963
2025-07-15 05:02:00+00:00,99926.25368859581
2025-07-15 05:03:00+00:00,99931.39730862387
2025-07-15 05:04:00+00:00,99936.1342238125
2025-07-15 05:05:00+00:00,99935.22511887731
2025-07-15 05:06:00+00:00,99936.39738576743
2025-07-15 05:07:00+00:00,99937.4819320059
2025-07-15 05:08:00+00:00,99940.01785629881
2025-07-15 05:09:00+00:00,99938.21559563781
2025-07-15 05:10:00+00:00,99933.34311216937
2025-07-15 05:11:00+00:00,99934.89816008483
2025-07-15 05:12:00+00:00,99935.44840780876
2025-07-15 05:13:00+00:00,99933.94918212616
2025-07-15 05:14:00+00:00,99933.94120752146
2025-07-15 05:15:00+00:00,99930.77528945768
2025-07-15 05:16:00+00:00,99923.42270392919
2025-07-15 05:17:00+00:00,99921.44906102297
2025-07-15 05:18:00+00:00,99922.25189367485
2025-07-15 05:19:00+00:00,99921.55675808602
2025-07-15 05:20:00+00:00,99921.44906102297
2025-07-15 05:21:00+00:00,99918.39438068897
2025-07-15 05:22:00+00:00,99911.26679324298
2025-07-15 05:23:00+00:00,99922.69227265997
2025-07-15 05:24:00+00:00,99920.53819824048
2025-07-15 05:25:00+00:00,99917.94134185697
2025-07-15 05:26:00+00:00,99918.4200250613
2025-07-15 05:27:00+00:00,99911.96976888292
2025-07-15 05:28:00+00:00,99921.95031369326
2025-07-15 05:29:00+00:00,99921.26819012708
2025-07-15 05:30:00+00:00,99914.92563766967
2025-07-15 05:31:00+00:00,99920.04754795604
2025-07-15 05:32:00+00:00,99907.38637720143
2025-07-15 05:33:00+00:00,99902.95855756135
2025-07-15 05:34:00+00:00,99899.70351177188
2025-07-15 05:35:00+00:00,99876.75065212412
2025-07-15 05:36:00+00:00,99858.6137262995
2025-07-15 05:37:00+00:00,99853.61326215022
2025-07-15 05:38:00+00:00,99860.72872521255
2025-07-15 05:39:00+00:00,99856.01473093375
2025-07-15 05:40:00+00:00,99884.58331512904
2025-07-15 05:41:00+00:00,99891.200695777
2025-07-15 05:42:00+00:00,99886.20463043827
2025-07-15 05:43:00+00:00,99884.64251997869
2025-07-15 05:44:00+00:00,99876.97933659208
2025-07-15 05:45:00+00:00,99882.29935428932
2025-07-15 05:46:00+00:00,99889.34358824854
2025-07-15 05:47:00+00:00,99872.26353143109
2025-07-15 05:48:00+00:00,99878.45302570489
2025-07-15 05:49:00+00:00,99885.04041603915
2025-07-15 05:50:00+00:00,99883.56672692634
2025-07-15 05:51:00+00:00,99876.50775607598
2025-07-15 05:52:00+00:00,99875.01933007204
2025-07-15 05:53:00+00:00,99884.92252091011
2025-07-15 05:54:00+00:00,99900.16046633656
2025-07-15 05:55:00+00:00,99899.37941110675
2025-07-15 05:56:00+00:00,99905.1710093201
2025-07-15 05:57:00+00:00,99918.83210739582
2025-07-15 05:58:00+00:00,99910.35767753187
2025-07-15 05:59:00+00:00,99907.1532000009
2025-07-15 06:00:00+00:00,99896.99381938421
2025-07-15 06:01:00+00:00,99884.60317293115
2025-07-15 06:02:00+00:00,99853.27392920996
2025-07-15 06:03:00+00:00,99860.9462125599
2025-07-15 06:04:00+00:00,99854.05836865644
2025-07-15 06:05:00+00:00,99858.96185753056
2025-07-15 06:06:00+00:00,99872.90154162091
2025-07-15 06:07:00+00:00,99872.425952399
2025-07-15 06:08:00+00:00,99878.31341897364
2025-07-15 06:09:00+00:00,99870.11360480284
2025-07-15 06:10:00+00:00,99862.60257502239
2025-07-15 06:11:00+00:00,99865.37411221213
2025-07-15 06:12:00+00:00,99872.0651605755
2025-07-15 06:13:00+00:00,99888.85837999728
2025-07-15 06:14:00+00:00,99884.82407142526
2025-07-15 06:15:00+00:00,99877.65743383998
2025-07-15 06:16:00+00:00,99886.4968335161
2025-07-15 06:17:00+00:00,99872.80314385086
2025-07-15 06:18:00+00:00,99861.88099137536
2025-07-15 06:19:00+00:00,99863.55375346621
2025-07-15 06:20:00+00:00,99863.52095420953
2025-07-15 06:21:00+00:00,99874.70550073849
2025-07-15 06:22:00+00:00,99879.60898961264
2025-07-15 06:23:00+00:00,99889.43236698925
2025-07-15 06:24:00+00:00,99877.34584090149
2025-07-15 06:25:00+00:00,99881.6097442703
2025-07-15 06:26:00+00:00,99887.13641902142
2025-07-15 06:27:00+00:00,99870.47439662636
2025-07-15 06:28:00+00:00,99869.80201186436
2025-07-15 06:29:00+00:00,99870.78598956486
2025-07-15 06:30:00+00:00,99873.45912898453
2025-07-15 06:31:00+00:00,99866.88287801956
2025-07-15 06:32:00+00:00,99862.24178319889
2025-07-15 06:33:00+00:00,99863.29135941275
2025-07-15 06:34:00+00:00,99881.90493758046
2025-07-15 06:35:00+00:00,99872.36035388564
2025-07-15 06:36:00+00:00,99859.91303597437
2025-07-15 06:37:00+00:00,99854.69795416175
2025-07-15 06:38:00+00:00,99837.330747748
2025-07-15 06:39:00+00:00,99841.36505632004
2025-07-15 06:40:00+00:00,99854.69795416175
2025-07-15 06:41:00+00:00,99866.48928693935
2025-07-15 06:42:00+00:00,99875.3778855005
2025-07-15 06:43:00+00:00,99867.58806203824
2025-07-15 06:44:00+00:00,99867.14527207302
2025-07-15 06:45:00+00:00,99865.14451741535
2025-07-15 06:46:00+00:00,99858.19107499851
2025-07-15 06:47:00+00:00,99848.03970505507
2025-07-15 06:48:00+00:00,99852.38560656559
2025-07-15 06:49:00+00:00,99856.60031104938
2025-07-15 06:50:00+00:00,99853.79597460295
2025-07-15 06:51:00+00:00,99853.36958426608
2025-07-15 06:52:00+00:00,99851.41802849343
2025-07-15 06:53:00+00:00,99854.76355267511
2025-07-15 06:54:00+00:00,99848.51529427696
2025-07-15 06:55:00+00:00,99853.04159169925
2025-07-15 06:56:00+00:00,99869.94960851943
2025-07-15 06:57:00+00:00,99877.65743383998
2025-07-15 06:58:00+00:00,99868.94923119059
2025-07-15 06:59:00+00:00,99876.98504907798
2025-07-15 07:00:00+00:00,99874.73829999518
2025-07-15 07:01:00+00:00,99883.80729446808
2025-07-15 07:02:00+00:00,99898.64895811722
2025-07-15 07:03:00+00:00,99906.84877228802
2025-07-15 07:04:00+00:00,99903.27365330956
2025-07-15 07:05:00+00:00,99866.53848582438
2025-07-15 07:06:00+00:00,99853.7303760896
2025-07-15 07:07:00+00:00,99867.2928687281
2025-07-15 07:08:00+00:00,99874.72190036683
2025-07-15 07:09:00+00:00,99880.01898032117
2025-07-15 07:10:00+00:00,99878.34621823032
2025-07-15 07:11:00+00:00,99886.46403425942
2025-07-15 07:12:00+00:00,99882.24932977563
2025-07-15 07:13:00+00:00,99875.90267360743
2025-07-15 07:14:00+00:00,99868.49004159703
2025-07-15 07:15:00+00:00,99869.12962710235
2025-07-15 07:16:00+00:00,99862.24178319889
2025-07-15 07:17:00+00:00,99871.06478324666
2025-07-15 07:18:00+00:00,99871.11398213169
2025-07-15 07:19:00+00:00,99861.2250062417
2025-07-15 07:20:00+00:00,99869.44122004084
2025-07-15 07:21:00+00:00,99870.0972051745
2025-07-15 07:22:00+00:00,99871.96676280544
2025-07-15 07:23:00+00:00,99868.81803416387
2025-07-15 07:24:00+00:00,99873.73792266633
2025-07-15 07:25:00+00:00,99870.94998584827
2025-07-15 07:26:00+00:00,99875.83707509407
2025-07-15 07:27:00+00:00,99873.721523038
2025-07-15 07:28:00+00:00,99874.47590594171
2025-07-15 07:29:00+00:00,99860.2738277979
2025-07-15 07:30:00+00:00,99850.45045042128
2025-07-15 07:31:00+00:00,99844.84177752845
2025-07-15 07:32:00+00:00,99841.26665854998
2025-07-15 07:33:00+00:00,99843.97259722634
2025-07-15 07:34:00+00:00,99844.51378496161
2025-07-15 07:35:00+00:00,99846.49813999096
2025-07-15 07:36:00+00:00,99841.59465111681
2025-07-15 07:37:00+00:00,99840.7582700714
2025-07-15 07:38:00+00:00,99828.13055624836
2025-07-15 07:39:00+00:00,99818.84836660702
2025-07-15 07:40:00+00:00,99815.5684409387
2025-07-15 07:41:00+00:00,99812.66570672224
2025-07-15 07:42:00+00:00,99826.81858598103
2025-07-15 07:43:00+00:00,99818.07758407497
2025-07-15 07:44:00+00:00,99823.35826440096
2025-07-15 07:45:00+00:00,99827.81896330987
2025-07-15 07:46:00+00:00,99822.71867889565
2025-07-15 07:47:00+00:00,99818.30717887175
2025-07-15 07:48:00+00:00,99813.0428981741
2025-07-15 07:49:00+00:00,99793.44534230589
2025-07-15 07:50:00+00:00,99781.39161547481
2025-07-15 07:51:00+00:00,99775.42215075847
2025-07-15 07:52:00+00:00,99795.21650216679
2025-07-15 07:53:00+00:00,99824.57183689823
2025-07-15 07:54:00+00:00,99840.93866598315
2025-07-15 07:55:00+00:00,99832.93564735245
2025-07-15 07:56:00+00:00,99856.64950993439
2025-07-15 07:57:00+00:00,99855.51793557883
2025-07-15 07:58:00+00:00,99847.64611397486
2025-07-15 07:59:00+00:00,99832.39445961718
2025-07-15 08:00:00+00:00,99831.08248934985
2025-07-15 08:01:00+00:00,99827.83536293822
2025-07-15 08:02:00+00:00,99829.40972725902
2025-07-15 08:03:00+00:00,99824.39144098648
2025-07-15 08:04:00+00:00,99813.27249297088
2025-07-15 08:05:00+00:00,99840.18428307943
2025-07-15 08:06:00+00:00,99840.06948568104
2025-07-15 08:07:00+00:00,99840.15148382276
2025-07-15 08:08:00+00:00,99834.36241501817
2025-07-15 08:09:00+00:00,99837.97033325332
2025-07-15 08:10:00+00:00,99839.93828865432
2025-07-15 08:11:00+00:00,99839.61029608749
2025-07-15 08:12:00+00:00,99834.690407585
2025-07-15 08:13:00+00:00,99841.26665854998
2025-07-15 08:14:00+00:00,99831.41048191668
2025-07-15 08:15:00+00:00,99831.62367708512
2025-07-15 08:16:00+00:00,99819.93074207756
2025-07-15 08:17:00+00:00,99808.12300967162
2025-07-15 08:18:00+00:00,99814.35486844143
2025-07-15 08:19:00+00:00,99806.31905055404
2025-07-15 08:20:00+00:00,99778.21008757655
2025-07-15 08:21:00+00:00,99802.8751286023
2025-07-15 08:22:00+00:00,99822.84987592237
2025-07-15 08:23:00+00:00,99834.018022823
2025-07-15 08:24:00+00:00,99828.81934063871
2025-07-15 08:25:00+00:00,99799.595202934
2025-07-15 08:26:00+00:00,99825.85100790889
2025-07-15 08:27:00+00:00,99828.13055624836
2025-07-15 08:28:00+00:00,99838.33112507683
2025-07-15 08:29:00+00:00,99838.93791132547
2025-07-15 08:30:00+00:00,99836.90435741111
2025-07-15 08:31:00+00:00,99827.50737037139
2025-07-15 08:32:00+00:00,99834.13282022139
2025-07-15 08:33:00+00:00,99816.33922347076
2025-07-15 08:34:00+00:00,99832.37805998884
2025-07-15 08:35:00+00:00,99842.23423662214
2025-07-15 08:36:00+00:00,99835.92037971062
2025-07-15 08:37:00+00:00,99836.64196335766
2025-07-15 08:38:00+00:00,99839.56109720246
2025-07-15 08:39:00+00:00,99834.93640201012
2025-07-15 08:40:00+00:00,99828.88493915208
2025-07-15 08:41:00+00:00,99838.2819261918
2025-07-15 08:42:00+00:00,99838.75751541372
2025-07-15 08:43:00+00:00,99835.03479978017
2025-07-15 08:44:00+00:00,99836.78956001272
2025-07-15 08:45:00+00:00,99837.90473473995
2025-07-15 08:46:00+00:00,99834.64120869998
2025-07-15 08:47:00+00:00,99828.09775699169
2025-07-15 08:48:00+00:00,99833.7064298845
2025-07-15 08:49:00+00:00,99835.0020005235
2025-07-15 08:50:00+00:00,99825.83460828054
2025-07-15 08:51:00+00:00,99828.54054695691
2025-07-15 08:52:00+00:00,99835.11679792189
2025-07-15 08:53:00+00:00,99837.90473473995
2025-07-15 08:54:00+00:00,99825.70341125381
2025-07-15 08:55:00+00:00,99823.8830525079
2025-07-15 08:56:00+00:00,99829.55732391408
2025-07-15 08:57:00+00:00,99826.47419378586
2025-07-15 08:58:00+00:00,99826.1298015907
2025-07-15 08:59:00+00:00,99827.90096145158
2025-07-15 09:00:00+00:00,99829.73771982585
2025-07-15 09:01:00+00:00,99835.01840015184
2025-07-15 09:02:00+00:00,99838.60991875864
2025-07-15 09:03:00+00:00,99836.658362986
2025-07-15 09:04:00+00:00,99840.90586672646
2025-07-15 09:05:00+00:00,99851.31963072337
2025-07-15 09:06:00+00:00,99863.57015309455
2025-07-15 09:07:00+00:00,99865.29211407041
2025-07-15 09:08:00+00:00,99868.45724234034
2025-07-15 09:09:00+00:00,99870.57279439642
2025-07-15 09:10:00+00:00,99870.57279439642
2025-07-15 09:11:00+00:00,99879.26459741747
2025-07-15 09:12:00+00:00,99870.43576922023
2025-07-15 09:13:00+00:00,99878.56577016451
2025-07-15 09:14:00+00:00,99885.45289271833
2025-07-15 09:15:00+00:00,99895.39578811698
2025-07-15 09:16:00+00:00,99884.50668894405
2025-07-15 09:17:00+00:00,99888.12087713108
2025-07-15 09:18:00+00:00,99879.2172547304
2025-07-15 09:19:00+00:00,99865.10175580255
2025-07-15 09:20:00+00:00,99864.34169047566
2025-07-15 09:21:00+00:00,99849.745333892
2025-07-15 09:22:00+00:00,99863.25588286582
2025-07-15 09:23:00+00:00,99861.22387148169
2025-07-15 09:24:00+00:00,99856.57041029668
2025-07-15 09:25:00+00:00,99867.44399793234
2025-07-15 09:26:00+00:00,99864.63640968404
2025-07-15 09:27:00+00:00,99867.76974021528
2025-07-15 09:28:00+00:00,99866.1565403378
2025-07-15 09:29:00+00:00,99861.54961376466
2025-07-15 09:30:00+00:00,99860.30869078198
2025-07-15 09:31:00+00:00,99852.84764134868
2025-07-15 09:32:00+00:00,99866.9166056647
2025-07-15 09:33:00+00:00,99866.40472493434
2025-07-15 09:34:00+00:00,99868.39020170661
2025-07-15 09:35:00+00:00,99869.01066319796
2025-07-15 09:36:00+00:00,99870.59284000086
2025-07-15 09:37:00+00:00,99871.22881302948
2025-07-15 09:38:00+00:00,99863.20934825396
2025-07-15 09:39:00+00:00,99867.44399793234
2025-07-15 09:40:00+00:00,99861.0377330343
2025-07-15 09:41:00+00:00,99851.85490296254
2025-07-15 09:42:00+00:00,99849.745333892
2025-07-15 09:43:00+00:00,99851.00176841195
2025-07-15 09:44:00+00:00,99843.43213821767
2025-07-15 09:45:00+00:00,99846.63250281374
2025-07-15 09:46:00+00:00,99851.50452481989
2025-07-15 09:47:00+00:00,99848.50635743148
2025-07-15 09:48:00+00:00,99852.2353281208
2025-07-15 09:49:00+00:00,99855.57078934039
2025-07-15 09:50:00+00:00,99845.86422242047
2025-07-15 09:51:00+00:00,99841.38570988405
2025-07-15 09:52:00+00:00,99853.35964089146
2025-07-15 09:53:00+00:00,99855.94556026394
2025-07-15 09:54:00+00:00,99851.14849244252
2025-07-15 09:55:00+00:00,99842.1727288235
2025-07-15 09:56:00+00:00,99819.63025777202
2025-07-15 09:57:00+00:00,99824.37110995493
2025-07-15 09:58:00+00:00,99825.72028527969
2025-07-15 09:59:00+00:00,99829.39304033047
2025-07-15 10:00:00+00:00,99829.99267380816
2025-07-15 10:01:00+00:00,99832.76597864242
2025-07-15 10:02:00+00:00,99833.14074956597
2025-07-15 10:03:00+00:00,99832.3724691727
2025-07-15 10:04:00+00:00,99836.08270131583
2025-07-15 10:05:00+00:00,99835.57676056903
2025-07-15 10:06:00+00:00,99825.64533109499
2025-07-15 10:07:00+00:00,99833.14074956597
2025-07-15 10:08:00+00:00,99837.73169337945
2025-07-15 10:09:00+00:00,99838.55618941126
2025-07-15 10:10:00+00:00,99839.8491490975
2025-07-15 10:11:00+00:00,99840.26139711341
2025-07-15 10:12:00+00:00,99829.24313196106
2025-07-15 10:13:00+00:00,99831.64166587178
2025-07-15 10:14:00+00:00,99822.29113132923
2025-07-15 10:15:00+00:00,99835.38937510726
2025-07-15 10:16:00+00:00,99834.05893832867
2025-07-15 10:17:00+00:00,99838.40628104184
2025-07-15 10:18:00+00:00,99841.9291277232
2025-07-15 10:19:00+00:00,99841.7604808076
2025-07-15 10:20:00+00:00,99846.63250281374
2025-07-15 10:21:00+00:00,99850.38021204923
2025-07-15 10:22:00+00:00,99853.17225542967
2025-07-15 10:23:00+00:00,99860.81758227009
2025-07-15 10:24:00+00:00,99868.44417056431
2025-07-15 10:25:00+00:00,99879.31252734724
2025-07-15 10:26:00+00:00,99880.23240563762
2025-07-15 10:27:00+00:00,99881.11604694599
2025-07-15 10:28:00+00:00,99871.96958428051
2025-07-15 10:29:00+00:00,99871.96958428051
2025-07-15 10:30:00+00:00,99868.04745706973
2025-07-15 10:31:00+00:00,99860.8543067701
2025-07-15 10:32:00+00:00,99871.65953469863
2025-07-15 10:33:00+00:00,99871.34948511675
2025-07-15 10:34:00+00:00,99876.31027842684
2025-07-15 10:35:00+00:00,99871.96958428051
2025-07-15 10:36:00+00:00,99873.2717925244
2025-07-15 10:37:00+00:00,99871.96958428051
2025-07-15 10:38:00+00:00,99871.96958428051
2025-07-15 10:39:00+00:00,99871.41149503313
2025-07-15 10:40:00+00:00,99873.67485698086
2025-07-15 10:41:00+00:00,99873.53533466901
2025-07-15 10:42:00+00:00,99889.93695755048
2025-07-15 10:43:00+00:00,99894.26214921771
2025-07-15 10:44:00+00:00,99895.30081531702
2025-07-15 10:45:00+00:00,99895.51785002433
2025-07-15 10:46:00+00:00,99895.11478556789
2025-07-15 10:47:00+00:00,99897.54867478565
2025-07-15 10:48:00+00:00,99889.54939557314
2025-07-15 10:49:00+00:00,99887.47206337453
2025-07-15 10:50:00+00:00,99886.5264121498
2025-07-15 10:51:00+00:00,99887.17751627175
2025-07-15 10:52:00+00:00,99884.12352789023
2025-07-15 10:53:00+00:00,99886.83646173168
2025-07-15 10:54:00+00:00,99881.28657421602
2025-07-15 10:55:00+00:00,99875.69017926308
2025-07-15 10:56:00+00:00,99871.95408180142
2025-07-15 10:57:00+00:00,99871.95408180142
2025-07-15 10:58:00+00:00,99873.72136441813
2025-07-15 10:59:00+00:00,99874.03141400003
2025-07-15 11:00:00+00:00,99875.67467678398
2025-07-15 11:01:00+00:00,99876.3722883432
2025-07-15 11:02:00+00:00,99880.23240563762
2025-07-15 11:03:00+00:00,99874.29495614461
2025-07-15 11:04:00+00:00,99883.58094112194
2025-07-15 11:05:00+00:00,99878.03105360628
2025-07-15 11:06:00+00:00,99878.03105360628
2025-07-15 11:07:00+00:00,99878.79067508188
2025-07-15 11:08:00+00:00,99871.96958428051
2025-07-15 11:09:00+00:00,99861.6294307248
2025-07-15 11:10:00+00:00,99853.0720622649
2025-07-15 11:11:00+00:00,99853.0565597858
2025-07-15 11:12:00+00:00,99841.16829518575
2025-07-15 11:13:00+00:00,99841.03718653011
2025-07-15 11:14:00+00:00,99834.7065114432
2025-07-15 11:15:00+00:00,99824.68606419026
2025-07-15 11:16:00+00:00,99792.00254931852
2025-07-15 11:17:00+00:00,99773.07808733603
2025-07-15 11:18:00+00:00,99788.1090696264
2025-07-15 11:19:00+00:00,99786.04385252007
2025-07-15 11:20:00+00:00,99764.22834848291
2025-07-15 11:21:00+00:00,99757.61681011315
2025-07-15 11:22:00+00:00,99743.13316769226
2025-07-15 11:23:00+00:00,99744.8310724876
2025-07-15 11:24:00+00:00,99762.0931045736
2025-07-15 11:25:00+00:00,99752.31728908526
2025-07-15 11:26:00+00:00,99746.70905809457
2025-07-15 11:27:00+00:00,99738.45106658994
2025-07-15 11:28:00+00:00,99770.24819275731
2025-07-15 11:29:00+00:00,99766.95528648756
2025-07-15 11:30:00+00:00,99778.66053924334
2025-07-15 11:31:00+00:00,99778.22320012939
2025-07-15 11:32:00+00:00,99769.34778869917
2025-07-15 11:33:00+00:00,99789.6197429224
2025-07-15 11:34:00+00:00,99769.34778869917
2025-07-15 11:35:00+00:00,99770.37682190847
2025-07-15 11:36:00+00:00,99778.09457097822
2025-07-15 11:37:00+00:00,99790.90603443401
2025-07-15 11:38:00+00:00,99805.36395102469
2025-07-15 11:39:00+00:00,99806.39298423399
2025-07-15 11:40:00+00:00,99794.55910232702
2025-07-15 11:41:00+00:00,99802.43120637818
2025-07-15 11:42:00+00:00,99818.3554952921
2025-07-15 11:43:00+00:00,99819.02436687815
2025-07-15 11:44:00+00:00,99820.74537830867
2025-07-15 11:45:00+00:00,99821.82930055783
2025-07-15 11:46:00+00:00,99819.2632805394
2025-07-15 11:47:00+00:00,99822.78049763363
2025-07-15 11:48:00+00:00,99824.63865006078
2025-07-15 11:49:00+00:00,99831.2085461425
2025-07-15 11:50:00+00:00,99836.07513583265
2025-07-15 11:51:00+00:00,99843.99440451027
2025-07-15 11:52:00+00:00,99870.05278021483
2025-07-15 11:53:00+00:00,99880.0243320658
2025-07-15 11:54:00+00:00,99882.9602109446
2025-07-15 11:55:00+00:00,99888.08397408338
2025-07-15 11:56:00+00:00,99904.44609212244
2025-07-15 11:57:00+00:00,99907.32230576246
2025-07-15 11:58:00+00:00,99910.44593562957
2025-07-15 11:59:00+00:00,99903.99765021082
2025-07-15 12:00:00+00:00,99917.11071024704
2025-07-15 12:01:00+00:00,99911.86857893539
2025-07-15 12:02:00+00:00,99919.97278712904
2025-07-15 12:03:00+00:00,99916.42320788343
2025-07-15 12:04:00+00:00,99916.39838565094
2025-07-15 12:05:00+00:00,99913.23355100889
2025-07-15 12:06:00+00:00,99910.82579445766
2025-07-15 12:07:00+00:00,99903.15572461925
2025-07-15 12:08:00+00:00,99894.84027673618
2025-07-15 12:09:00+00:00,99894.57387926213
2025-07-15 12:10:00+00:00,99896.33895379765
2025-07-15 12:11:00+00:00,99906.18544397512
2025-07-15 12:12:00+00:00,99900.97774472571
2025-07-15 12:13:00+00:00,99903.85146111823
2025-07-15 12:14:00+00:00,99902.40730922554
2025-07-15 12:15:00+00:00,99908.84034947483
2025-07-15 12:16:00+00:00,99900.72975904716
2025-07-15 12:17:00+00:00,99895.11361279778
2025-07-15 12:18:00+00:00,99884.04178162044
2025-07-15 12:19:00+00:00,99887.46981894149
2025-07-15 12:20:00+00:00,99883.76462115618
2025-07-15 12:21:00+00:00,99886.94467279868
2025-07-15 12:22:00+00:00,99885.79226876309
2025-07-15 12:23:00+00:00,99882.01413401352
2025-07-15 12:24:00+00:00,99885.25253522744
2025-07-15 12:25:00+00:00,99886.2882401202
2025-07-15 12:26:00+00:00,99881.44522569215
2025-07-15 12:27:00+00:00,99880.00107379945
2025-07-15 12:28:00+00:00,99880.94925433506
2025-07-15 12:29:00+00:00,99878.49857233533
2025-07-15 12:30:00+00:00,99933.11377118643
2025-07-15 12:31:00+00:00,99940.538798068
2025-07-15 12:32:00+00:00,99937.77000799029
2025-07-15 12:33:00+00:00,99937.39740151512
2025-07-15 12:34:00+00:00,99943.25512191556
2025-07-15 12:35:00+00:00,99943.06448604453
2025-07-15 12:36:00+00:00,99942.8045280386
2025-07-15 12:37:00+00:00,99925.9592492539
2025-07-15 12:38:00+00:00,99900.01122852933
2025-07-15 12:39:00+00:00,99888.90667728745
2025-07-15 12:40:00+00:00,99877.02952595415
2025-07-15 12:41:00+00:00,99876.24592832713
2025-07-15 12:42:00+00:00,99858.43689134973
2025-07-15 12:43:00+00:00,99840.2538645958
2025-07-15 12:44:00+00:00,99812.8474926076
2025-07-15 12:45:00+00:00,99843.78968160068
2025-07-15 12:46:00+00:00,99877.59235334037
2025-07-15 12:47:00+00:00,99876.5109786119
2025-07-15 12:48:00+00:00,99892.26512416593
2025-07-15 12:49:00+00:00,99892.36875217325
2025-07-15 12:50:00+00:00,99902.36204982428
2025-07-15 12:51:00+00:00,99926.70515388882
2025-07-15 12:52:00+00:00,99934.67880037916
2025-07-15 12:53:00+00:00,99933.60253950817
2025-07-15 12:54:00+00:00,99939.59469462783
2025-07-15 12:55:00+00:00,99940.51097077476
2025-07-15 12:56:00+00:00,99944.46695667901
2025-07-15 12:57:00+00:00,99941.98069654759
2025-07-15 12:58:00+00:00,99945.49684216865
2025-07-15 12:59:00+00:00,99944.11796153293
2025-07-15 13:00:00+00:00,99942.56672081776
2025-07-15 13:01:00+00:00,99946.81826944453
2025-07-15 13:02:00+00:00,99947.38131237077
2025-07-15 13:03:00+00:00,99953.5403125436
2025-07-15 13:04:00+00:00,99959.46949927713
2025-07-15 13:05:00+00:00,99973.17787093043
2025-07-15 13:06:00+00:00,99998.44945156189
2025-07-15 13:07:00+00:00,100010.39953777385
2025-07-15 13:08:00+00:00,100010.87627713433
2025-07-15 13:09:00+00:00,100010.40384648796
2025-07-15 13:10:00+00:00,100007.51864504047
2025-07-15 13:11:00+00:00,100015.77774509044
2025-07-15 13:12:00+00:00,100029.95066448158
2025-07-15 13:13:00+00:00,100021.96521295769
2025-07-15 13:14:00+00:00,100029.31916888549
2025-07-15 13:15:00+00:00,100030.72219390016
2025-07-15 13:16:00+00:00,100025.17611854801
2025-07-15 13:17:00+00:00,100023.01380940774
2025-07-15 13:18:00+00:00,100010.17200397926
2025-07-15 13:19:00+00:00,100006.5323920294
2025-07-15 13:20:00+00:00,100006.32649885242
2025-07-15 13:21:00+00:00,100005.26917038225
2025-07-15 13:22:00+00:00,99997.45551298767
2025-07-15 13:23:00+00:00,99990.35026566811
2025-07-15 13:24:00+00:00,99984.69355835268
2025-07-15 13:25:00+00:00,99996.1221993372
2025-07-15 13:26:00+00:00,100007.54082330342
2025-07-15 13:27:00+00:00,100001.03233948787
2025-07-15 13:28:00+00:00,100001.22158391574
2025-07-15 13:29:00+00:00,99999.4868433269
2025-07-15 13:30:00+00:00,100001.05599504134
2025-07-15 13:31:00+00:00,100000.59076915616
2025-07-15 13:32:00+00:00,99989.0705146094
2025-07-15 13:33:00+00:00,100023.41181769472
2025-07-15 13:34:00+00:00,100035.14553319526
2025-07-15 13:35:00+00:00,100033.86307568489
2025-07-15 13:36:00+00:00,100034.3308903742
2025-07-15 13:37:00+00:00,100035.88758408176
2025-07-15 13:38:00+00:00,100025.78923940887
2025-07-15 13:39:00+00:00,100004.65692068441
2025-07-15 13:40:00+00:00,100023.6889790435
2025-07-15 13:41:00+00:00,100030.15567193332
2025-07-15 13:42:00+00:00,100042.10776801514
2025-07-15 13:43:00+00:00,100058.85050194849
2025-07-15 13:44:00+00:00,100054.29783693951
2025-07-15 13:45:00+00:00,100051.97898038046
2025-07-15 13:46:00+00:00,100046.97426055178
2025-07-15 13:47:00+00:00,100042.62111693513
2025-07-15 13:48:00+00:00,100065.40712601523
2025-07-15 13:49:00+00:00,100059.64352935264
2025-07-15 13:50:00+00:00,100065.09721960309
2025-07-15 13:51:00+00:00,100057.56759167359
2025-07-15 13:52:00+00:00,100049.55620547527
2025-07-15 13:53:00+00:00,100049.2386079551
2025-07-15 13:54:00+00:00,100051.02207611091
2025-07-15 13:55:00+00:00,100072.41231733847
2025-07-15 13:56:00+00:00,100065.01021467677
2025-07-15 13:57:00+00:00,100067.60477900915
2025-07-15 13:58:00+00:00,100060.81692501929
2025-07-15 13:59:00+00:00,100056.67208158376
2025-07-15 14:00:00+00:00,100055.4393943802
2025-07-15 14:01:00+00:00,100063.51376470915
2025-07-15 14:02:00+00:00,100062.22186545652
2025-07-15 14:03:00+00:00,100057.1673096306
2025-07-15 14:04:00+00:00,100054.04521977008
2025-07-15 14:05:00+00:00,100057.80787634336
2025-07-15 14:06:00+00:00,100065.78535422836
2025-07-15 14:07:00+00:00,100070.29085287191
2025-07-15 14:08:00+00:00,100071.59131844869
2025-07-15 14:09:00+00:00,100071.31743158921
2025-07-15 14:10:00+00:00,100066.51756437679
2025-07-15 14:11:00+00:00,100069.55428493129
2025-07-15 14:12:00+00:00,100072.30684786908
2025-07-15 14:13:00+00:00,100073.32022924916
2025-07-15 14:14:00+00:00,100071.68375526376
2025-07-15 14:15:00+00:00,100071.86178172243
2025-07-15 14:16:00+00:00,100069.72546421847
2025-07-15 14:17:00+00:00,100060.52971291138
2025-07-15 14:18:00+00:00,100049.9670507366
2025-07-15 14:19:00+00:00,100049.46108771634
2025-07-15 14:20:00+00:00,100050.43180336754
2025-07-15 14:21:00+00:00,100043.29064714276
2025-07-15 14:22:00+00:00,100041.72546221678
2025-07-15 14:23:00+00:00,100044.1936384462
2025-07-15 14:24:00+00:00,100035.92374309212
2025-07-15 14:25:00+00:00,100029.49288900068
2025-07-15 14:26:00+00:00,100024.00852750194
2025-07-15 14:27:00+00:00,100023.50636872915
2025-07-15 14:28:00+00:00,100021.3795786327
2025-07-15 14:29:00+00:00,100015.82629338083
2025-07-15 14:30:00+00:00,100022.27129326918
2025-07-15 14:31:00+00:00,99981.01622809199
2025-07-15 14:32:00+00:00,99999.59809817711
2025-07-15 14:33:00+00:00,99981.08077056482
2025-07-15 14:34:00+00:00,99979.6378619197
2025-07-15 14:35:00+00:00,99958.40005029945
2025-07-15 14:36:00+00:00,99956.74368832893
2025-07-15 14:37:00+00:00,99935.20024805116
2025-07-15 14:38:00+00:00,99932.40173944375
2025-07-15 14:39:00+00:00,99933.05078575222
2025-07-15 14:40:00+00:00,99929.8055542099
2025-07-15 14:41:00+00:00,99927.14655804298
2025-07-15 14:42:00+00:00,99881.21082898608
2025-07-15 14:43:00+00:00,99869.39699170591
2025-07-15 14:44:00+00:00,99921.55981468681
2025-07-15 14:45:00+00:00,99888.21813070643
2025-07-15 14:46:00+00:00,99898.96961575808
2025-07-15 14:47:00+00:00,99866.01450202675
2025-07-15 14:48:00+00:00,99889.32952017244
2025-07-15 14:49:00+00:00,99896.91596131
2025-07-15 14:50:00+00:00,99876.065328502
2025-07-15 14:51:00+00:00,99810.1067797582
2025-07-15 14:52:00+00:00,99739.3234028339
2025-07-15 14:53:00+00:00,99744.70226149342
2025-07-15 14:54:00+00:00,99681.19102061325
2025-07-15 14:55:00+00:00,99655.07754745355
2025-07-15 14:56:00+00:00,99564.3923985775
2025-07-15 14:57:00+00:00,99671.51715439794
2025-07-15 14:58:00+00:00,99667.44066649709
2025-07-15 14:59:00+00:00,99650.93423188222
2025-07-15 15:00:00+00:00,99625.47288941959
2025-07-15 15:01:00+00:00,99582.8034218018
2025-07-15 15:02:00+00:00,99642.34687622225
2025-07-15 15:03:00+00:00,99692.40080143092
2025-07-15 15:04:00+00:00,99683.0115137249
2025-07-15 15:05:00+00:00,99685.55096520411
2025-07-15 15:06:00+00:00,99715.08879556756
2025-07-15 15:07:00+00:00,99729.79088307878
2025-07-15 15:08:00+00:00,99738.61428171964
2025-07-15 15:09:00+00:00,99701.13814562187
2025-07-15 15:10:00+00:00,99712.11897733001
2025-07-15 15:11:00+00:00,99712.6783226449
2025-07-15 15:12:00+00:00,99702.69842465814
2025-07-15 15:13:00+00:00,99703.93487219632
2025-07-15 15:14:00+00:00,99703.93487219632
2025-07-15 15:15:00+00:00,99747.41661062241
2025-07-15 15:16:00+00:00,99749.18296424838
2025-07-15 15:17:00+00:00,99765.72780987836
2025-07-15 15:18:00+00:00,99760.95865508822
2025-07-15 15:19:00+00:00,99748.59417970639
2025-07-15 15:20:00+00:00,99710.91196901893
2025-07-15 15:21:00+00:00,99727.1035439237
2025-07-15 15:22:00+00:00,99720.77411009729
2025-07-15 15:23:00+00:00,99660.98303985802
2025-07-15 15:24:00+00:00,99642.642401375
2025-07-15 15:25:00+00:00,99659.71715309274
2025-07-15 15:26:00+00:00,99669.6676118524
2025-07-15 15:27:00+00:00,99673.93629978184
2025-07-15 15:28:00+00:00,99667.37135213864
2025-07-15 15:29:00+00:00,99731.78438103253
2025-07-15 15:30:00+00:00,99752.00913004995
2025-07-15 15:31:00+00:00,99715.59280612777
2025-07-15 15:32:00+00:00,99711.79514583191
2025-07-15 15:33:00+00:00,99712.85495800749
2025-07-15 15:34:00+00:00,99735.11101369478
2025-07-15 15:35:00+00:00,99729.78251358977
2025-07-15 15:36:00+00:00,99736.84792809366
2025-07-15 15:37:00+00:00,99752.53903613774
2025-07-15 15:38:00+00:00,99782.86144005031
2025-07-15 15:39:00+00:00,99776.7969592678
2025-07-15 15:40:00+00:00,99761.31192581341
2025-07-15 15:41:00+00:00,99764.52080156727
2025-07-15 15:42:00+00:00,99776.11985704451
2025-07-15 15:43:00+00:00,99798.46423041308
2025-07-15 15:44:00+00:00,99734.4339114715
2025-07-15 15:45:00+00:00,99763.1665971207
2025-07-15 15:46:00+00:00,99777.3268653556
2025-07-15 15:47:00+00:00,99832.64317307572
2025-07-15 15:48:00+00:00,99862.81838085278
2025-07-15 15:49:00+00:00,99827.66794369588
2025-07-15 15:50:00+00:00,99807.38431622427
2025-07-15 15:51:00+00:00,99821.86841595726
2025-07-15 15:52:00+00:00,99852.30857677825
2025-07-15 15:53:00+00:00,99825.34224475501
2025-07-15 15:54:00+00:00,99827.8151398314
2025-07-15 15:55:00+00:00,99824.54738562333
2025-07-15 15:56:00+00:00,99816.92262580454
2025-07-15 15:57:00+00:00,99787.21844566104
2025-07-15 15:58:00+00:00,99776.5320062239
2025-07-15 15:59:00+00:00,99772.64602824676
2025-07-15 16:00:00+00:00,99778.91658361896
2025-07-15 16:01:00+00:00,99769.4960309471
2025-07-15 16:02:00+00:00,99775.08948409602
2025-07-15 16:03:00+00:00,99815.89225285605
2025-07-15 16:04:00+00:00,99858.84408519435
2025-07-15 16:05:00+00:00,99871.00248598648
2025-07-15 16:06:00+00:00,99893.75900853446
2025-07-15 16:07:00+00:00,99915.99030458574
2025-07-15 16:08:00+00:00,99908.18507909661
2025-07-15 16:09:00+00:00,99962.11918722643
2025-07-15 16:10:00+00:00,99942.89015296246
2025-07-15 16:11:00+00:00,99980.83941434463
2025-07-15 16:12:00+00:00,99974.52972322647
2025-07-15 16:13:00+00:00,99975.6686566413
2025-07-15 16:14:00+00:00,99924.02941561285
2025-07-15 16:15:00+00:00,99920.88595938792
2025-07-15 16:16:00+00:00,99878.65430836598
2025-07-15 16:17:00+00:00,99892.29873067565
2025-07-15 16:18:00+00:00,99876.14865485334
2025-07-15 16:19:00+00:00,99887.53798900166
2025-07-15 16:20:00+00:00,99917.03636444578
2025-07-15 16:21:00+00:00,99919.47368195353
2025-07-15 16:22:00+00:00,99945.80582250442
2025-07-15 16:23:00+00:00,99946.694190568
2025-07-15 16:24:00+00:00,99922.02489280274
2025-07-15 16:25:00+00:00,99923.96107960797
2025-07-15 16:26:00+00:00,99909.61051858109
2025-07-15 16:27:00+00:00,99943.77852102602
2025-07-15 16:28:00+00:00,99930.29354939442
2025-07-15 16:29:00+00:00,99919.88369798286
2025-07-15 16:30:00+00:00,99973.1661860798
2025-07-15 16:31:00+00:00,99993.55238368054
2025-07-15 16:32:00+00:00,100006.09522820853
2025-07-15 16:33:00+00:00,100011.41047758839
2025-07-15 16:34:00+00:00,99975.56072949039
2025-07-15 16:35:00+00:00,100008.88321075118
2025-07-15 16:36:00+00:00,99992.95206942932
2025-07-15 16:37:00+00:00,99992.97078992441
2025-07-15 16:38:00+00:00,100013.73181897958
2025-07-15 16:39:00+00:00,100017.10150809585
2025-07-15 16:40:00+00:00,100040.07155557169
2025-07-15 16:41:00+00:00,100055.44233722184
2025-07-15 16:42:00+00:00,100057.9939551785
2025-07-15 16:43:00+00:00,100060.80106583034
2025-07-15 16:44:00+00:00,100071.84225368031
2025-07-15 16:45:00+00:00,100064.6174478047
2025-07-15 16:46:00+00:00,100060.80106583034
2025-07-15 16:47:00+00:00,100063.5646527773
2025-07-15 16:48:00+00:00,100047.2331699146
2025-07-15 16:49:00+00:00,100039.10032832786
2025-07-15 16:50:00+00:00,100043.17488641018
2025-07-15 16:51:00+00:00,100048.29221110335
2025-07-15 16:52:00+00:00,100051.1598141048
2025-07-15 16:53:00+00:00,100050.8271087842
2025-07-15 16:54:00+00:00,100031.65694507289
2025-07-15 16:55:00+00:00,100027.99718654618
2025-07-15 16:56:00+00:00,100023.54527249422
2025-07-15 16:57:00+00:00,100003.04212591474
2025-07-15 16:58:00+00:00,99986.95384854697
2025-07-15 16:59:00+00:00,100000.21732372575
2025-07-15 17:00:00+00:00,100018.19503831927
2025-07-15 17:01:00+00:00,100022.1235711649
2025-07-15 17:02:00+00:00,100026.05210401052
2025-07-15 17:03:00+00:00,100023.05893612815
2025-07-15 17:04:00+00:00,100012.02162956187
2025-07-15 17:05:00+00:00,100022.3854733546
2025-07-15 17:06:00+00:00,100014.30392007218
2025-07-15 17:07:00+00:00,100001.3584689809
2025-07-15 17:08:00+00:00,100008.09309671626
2025-07-15 17:09:00+00:00,100004.35163686328
2025-07-15 17:10:00+00:00,99999.78705584267
2025-07-15 17:11:00+00:00,100000.79725000297
2025-07-15 17:12:00+00:00,100018.75625729722
2025-07-15 17:13:00+00:00,100016.23077189647
2025-07-15 17:14:00+00:00,100013.2376040141
2025-07-15 17:15:00+00:00,100006.40943978242
2025-07-15 17:16:00+00:00,100012.58284853982
2025-07-15 17:17:00+00:00,100010.63728941628
2025-07-15 17:18:00+00:00,100033.8904624025
2025-07-15 17:19:00+00:00,100026.5946156892
2025-07-15 17:20:00+00:00,100005.38053832285
2025-07-15 17:21:00+00:00,100006.83970766551
2025-07-15 17:22:00+00:00,100031.98231787748
2025-07-15 17:23:00+00:00,100046.01279232613
2025-07-15 17:24:00+00:00,100046.47069644685
2025-07-15 17:25:00+00:00,100043.28782278423
2025-07-15 17:26:00+00:00,100032.45655121589
2025-07-15 17:27:00+00:00,100043.6203618236
2025-07-15 17:28:00+00:00,100046.62904837036
2025-07-15 17:29:00+00:00,100055.670943203
2025-07-15 17:30:00+00:00,100031.06305428897
2025-07-15 17:31:00+00:00,100026.2016502371
2025-07-15 17:32:00+00:00,100022.40120407277
2025-07-15 17:33:00+00:00,100016.2413142481
2025-07-15 17:34:00+00:00,100009.57469826816
2025-07-15 17:35:00+00:00,100011.23703081915
2025-07-15 17:36:00+00:00,100040.74402967813
2025-07-15 17:37:00+00:00,100049.53255278568
2025-07-15 17:38:00+00:00,100040.44450758246
2025-07-15 17:39:00+00:00,100035.39576559921
2025-07-15 17:40:00+00:00,100035.44324593135
2025-07-15 17:41:00+00:00,100030.93261437892
2025-07-15 17:42:00+00:00,100032.76852055464
2025-07-15 17:43:00+00:00,100041.36246067032
2025-07-15 17:44:00+00:00,100056.33459206892
2025-07-15 17:45:00+00:00,100050.14632211454
2025-07-15 17:46:00+00:00,100053.84978802074
2025-07-15 17:47:00+00:00,100054.45120556105
2025-07-15 17:48:00+00:00,100066.33711537115
2025-07-15 17:49:00+00:00,100040.28623980869
2025-07-15 17:50:00+00:00,100042.56529575097
2025-07-15 17:51:00+00:00,100043.59403628047
2025-07-15 17:52:00+00:00,100042.29624053556
2025-07-15 17:53:00+00:00,100057.30002548892
2025-07-15 17:54:00+00:00,100058.24963213153
2025-07-15 17:55:00+00:00,100040.76104313
2025-07-15 17:56:00+00:00,100043.48324883883
2025-07-15 17:57:00+00:00,100041.63151588573
2025-07-15 17:58:00+00:00,100045.90474577752
2025-07-15 17:59:00+00:00,100040.65025568836
2025-07-15 18:00:00+00:00,100030.99592148843
2025-07-15 18:01:00+00:00,100028.16292833796
2025-07-15 18:02:00+00:00,100026.72269159665
2025-07-15 18:03:00+00:00,100028.32119611172
2025-07-15 18:04:00+00:00,100022.56024914651
2025-07-15 18:05:00+00:00,100016.48276663377
2025-07-15 18:06:00+00:00,100013.95197959003
2025-07-15 18:07:00+00:00,100003.57859930002
2025-07-15 18:08:00+00:00,100004.3823026378
2025-07-15 18:09:00+00:00,100000.36378594887
2025-07-15 18:10:00+00:00,99999.37317485812
2025-07-15 18:11:00+00:00,100002.12071882683
2025-07-15 18:12:00+00:00,99998.53208996974
2025-07-15 18:13:00+00:00,99992.5510418746
2025-07-15 18:14:00+00:00,99993.1678374594
2025-07-15 18:15:00+00:00,100002.34500813039
2025-07-15 18:16:00+00:00,99994.00892234778
2025-07-15 18:17:00+00:00,99989.59789937762
2025-07-15 18:18:00+00:00,99993.9528500219
2025-07-15 18:19:00+00:00,99989.89695178237
2025-07-15 18:20:00+00:00,99990.94363519903
2025-07-15 18:21:00+00:00,100020.10124466284
2025-07-15 18:22:00+00:00,100018.79289039203
2025-07-15 18:23:00+00:00,100000.10211509472
2025-07-15 18:24:00+00:00,99987.14940781367
2025-07-15 18:25:00+00:00,99981.94132613462
2025-07-15 18:26:00+00:00,99953.94602139726
2025-07-15 18:27:00+00:00,99934.1449945217
2025-07-15 18:28:00+00:00,99942.99101721437
2025-07-15 18:29:00+00:00,99925.61872301353
2025-07-15 18:30:00+00:00,99909.99364230988
2025-07-15 18:31:00+00:00,99860.54750033878
2025-07-15 18:32:00+00:00,99909.20703405599
2025-07-15 18:33:00+00:00,99879.05595894215
2025-07-15 18:34:00+00:00,99870.74526749496
2025-07-15 18:35:00+00:00,99834.58099583912
2025-07-15 18:36:00+00:00,99749.00435991288
2025-07-15 18:37:00+00:00,99742.50980010474
2025-07-15 18:38:00+00:00,99779.76287737655
2025-07-15 18:39:00+00:00,99775.6781390252
2025-07-15 18:40:00+00:00,99782.80486990797
2025-07-15 18:41:00+00:00,99725.43185354405
2025-07-15 18:42:00+00:00,99774.38324500054
2025-07-15 18:43:00+00:00,99851.4668892312
2025-07-15 18:44:00+00:00,99804.15332747054
2025-07-15 18:45:00+00:00,99859.42498425963
2025-07-15 18:46:00+00:00,99871.7331633872
2025-07-15 18:47:00+00:00,99869.63488752762
2025-07-15 18:48:00+00:00,99880.97069491538
2025-07-15 18:49:00+00:00,99865.56627945842
2025-07-15 18:50:00+00:00,99899.34340305175
2025-07-15 18:51:00+00:00,99882.96661585498
2025-07-15 18:52:00+00:00,99909.06712044982
2025-07-15 18:53:00+00:00,99914.18486644882
2025-07-15 18:54:00+00:00,99925.9556822465
2025-07-15 18:55:00+00:00,99928.00278064609
2025-07-15 18:56:00+00:00,99920.8379362475
2025-07-15 18:57:00+00:00,99916.76932817831
2025-07-15 18:58:00+00:00,99909.34859647977
2025-07-15 18:59:00+00:00,99893.45799515292
2025-07-15 19:00:00+00:00,99905.91970666044
2025-07-15 19:01:00+00:00,99914.67105231872
2025-07-15 19:02:00+00:00,99960.78194376962
2025-07-15 19:03:00+00:00,99952.90061493118
2025-07-15 19:04:00+00:00,99938.34062756404
2025-07-15 19:05:00+00:00,99933.91377727492
2025-07-15 19:06:00+00:00,99953.82180921099
2025-07-15 19:07:00+00:00,99965.97645595859
2025-07-15 19:08:00+00:00,99984.88652742485
2025-07-15 19:09:00+00:00,99960.75635503963
2025-07-15 19:10:00+00:00,99987.36863423437
2025-07-15 19:11:00+00:00,99992.46079150336
2025-07-15 19:12:00+00:00,99986.31949630457
2025-07-15 19:13:00+00:00,99983.30002616518
2025-07-15 19:14:00+00:00,99982.27647696537
2025-07-15 19:15:00+00:00,99949.88114479177
2025-07-15 19:16:00+00:00,99947.32227179228
2025-07-15 19:17:00+00:00,99934.16966457487
2025-07-15 19:18:00+00:00,99957.68570744022
2025-07-15 19:19:00+00:00,99980.28055602577
2025-07-15 19:20:00+00:00,99990.87429024366
2025-07-15 19:21:00+00:00,99959.75839456983
2025-07-15 19:22:00+00:00,99981.45763760553
2025-07-15 19:23:00+00:00,99957.63452998023
2025-07-15 19:24:00+00:00,99964.85055183881
2025-07-15 19:25:00+00:00,99961.88225915939
2025-07-15 19:26:00+00:00,99929.30780587584
2025-07-15 19:27:00+00:00,99916.74373944831
2025-07-15 19:28:00+00:00,99924.54830209677
2025-07-15 19:29:00+00:00,99925.9556822465
2025-07-15 19:30:00+00:00,99941.1042104035
2025-07-15 19:31:00+00:00,99932.96699426511
2025-07-15 19:32:00+00:00,99897.32189338215
2025-07-15 19:33:00+00:00,99910.88392027948
2025-07-15 19:34:00+00:00,99874.93175463656
2025-07-15 19:35:00+00:00,99887.75170836403
2025-07-15 19:36:00+00:00,99880.91951745539
2025-07-15 19:37:00+00:00,99876.33913478629
2025-07-15 19:38:00+00:00,99861.47208265922
2025-07-15 19:39:00+00:00,99868.63692705781
2025-07-15 19:40:00+00:00,99890.72000104345
2025-07-15 19:41:00+00:00,99861.52326011921
2025-07-15 19:42:00+00:00,99850.59687241138
2025-07-15 19:43:00+00:00,99838.95400026368
2025-07-15 19:44:00+00:00,99836.57424837415
2025-07-15 19:45:00+00:00,99811.36934932912
2025-07-15 19:46:00+00:00,99805.15128794035
2025-07-15 19:47:00+00:00,99796.758184502
2025-07-15 19:48:00+00:00,99787.29035440387
2025-07-15 19:49:00+00:00,99814.36323073853
2025-07-15 19:50:00+00:00,99816.4615065981
2025-07-15 19:51:00+00:00,99801.08267987115
2025-07-15 19:52:00+00:00,99823.6007622667
2025-07-15 19:53:00+00:00,99823.88223829665
2025-07-15 19:54:00+00:00,99828.6929195357
2025-07-15 19:55:00+00:00,99847.60299100197
2025-07-15 19:56:00+00:00,99856.35433666024
2025-07-15 19:57:00+00:00,99842.02464786306
2025-07-15 19:58:00+00:00,99832.81270506489
2025-07-15 19:59:00+00:00,99816.43591786812
2025-07-15 20:00:00+00:00,99835.88335266427
2025-07-15 20:01:00+00:00,99841.18021977323
2025-07-15 20:02:00+00:00,99834.37361759458
2025-07-15 20:03:00+00:00,99824.90578749645
2025-07-15 20:04:00+00:00,99815.61707850828
2025-07-15 20:05:00+00:00,99820.53011466732
2025-07-15 20:06:00+00:00,99846.06766720227
2025-07-15 20:07:00+00:00,99847.39828116201
2025-07-15 20:08:00+00:00,99842.17818024303
2025-07-15 20:09:00+00:00,99846.11884466225
2025-07-15 20:10:00+00:00,99862.49563185903
2025-07-15 20:11:00+00:00,99859.47616171962
2025-07-15 20:12:00+00:00,99869.63488752762
2025-07-15 20:13:00+00:00,99868.66251578782
2025-07-15 20:14:00+00:00,99861.03707424931
2025-07-15 20:15:00+00:00,99870.47931561744
2025-07-15 20:16:00+00:00,99858.40143505983
2025-07-15 20:17:00+00:00,99769.4294208674
2025-07-15 20:18:00+00:00,99788.10919376371
2025-07-15 20:19:00+00:00,99800.64767146124
2025-07-15 20:20:00+00:00,99807.19838633994
2025-07-15 20:21:00+00:00,99831.94268824506
2025-07-15 20:22:00+00:00,99791.84514834297
2025-07-15 20:23:00+00:00,99818.40625007774
2025-07-15 20:24:00+00:00,99824.95696495644
2025-07-15 20:25:00+00:00,99836.65101456412
2025-07-15 20:26:00+00:00,99842.357301353
2025-07-15 20:27:00+00:00,99871.52845354725
2025-07-15 20:28:00+00:00,99847.14239386206
2025-07-15 20:29:00+00:00,99846.09325593227
2025-07-15 20:30:00+00:00,99807.17279760995
2025-07-15 20:31:00+00:00,99836.90690186407
2025-07-15 20:32:00+00:00,99833.83625426468
2025-07-15 20:33:00+00:00,99845.14647292244
2025-07-15 20:34:00+00:00,99860.01352504952
2025-07-15 20:35:00+00:00,99846.78415164212
2025-07-15 20:36:00+00:00,99860.21823488947
2025-07-15 20:37:00+00:00,99845.12088419245
2025-07-15 20:38:00+00:00,99846.70738545214
2025-07-15 20:39:00+00:00,99814.79823914844
2025-07-15 20:40:00+00:00,99821.37454275714
2025-07-15 20:41:00+00:00,99828.7185082657
2025-07-15 20:42:00+00:00,99835.88335266427
2025-07-15 20:43:00+00:00,99841.25698596322
2025-07-15 20:44:00+00:00,99853.9234073107
2025-07-15 20:45:00+00:00,99857.14758729008
2025-07-15 20:46:00+00:00,99856.37992539024
2025-07-15 20:47:00+00:00,99853.87222985073
2025-07-15 20:48:00+00:00,99846.83532910212
2025-07-15 20:49:00+00:00,99851.33894558123
2025-07-15 20:50:00+00:00,99832.83829379488
2025-07-15 20:51:00+00:00,99838.74929042372
2025-07-15 20:52:00+00:00,99843.02260833286
2025-07-15 20:53:00+00:00,99855.30519873044
2025-07-15 20:54:00+00:00,99850.34098511143
2025-07-15 20:55:00+00:00,99851.21100193125
2025-07-15 20:56:00+00:00,99842.05023659306
2025-07-15 20:57:00+00:00,99845.06970673247
2025-07-15 20:58:00+00:00,99847.85887830192
2025-07-15 20:59:00+00:00,99814.43999692852
2025-07-15 21:00:00+00:00,99803.61596414066
2025-07-15 21:01:00+00:00,99826.00610288623
2025-07-15 21:02:00+00:00,99845.09529546247
2025-07-15 21:03:00+00:00,99861.36972773925
2025-07-15 21:04:00+00:00,99866.35953008826
2025-07-15 21:05:00+00:00,99861.24178408927
2025-07-15 21:06:00+00:00,99866.58982865821
2025-07-15 21:07:00+00:00,99867.61337785801
2025-07-15 21:08:00+00:00,99873.2428984569
2025-07-15 21:09:00+00:00,99878.8212415958
2025-07-15 21:10:00+00:00,99879.87037952559
2025-07-15 21:11:00+00:00,99883.4016242649
2025-07-15 21:12:00+00:00,99910.60244424953
2025-07-15 21:13:00+00:00,99920.96587989747
2025-07-15 21:14:00+00:00,99953.41238953108
2025-07-15 21:15:00+00:00,99943.1257200731
2025-07-15 21:16:00+00:00,99962.70109851923
2025-07-15 21:17:00+00:00,99965.10643913876
2025-07-15 21:18:00+00:00,99968.970337368
2025-07-15 21:19:00+00:00,99972.24569480735
2025-07-15 21:20:00+00:00,99977.10755350639
2025-07-15 21:21:00+00:00,99953.2588571511
2025-07-15 21:22:00+00:00,99977.10755350639
2025-07-15 21:23:00+00:00,99985.96125408464
2025-07-15 21:24:00+00:00,99994.35435752299
2025-07-15 21:25:00+00:00,99994.50788990295
2025-07-15 21:26:00+00:00,99996.17115735263
2025-07-15 21:27:00+00:00,100002.59392858137
2025-07-15 21:28:00+00:00,100001.77508922153
2025-07-15 21:29:00+00:00,100003.25923556123
2025-07-15 21:30:00+00:00,99984.144454255
2025-07-15 21:31:00+00:00,100004.76897063093
2025-07-15 21:32:00+00:00,100018.04952149831
2025-07-15 21:33:00+00:00,100039.54405469407
2025-07-15 21:34:00+00:00,100040.05582929397
2025-07-15 21:35:00+00:00,100050.80309589184
2025-07-15 21:36:00+00:00,100040.8490799238
2025-07-15 21:37:00+00:00,100065.33749452897
2025-07-15 21:38:00+00:00,100068.2546097484
2025-07-15 21:39:00+00:00,100085.52700249499
2025-07-15 21:40:00+00:00,100075.13797811704
2025-07-15 21:41:00+00:00,100085.62935741496
2025-07-15 21:42:00+00:00,100094.86688894314
2025-07-15 21:43:00+00:00,100093.63862990338
2025-07-15 21:44:00+00:00,100093.35715387344
2025-07-15 21:45:00+00:00,100106.84241458078
2025-07-15 21:46:00+00:00,100081.25368458583
2025-07-15 21:47:00+00:00,100067.00076197865
2025-07-15 21:48:00+00:00,100066.7448746787
2025-07-15 21:49:00+00:00,100079.43688475619
2025-07-15 21:50:00+00:00,100086.4481967748
2025-07-15 21:51:00+00:00,100102.92733889155
2025-07-15 21:52:00+00:00,100095.94161560293
2025-07-15 21:53:00+00:00,100079.46247348617
2025-07-15 21:54:00+00:00,100078.43892428638
2025-07-15 21:55:00+00:00,100078.25980317642
2025-07-15 21:56:00+00:00,100081.04897474588
2025-07-15 21:57:00+00:00,100094.58541291319
2025-07-15 21:58:00+00:00,100096.86280988275
2025-07-15 21:59:00+00:00,100109.14540028032
2025-07-15 22:00:00+00:00,100072.65587130754
2025-07-15 22:01:00+00:00,100054.33434063115
2025-07-15 22:02:00+00:00,100047.78362575243
2025-07-15 22:03:00+00:00,100042.53793610347
2025-07-15 22:04:00+00:00,100047.4765609925
2025-07-15 22:05:00+00:00,100071.2229024278
2025-07-15 22:06:00+00:00,100056.89321363064
2025-07-15 22:07:00+00:00,100069.40610259816
2025-07-15 22:08:00+00:00,100053.41314635132
2025-07-15 22:09:00+00:00,100068.2290210184
2025-07-15 22:10:00+00:00,100064.28835659918
2025-07-15 22:11:00+00:00,100071.3252573478
2025-07-15 22:12:00+00:00,100084.58021948517
2025-07-15 22:13:00+00:00,100085.91083344491
2025-07-15 22:14:00+00:00,100087.03673756469
2025-07-15 22:15:00+00:00,100083.12166187546
2025-07-15 22:16:00+00:00,100091.97536245371
2025-07-15 22:17:00+00:00,100095.30189735306
2025-07-15 22:18:00+00:00,100090.79828087395
2025-07-15 22:19:00+00:00,100093.5362749834
2025-07-15 22:20:00+00:00,100096.68368877278
2025-07-15 22:21:00+00:00,100100.06140113212
2025-07-15 22:22:00+00:00,100101.51995874183
2025-07-15 22:23:00+00:00,100108.65921441042
2025-07-15 22:24:00+00:00,100108.96627917036
2025-07-15 22:25:00+00:00,100105.97239776095
2025-07-15 22:26:00+00:00,100109.58040869024
2025-07-15 22:27:00+00:00,100113.41871818948
2025-07-15 22:28:00+00:00,100101.51995874183
2025-07-15 22:29:00+00:00,100098.88431955235
2025-07-15 22:30:00+00:00,100099.6008039922
2025-07-15 22:31:00+00:00,100087.31821359464
2025-07-15 22:32:00+00:00,100062.59950041951
2025-07-15 22:33:00+00:00,100037.88078724439
2025-07-15 22:34:00+00:00,100046.73448782264
2025-07-15 22:35:00+00:00,100043.68942895325
2025-07-15 22:36:00+00:00,100060.80828931986
2025-07-15 22:37:00+00:00,100080.51161141598
2025-07-15 22:38:00+00:00,100084.50345329518
2025-07-15 22:39:00+00:00,100099.80551383217
2025-07-15 22:40:00+00:00,100119.63677957824
2025-07-15 22:41:00+00:00,100125.5221874771
2025-07-15 22:42:00+00:00,100127.15986619677
2025-07-15 22:43:00+00:00,100157.25221267082
2025-07-15 22:44:00+00:00,100152.36476524179
2025-07-15 22:45:00+00:00,100145.02079973323
2025-07-15 22:46:00+00:00,100134.73413027526
2025-07-15 22:47:00+00:00,100142.94811260366
2025-07-15 22:48:00+00:00,100147.37496289278
2025-07-15 22:49:00+00:00,100140.6451269041
2025-07-15 22:50:00+00:00,100147.91232622266
2025-07-15 22:51:00+00:00,100155.69130014113
2025-07-15 22:52:00+00:00,100181.56150616602
2025-07-15 22:53:00+00:00,100171.37719162804
2025-07-15 22:54:00+00:00,100167.25740609886
2025-07-15 22:55:00+00:00,100186.93513946496
2025-07-15 22:56:00+00:00,100176.75082492697
2025-07-15 22:57:00+00:00,100172.65662812778
2025-07-15 22:58:00+00:00,100177.03230095691
2025-07-15 22:59:00+00:00,100179.77029506638
2025-07-15 23:00:00+00:00,100202.31396619193
2025-07-15 23:01:00+00:00,100207.02229251098
2025-07-15 23:02:00+00:00,100195.8656062332
2025-07-15 23:03:00+00:00,100198.24535812273
2025-07-15 23:04:00+00:00,100200.21569033235
2025-07-15 23:05:00+00:00,100205.58932363128
2025-07-15 23:06:00+00:00,100209.45322186052
2025-07-15 23:07:00+00:00,100206.4849291811
2025-07-15 23:08:00+00:00,100208.45526139071
2025-07-15 23:09:00+00:00,100208.48085012072
2025-07-15 23:10:00+00:00,100202.28837746193
2025-07-15 23:11:00+00:00,100197.19622019294
2025-07-15 23:12:00+00:00,100176.18787286709
2025-07-15 23:13:00+00:00,100171.09571559809
2025-07-15 23:14:00+00:00,100180.2053034763
2025-07-15 23:15:00+00:00,100175.1387349373
2025-07-15 23:16:00+00:00,100188.8031167546
2025-07-15 23:17:00+00:00,100176.54611508701
2025-07-15 23:18:00+00:00,100166.464155469
2025-07-15 23:19:00+00:00,100170.0209889383
2025-07-15 23:20:00+00:00,100141.92456340385
2025-07-15 23:21:00+00:00,100142.61545911372
2025-07-15 23:22:00+00:00,100152.10887794184
2025-07-15 23:23:00+00:00,100125.03600160718
2025-07-15 23:24:00+00:00,100121.35122448791
2025-07-15 23:25:00+00:00,100135.80885693507
2025-07-15 23:26:00+00:00,100113.70019421942
2025-07-15 23:27:00+00:00,100118.89470640839
2025-07-15 23:28:00+00:00,100108.86392425039
2025-07-15 23:29:00+00:00,100116.3102446789
2025-07-15 23:30:00+00:00,100116.10553483895
2025-07-15 23:31:00+00:00,100120.96739353798
2025-07-15 23:32:00+00:00,100115.3634616691
2025-07-15 23:33:00+00:00,100116.07994610895
2025-07-15 23:34:00+00:00,100097.42576194264
2025-07-15 23:35:00+00:00,100097.40017321263
2025-07-15 23:36:00+00:00,100115.824058809
2025-07-15 23:37:00+00:00,100126.57132540688
2025-07-15 23:38:00+00:00,100120.37885274811
2025-07-15 23:39:00+00:00,100132.71262060567
2025-07-15 23:40:00+00:00,100137.83036660466
2025-07-15 23:41:00+00:00,100137.83036660466
2025-07-15 23:42:00+00:00,100146.50494607294
2025-07-15 23:43:00+00:00,100165.4406062692
2025-07-15 23:44:00+00:00,100171.09571559809
2025-07-15 23:45:00+00:00,100150.57355414215
2025-07-15 23:46:00+00:00,100155.20511427123
2025-07-15 23:47:00+00:00,100148.60322193253
2025-07-15 23:48:00+00:00,100154.20715380143
2025-07-15 23:49:00+00:00,100145.12315465322
2025-07-15 23:50:00+00:00,100133.73616980546
2025-07-15 23:51:00+00:00,100134.70854154527
2025-07-15 23:52:00+00:00,100132.45673330572
2025-07-15 23:53:00+00:00,100132.76379806566
2025-07-15 23:54:00+00:00,100151.11091747203
2025-07-15 23:55:00+00:00,100151.13650620203
2025-07-15 23:56:00+00:00,100151.57151461195
2025-07-15 23:57:00+00:00,100170.76306210816
2025-07-15 23:58:00+00:00,100166.489744199
2025-07-15 23:59:00+00:00,100161.55111930997
2025-07-16 00:00:00+00:00,100142.94811260366
2025-07-16 00:01:00+00:00,100122.45153987769
2025-07-16 00:02:00+00:00,100109.68276361021
2025-07-16 00:03:00+00:00,100110.19453821011
2025-07-16 00:04:00+00:00,100120.12296544816
2025-07-16 00:05:00+00:00,100107.96831870056
2025-07-16 00:06:00+00:00,100103.05528254152
2025-07-16 00:07:00+00:00,100106.61211601082
2025-07-16 00:08:00+00:00,100096.86280988275
2025-07-16 00:09:00+00:00,100092.81979054355
2025-07-16 00:10:00+00:00,100088.00910930449
2025-07-16 00:11:00+00:00,100086.11554328486
2025-07-16 00:12:00+00:00,100100.08698986212
2025-07-16 00:13:00+00:00,100083.81255758532
2025-07-16 00:14:00+00:00,100077.44096381658
2025-07-16 00:15:00+00:00,100079.46247348617
2025-07-16 00:16:00+00:00,100096.86280988275
2025-07-16 00:17:00+00:00,100110.68072408001
2025-07-16 00:18:00+00:00,100117.51291498868
2025-07-16 00:19:00+00:00,100104.00206555134
2025-07-16 00:20:00+00:00,100119.3808922783
2025-07-16 00:21:00+00:00,100107.43095537066
2025-07-16 00:22:00+00:00,100117.58968117865
2025-07-16 00:23:00+00:00,100136.26945407497
2025-07-16 00:24:00+00:00,100126.57132540688
2025-07-16 00:25:00+00:00,100112.34399152969
2025-07-16 00:26:00+00:00,100119.9182556082
2025-07-16 00:27:00+00:00,100115.18434055912
2025-07-16 00:28:00+00:00,100117.3849713387
2025-07-16 00:29:00+00:00,100115.46581658907
2025-07-16 00:30:00+00:00,100120.4044414781
2025-07-16 00:31:00+00:00,100127.74840698665
2025-07-16 00:32:00+00:00,100136.80681740487
2025-07-16 00:33:00+00:00,100134.40147678534
2025-07-16 00:34:00+00:00,100138.80273834447
2025-07-16 00:35:00+00:00,100158.30135060061
2025-07-16 00:36:00+00:00,100164.9288316693
2025-07-16 00:37:00+00:00,100161.42317565999
2025-07-16 00:38:00+00:00,100174.44783922743
2025-07-16 00:39:00+00:00,100182.02210330594
2025-07-16 00:40:00+00:00,100188.00986612475
2025-07-16 00:41:00+00:00,100159.35048853041
2025-07-16 00:42:00+00:00,100169.0486171985
2025-07-16 00:43:00+00:00,100191.38757848408
2025-07-16 00:44:00+00:00,100202.33955492193
2025-07-16 00:45:00+00:00,100196.17267099314
2025-07-16 00:46:00+00:00,100200.75305366224
2025-07-16 00:47:00+00:00,100238.77790643473
2025-07-16 00:48:00+00:00,100247.529252093
2025-07-16 00:49:00+00:00,100254.0287895117
2025-07-16 00:50:00+00:00,100263.2151435799
2025-07-16 00:51:00+00:00,100267.33492910909
2025-07-16 00:52:00+00:00,100251.67462635218
2025-07-16 00:53:00+00:00,100246.30099305324
2025-07-16 00:54:00+00:00,100252.95406285193
2025-07-16 00:55:00+00:00,100250.72784334236
2025-07-16 00:56:00+00:00,100244.66331433356
2025-07-16 00:57:00+00:00,100255.87117807135
2025-07-16 00:58:00+00:00,100252.49346571202
2025-07-16 00:59:00+00:00,100254.48938665162
2025-07-16 01:00:00+00:00,100250.83019826235
2025-07-16 01:01:00+00:00,100257.58562298102
2025-07-16 01:02:00+00:00,100277.23776761713
2025-07-16 01:03:00+00:00,100265.7996053094
2025-07-16 01:04:00+00:00,100264.2131040497
2025-07-16 01:05:00+00:00,100268.30730084889
2025-07-16 01:06:00+00:00,100252.23757841207
2025-07-16 01:07:00+00:00,100250.0369476325
2025-07-16 01:08:00+00:00,100254.23349935167
2025-07-16 01:09:00+00:00,100238.62437405475
2025-07-16 01:10:00+00:00,100220.25166591839
2025-07-16 01:11:00+00:00,100208.94144726061
2025-07-16 01:12:00+00:00,100200.52275509227
2025-07-16 01:13:00+00:00,100203.74693507164
2025-07-16 01:14:00+00:00,100199.72950446243
2025-07-16 01:15:00+00:00,100186.11630010512
2025-07-16 01:16:00+00:00,100195.3538316333
2025-07-16 01:17:00+00:00,100171.09571559809
2025-07-16 01:18:00+00:00,100172.22161971786
2025-07-16 01:19:00+00:00,100181.1009090261
2025-07-16 01:20:00+00:00,100180.81943299617
2025-07-16 01:21:00+00:00,100175.6505095372
2025-07-16 01:22:00+00:00,100174.16636319748
2025-07-16 01:23:00+00:00,100160.09256170026
2025-07-16 01:24:00+00:00,100147.04230940284
2025-07-16 01:25:00+00:00,100139.85187627426
2025-07-16 01:26:00+00:00,100139.77511008427
2025-07-16 01:27:00+00:00,100132.68703187567
2025-07-16 01:28:00+00:00,100134.5550091653
2025-07-16 01:29:00+00:00,100137.85595533466
2025-07-16 01:30:00+00:00,100133.5570486955
2025-07-16 01:31:00+00:00,100118.22939942853
2025-07-16 01:32:00+00:00,100142.94811260366
2025-07-16 01:33:00+00:00,100167.9483018087
2025-07-16 01:34:00+00:00,100147.11907559283
2025-07-16 01:35:00+00:00,100138.6747946945
2025-07-16 01:36:00+00:00,100139.87746500425
2025-07-16 01:37:00+00:00,100139.57040024431
2025-07-16 01:38:00+00:00,100152.16005540182
2025-07-16 01:39:00+00:00,100153.41390317157
2025-07-16 01:40:00+00:00,100155.40982411118
2025-07-16 01:41:00+00:00,100135.24590487516
2025-07-16 01:42:00+00:00,100126.92956762681
2025-07-16 01:43:00+00:00,100144.02283926343
2025-07-16 01:44:00+00:00,100137.52330184472
2025-07-16 01:45:00+00:00,100126.57132540688
2025-07-16 01:46:00+00:00,100133.73616980546
2025-07-16 01:47:00+00:00,100125.4454212871
2025-07-16 01:48:00+00:00,100121.45357940788
2025-07-16 01:49:00+00:00,100136.29504280497
2025-07-16 01:50:00+00:00,100136.80681740487
2025-07-16 01:51:00+00:00,100139.36569040435
2025-07-16 01:52:00+00:00,100121.96535400779
2025-07-16 01:53:00+00:00,100134.75971900526
2025-07-16 01:54:00+00:00,100137.80477787467
2025-07-16 01:55:00+00:00,100128.59283507647
2025-07-16 01:56:00+00:00,100155.2818804612
2025-07-16 01:57:00+00:00,100168.10183418868
2025-07-16 01:58:00+00:00,100155.51217903117
2025-07-16 01:59:00+00:00,100152.67183000172
2025-07-16 02:00:00+00:00,100152.16005540182
2025-07-16 02:01:00+00:00,100137.6000680347
2025-07-16 02:02:00+00:00,100137.34418073476
2025-07-16 02:03:00+00:00,100120.17414290814
2025-07-16 02:04:00+00:00,100082.3795887056
2025-07-16 02:05:00+00:00,100093.48509752341
2025-07-16 02:06:00+00:00,100090.61915976398
2025-07-16 02:07:00+00:00,100109.68276361021
2025-07-16 02:08:00+00:00,100095.91602687293
2025-07-16 02:09:00+00:00,100089.69796548416
2025-07-16 02:10:00+00:00,100089.18619088427
2025-07-16 02:11:00+00:00,100098.96108574234
2025-07-16 02:12:00+00:00,100090.87504706392
2025-07-16 02:13:00+00:00,100096.58133385281
2025-07-16 02:14:00+00:00,100101.05936160192
2025-07-16 02:15:00+00:00,100099.88228002215
2025-07-16 02:16:00+00:00,100085.62935741496
2025-07-16 02:17:00+00:00,100075.16356684704
2025-07-16 02:18:00+00:00,100067.53812530854
2025-07-16 02:19:00+00:00,100032.37921029548
2025-07-16 02:20:00+00:00,100055.74172078086
2025-07-16 02:21:00+00:00,100062.08772581961
2025-07-16 02:22:00+00:00,100040.00465183397
2025-07-16 02:23:00+00:00,100050.82868462184
2025-07-16 02:24:00+00:00,100031.38124982567
2025-07-16 02:25:00+00:00,100043.63825149325
2025-07-16 02:26:00+00:00,100053.38755762133
2025-07-16 02:27:00+00:00,100062.98333136944
2025-07-16 02:28:00+00:00,100058.50530362032
2025-07-16 02:29:00+00:00,100059.01707822022
2025-07-16 02:30:00+00:00,100049.39571574211
2025-07-16 02:31:00+00:00,100054.94847015102
2025-07-16 02:32:00+00:00,100047.96274686241
2025-07-16 02:33:00+00:00,100016.77008499856
2025-07-16 02:34:00+00:00,100007.32784363042
2025-07-16 02:35:00+00:00,100007.32784363042
2025-07-16 02:36:00+00:00,99980.1526123758
2025-07-16 02:37:00+00:00,99992.8190337233
2025-07-16 02:38:00+00:00,100018.71482847817
2025-07-16 02:39:00+00:00,100018.89394958815
2025-07-16 02:40:00+00:00,100010.5264348798
2025-07-16 02:41:00+00:00,99991.46283103355
2025-07-16 02:42:00+00:00,100000.13741050185
2025-07-16 02:43:00+00:00,100001.67273430154
2025-07-16 02:44:00+00:00,99996.37586719259
2025-07-16 02:45:00+00:00,100007.76285204034
2025-07-16 02:46:00+00:00,100005.66457618074
2025-07-16 02:47:00+00:00,100011.90822629952
2025-07-16 02:48:00+00:00,100017.89598911835
2025-07-16 02:49:00+00:00,100022.6554928974
2025-07-16 02:50:00+00:00,100028.59207825623
2025-07-16 02:51:00+00:00,100043.12647689335
2025-07-16 02:52:00+00:00,100046.73448782264
2025-07-16 02:53:00+00:00,100034.2983650451
2025-07-16 02:54:00+00:00,100034.68219599502
2025-07-16 02:55:00+00:00,100034.91249456498
2025-07-16 02:56:00+00:00,100036.47340709467
2025-07-16 02:57:00+00:00,100040.77231373382
2025-07-16 02:58:00+00:00,100037.16430280454
2025-07-16 02:59:00+00:00,100051.85223382164
2025-07-16 03:00:00+00:00,100071.83703194768
2025-07-16 03:01:00+00:00,100086.62731788476
2025-07-16 03:02:00+00:00,100087.9835205745
2025-07-16 03:03:00+00:00,100075.90564001689
2025-07-16 03:04:00+00:00,100076.44300334678
2025-07-16 03:05:00+00:00,100087.65086708457
2025-07-16 03:06:00+00:00,100088.77677120434
2025-07-16 03:07:00+00:00,100084.37550964521
2025-07-16 03:08:00+00:00,100075.98240620687
2025-07-16 03:09:00+00:00,100051.87782255163
2025-07-16 03:10:00+00:00,100061.90860470965
2025-07-16 03:11:00+00:00,100051.92900001162
2025-07-16 03:12:00+00:00,100031.53478220565
2025-07-16 03:13:00+00:00,100026.26350382669
2025-07-16 03:14:00+00:00,100032.91657362538
2025-07-16 03:15:00+00:00,100052.36400842153
2025-07-16 03:16:00+00:00,100058.22382759038
2025-07-16 03:17:00+00:00,100066.05397896883
2025-07-16 03:18:00+00:00,100075.47063160696
2025-07-16 03:19:00+00:00,100091.74506388375
2025-07-16 03:20:00+00:00,100085.83406725492
2025-07-16 03:21:00+00:00,100068.7407956183
2025-07-16 03:22:00+00:00,100084.60580821516
2025-07-16 03:23:00+00:00,100074.95885700708
2025-07-16 03:24:00+00:00,100078.95069888628
2025-07-16 03:25:00+00:00,100068.7407956183
2025-07-16 03:26:00+00:00,100050.16337764196
2025-07-16 03:27:00+00:00,100055.92084189082
2025-07-16 03:28:00+00:00,100072.3232178176
2025-07-16 03:29:00+00:00,100065.158373419
2025-07-16 03:30:00+00:00,100072.55351638755
2025-07-16 03:31:00+00:00,100079.97424808607
2025-07-16 03:32:00+00:00,100081.79104791573
2025-07-16 03:33:00+00:00,100092.25683848365
2025-07-16 03:34:00+00:00,100075.90564001689
2025-07-16 03:35:00+00:00,100082.02134648568
2025-07-16 03:36:00+00:00,100086.65290661476
2025-07-16 03:37:00+00:00,100082.02134648568
2025-07-16 03:38:00+00:00,100086.75526153474
2025-07-16 03:39:00+00:00,100084.73375186513
2025-07-16 03:40:00+00:00,100085.32229265502
2025-07-16 03:41:00+00:00,100088.39294025442
2025-07-16 03:42:00+00:00,100084.60580821516
2025-07-16 03:43:00+00:00,100090.0306189741
2025-07-16 03:44:00+00:00,100090.77269214395
2025-07-16 03:45:00+00:00,100084.34992091522
2025-07-16 03:46:00+00:00,100080.53720014598
2025-07-16 03:47:00+00:00,100070.99260385786
2025-07-16 03:48:00+00:00,100078.95069888628
2025-07-16 03:49:00+00:00,100077.97832714647
2025-07-16 03:50:00+00:00,100084.63139694516
2025-07-16 03:51:00+00:00,100080.30690157601
2025-07-16 03:52:00+00:00,100086.67849534476
2025-07-16 03:53:00+00:00,100092.79420181355
2025-07-16 03:54:00+00:00,100092.94773419353
2025-07-16 03:55:00+00:00,100089.72355421416
2025-07-16 03:56:00+00:00,100095.0204213231
2025-07-16 03:57:00+00:00,100089.4420781842
2025-07-16 03:58:00+00:00,100096.6325113128
2025-07-16 03:59:00+00:00,100091.79624134375
2025-07-16 04:00:00+00:00,100094.84130021314
2025-07-16 04:01:00+00:00,100092.87096800354
2025-07-16 04:02:00+00:00,100082.3795887056
2025-07-16 04:03:00+00:00,100085.34788138502
2025-07-16 04:04:00+00:00,100091.25887801385
2025-07-16 04:05:00+00:00,100089.72355421416
2025-07-16 04:06:00+00:00,100095.608962113
2025-07-16 04:07:00+00:00,100096.6069225828
2025-07-16 04:08:00+00:00,100083.60784774537
2025-07-16 04:09:00+00:00,100078.49010174637
2025-07-16 04:10:00+00:00,100055.97201935083
2025-07-16 04:11:00+00:00,100049.80513542204
2025-07-16 04:12:00+00:00,100047.78362575243
2025-07-16 04:13:00+00:00,100045.04563164298
2025-07-16 04:14:00+00:00,100041.4376207137
2025-07-16 04:15:00+00:00,100043.86855006321
2025-07-16 04:16:00+00:00,100046.73448782264
2025-07-16 04:17:00+00:00,100044.943276723
2025-07-16 04:18:00+00:00,100064.1348242192
2025-07-16 04:19:00+00:00,100055.97201935083
2025-07-16 04:20:00+00:00,100055.97201935083
2025-07-16 04:21:00+00:00,100068.15225482841
2025-07-16 04:22:00+00:00,100087.67645581457
2025-07-16 04:23:00+00:00,100079.51365094617
2025-07-16 04:24:00+00:00,100080.51161141598
2025-07-16 04:25:00+00:00,100084.58021948517
2025-07-16 04:26:00+00:00,100102.6970403216
2025-07-16 04:27:00+00:00,100096.06955925291
2025-07-16 04:28:00+00:00,100101.6990798518
2025-07-16 04:29:00+00:00,100104.05324301132
2025-07-16 04:30:00+00:00,100092.81979054355
2025-07-16 04:31:00+00:00,100121.93976527778
2025-07-16 04:32:00+00:00,100122.17006384775
2025-07-16 04:33:00+00:00,100130.20492506617
2025-07-16 04:34:00+00:00,100130.28169125615
2025-07-16 04:35:00+00:00,100123.50067780749
2025-07-16 04:36:00+00:00,100124.49863827729
2025-07-16 04:37:00+00:00,100148.06585860264
2025-07-16 04:38:00+00:00,100136.80681740487
2025-07-16 04:39:00+00:00,100125.57336493708
2025-07-16 04:40:00+00:00,100128.95107729641
2025-07-16 04:41:00+00:00,100139.92864246425
2025-07-16 04:42:00+00:00,100128.61842380647
2025-07-16 04:43:00+00:00,100120.73709496803
2025-07-16 04:44:00+00:00,100112.57429009964
2025-07-16 04:45:00+00:00,100115.13316309915
2025-07-16 04:46:00+00:00,100132.45673330572
2025-07-16 04:47:00+00:00,100123.24479050754
2025-07-16 04:48:00+00:00,100116.8476080088
2025-07-16 04:49:00+00:00,100113.67460548943
2025-07-16 04:50:00+00:00,100102.51791921163
2025-07-16 04:51:00+00:00,100114.28873500931
2025-07-16 04:52:00+00:00,100111.7810394698
2025-07-16 04:53:00+00:00,100115.15875182913
2025-07-16 04:54:00+00:00,100115.46581658907
2025-07-16 04:55:00+00:00,100121.73505543784
2025-07-16 04:56:00+00:00,100113.80254913941
2025-07-16 04:57:00+00:00,100121.58152305786
2025-07-16 04:58:00+00:00,100128.61842380647
2025-07-16 04:59:00+00:00,100124.21716224734
2025-07-16 05:00:00+00:00,100140.87542547405
2025-07-16 05:01:00+00:00,100146.78642210289
2025-07-16 05:02:00+00:00,100144.02283926343
2025-07-16 05:03:00+00:00,100167.53888212879
2025-07-16 05:04:00+00:00,100188.52164072465
2025-07-16 05:05:00+00:00,100180.30765839627
2025-07-16 05:06:00+00:00,100183.1991848857
2025-07-16 05:07:00+00:00,100192.07847419394
2025-07-16 05:08:00+00:00,100201.77660286202
2025-07-16 05:09:00+00:00,100200.52275509227
2025-07-16 05:10:00+00:00,100221.76140098809
2025-07-16 05:11:00+00:00,100227.36533285698
2025-07-16 05:12:00+00:00,100223.19436986781
2025-07-16 05:13:00+00:00,100226.34178365718
2025-07-16 05:14:00+00:00,100220.27725464838
2025-07-16 05:15:00+00:00,100220.25166591839
2025-07-16 05:16:00+00:00,100217.23219577898
2025-07-16 05:17:00+00:00,100210.5023597903
2025-07-16 05:18:00+00:00,100215.6201057893
2025-07-16 05:19:00+00:00,100217.129840859
2025-07-16 05:20:00+00:00,100213.70095103967
2025-07-16 05:21:00+00:00,100220.76344051829
2025-07-16 05:22:00+00:00,100194.09998386355
2025-07-16 05:23:00+00:00,100191.10610245414
2025-07-16 05:24:00+00:00,100185.11833963532
2025-07-16 05:25:00+00:00,100190.61991658423
2025-07-16 05:26:00+00:00,100177.82555158676
2025-07-16 05:27:00+00:00,100182.84094266576
2025-07-16 05:28:00+00:00,100183.91566932556
2025-07-16 05:29:00+00:00,100185.32304947528
2025-07-16 05:30:00+00:00,100196.07031607316
2025-07-16 05:31:00+00:00,100188.16339850472
2025-07-16 05:32:00+00:00,100205.38461379132
2025-07-16 05:33:00+00:00,100206.63846156107
2025-07-16 05:34:00+00:00,100212.83093421985
2025-07-16 05:35:00+00:00,100210.5023597903
2025-07-16 05:36:00+00:00,100224.80645985749
2025-07-16 05:37:00+00:00,100222.91289383786
2025-07-16 05:38:00+00:00,100220.12372226841
2025-07-16 05:39:00+00:00,100209.96499646042
2025-07-16 05:40:00+00:00,100210.83501328024
2025-07-16 05:41:00+00:00,100211.5514977201
2025-07-16 05:42:00+00:00,100221.24962638819
2025-07-16 05:43:00+00:00,100214.0591932596
2025-07-16 05:44:00+00:00,100215.15950864939
2025-07-16 05:45:00+00:00,100214.72450023948
2025-07-16 05:46:00+00:00,100221.99169955804
2025-07-16 05:47:00+00:00,100207.53406711089
2025-07-16 05:48:00+00:00,100188.18898723471
2025-07-16 05:49:00+00:00,100178.95145570654
2025-07-16 05:50:00+00:00,100189.41724627448
2025-07-16 05:51:00+00:00,100185.11833963532
2025-07-16 05:52:00+00:00,100190.51756166425
2025-07-16 05:53:00+00:00,100177.74878539678
2025-07-16 05:54:00+00:00,100175.70168699717
2025-07-16 05:55:00+00:00,100191.84817562399
2025-07-16 05:56:00+00:00,100200.47157763228
2025-07-16 05:57:00+00:00,100184.47862138544
2025-07-16 05:58:00+00:00,100194.09998386355
2025-07-16 05:59:00+00:00,100190.64550531423
2025-07-16 06:00:00+00:00,100198.62918907266
2025-07-16 06:01:00+00:00,100182.07328076592
2025-07-16 06:02:00+00:00,100174.21754065747
2025-07-16 06:03:00+00:00,100181.84298219596
2025-07-16 06:04:00+00:00,100193.10202339375
2025-07-16 06:05:00+00:00,100187.65162390482
2025-07-16 06:06:00+00:00,100181.56150616602
2025-07-16 06:07:00+00:00,100173.98724208752
2025-07-16 06:08:00+00:00,100171.09571559809
2025-07-16 06:09:00+00:00,100176.21346159707
2025-07-16 06:10:00+00:00,100181.84298219596
2025-07-16 06:11:00+00:00,100192.23200657392
2025-07-16 06:12:00+00:00,100185.37422693527
2025-07-16 06:13:00+00:00,100172.29838590785
2025-07-16 06:14:00+00:00,100159.86226313032
2025-07-16 06:15:00+00:00,100171.60749019799
2025-07-16 06:16:00+00:00,100175.18991239728
2025-07-16 06:17:00+00:00,100174.85725890734
2025-07-16 06:18:00+00:00,100184.45303265545
2025-07-16 06:19:00+00:00,100200.29245652232
2025-07-16 06:20:00+00:00,100217.89750275885
2025-07-16 06:21:00+00:00,100208.45526139071
2025-07-16 06:22:00+00:00,100221.07050527821
2025-07-16 06:23:00+00:00,100226.41854984716
2025-07-16 06:24:00+00:00,100243.53741021379
2025-07-16 06:25:00+00:00,100223.32231351778
2025-07-16 06:26:00+00:00,100229.48919744656
2025-07-16 06:27:00+00:00,100218.89546322865
2025-07-16 06:28:00+00:00,100239.64792325455
2025-07-16 06:29:00+00:00,100239.46880214459
2025-07-16 06:30:00+00:00,100225.03675842744
2025-07-16 06:31:00+00:00,100232.40631266599
2025-07-16 06:32:00+00:00,100247.78513939294
2025-07-16 06:33:00+00:00,100250.39518985242
2025-07-16 06:34:00+00:00,100251.5722714322
2025-07-16 06:35:00+00:00,100261.27040010029
2025-07-16 06:36:00+00:00,100271.3267709883
2025-07-16 06:37:00+00:00,100270.35439924849
2025-07-16 06:38:00+00:00,100269.84262464859
2025-07-16 06:39:00+00:00,100278.54279284687
2025-07-16 06:40:00+00:00,100286.78236390525
2025-07-16 06:41:00+00:00,100291.43951276432
2025-07-16 06:42:00+00:00,100288.26651024495
2025-07-16 06:43:00+00:00,100292.92365910404
2025-07-16 06:44:00+00:00,100292.89807037404
2025-07-16 06:45:00+00:00,100285.24704010555
2025-07-16 06:46:00+00:00,100275.98391984738
2025-07-16 06:47:00+00:00,100289.34123690474
2025-07-16 06:48:00+00:00,100285.73322597545
2025-07-16 06:49:00+00:00,100282.68816710605
2025-07-16 06:50:00+00:00,100280.58989124646
2025-07-16 06:51:00+00:00,100284.19790217576
2025-07-16 06:52:00+00:00,100293.92161957384
2025-07-16 06:53:00+00:00,100288.010622945
2025-07-16 06:54:00+00:00,100287.88267929503
2025-07-16 06:55:00+00:00,100292.38629577414
2025-07-16 06:56:00+00:00,100292.10481974419
2025-07-16 06:57:00+00:00,100297.27374320317
2025-07-16 06:58:00+00:00,100293.51219989391
2025-07-16 06:59:00+00:00,100294.63810401369
2025-07-16 07:00:00+00:00,100294.40780544374
2025-07-16 07:01:00+00:00,100295.76400813347
2025-07-16 07:02:00+00:00,100295.76400813347
2025-07-16 07:03:00+00:00,100297.50404177312
2025-07-16 07:04:00+00:00,100292.89807037404
2025-07-16 07:05:00+00:00,100286.24500057535
2025-07-16 07:06:00+00:00,100261.85894089018
2025-07-16 07:07:00+00:00,100260.63068185041
2025-07-16 07:08:00+00:00,100248.37368018283
2025-07-16 07:09:00+00:00,100258.58358345082
2025-07-16 07:10:00+00:00,100247.73396193296
2025-07-16 07:11:00+00:00,100244.91920163351
2025-07-16 07:12:00+00:00,100238.21495437484
2025-07-16 07:13:00+00:00,100243.33270037382
2025-07-16 07:14:00+00:00,100242.71857085395
2025-07-16 07:15:00+00:00,100241.79737657413
2025-07-16 07:16:00+00:00,100250.39518985242
2025-07-16 07:17:00+00:00,100255.51293585142
2025-07-16 07:18:00+00:00,100254.79645141156
2025-07-16 07:19:00+00:00,100265.00635467954
2025-07-16 07:20:00+00:00,100287.88267929503
2025-07-16 07:21:00+00:00,100291.28598038436
2025-07-16 07:22:00+00:00,100285.68204851546
2025-07-16 07:23:00+00:00,100285.45174994551
2025-07-16 07:24:00+00:00,100273.11798208795
2025-07-16 07:25:00+00:00,100271.8641343182
2025-07-16 07:26:00+00:00,100286.19382311536
2025-07-16 07:27:00+00:00,100285.19586264556
2025-07-16 07:28:00+00:00,100284.96556407561
2025-07-16 07:29:00+00:00,100287.26854977515
2025-07-16 07:30:00+00:00,100287.4988483451
2025-07-16 07:31:00+00:00,100281.05048838638
2025-07-16 07:32:00+00:00,100289.23888198475
2025-07-16 07:33:00+00:00,100297.27374320317
2025-07-16 07:34:00+00:00,100297.70875161309
2025-07-16 07:35:00+00:00,100297.6575741531
2025-07-16 07:36:00+00:00,100300.06291477263
2025-07-16 07:37:00+00:00,100296.6596136833
2025-07-16 07:38:00+00:00,100298.04140510302
2025-07-16 07:39:00+00:00,100301.31676254238
2025-07-16 07:40:00+00:00,100302.00765825225
2025-07-16 07:41:00+00:00,100293.74249846386
2025-07-16 07:42:00+00:00,100283.17435297596
2025-07-16 07:43:00+00:00,100286.5008878753
2025-07-16 07:44:00+00:00,100269.22849512871
2025-07-16 07:45:00+00:00,100272.60620748805
2025-07-16 07:46:00+00:00,100257.84151028097
2025-07-16 07:47:00+00:00,100258.1229863109
2025-07-16 07:48:00+00:00,100271.40353717828
2025-07-16 07:49:00+00:00,100272.75973986802
2025-07-16 07:50:00+00:00,100281.63902917627
2025-07-16 07:51:00+00:00,100273.93682144777
2025-07-16 07:52:00+00:00,100274.78124953761
2025-07-16 07:53:00+00:00,100270.99411749837
2025-07-16 07:54:00+00:00,100275.98391984738
2025-07-16 07:55:00+00:00,100272.68297367803
2025-07-16 07:56:00+00:00,100265.59489546943
2025-07-16 07:57:00+00:00,100255.56411331141
2025-07-16 07:58:00+00:00,100271.91531177818
2025-07-16 07:59:00+00:00,100274.75566080763
2025-07-16 08:00:00+00:00,100275.31861286752
2025-07-16 08:01:00+00:00,100283.66053884586
2025-07-16 08:02:00+00:00,100291.33715784435
2025-07-16 08:03:00+00:00,100290.82538324445
2025-07-16 08:04:00+00:00,100284.68408804566
2025-07-16 08:05:00+00:00,100283.66053884586
2025-07-16 08:06:00+00:00,100289.29005944476
2025-07-16 08:07:00+00:00,100285.4773386755
2025-07-16 08:08:00+00:00,100279.15692236676
2025-07-16 08:09:00+00:00,100289.29005944476
2025-07-16 08:10:00+00:00,100276.00950857738
2025-07-16 08:11:00+00:00,100254.89880633153
2025-07-16 08:12:00+00:00,100268.40965576888
2025-07-16 08:13:00+00:00,100266.31137990928
2025-07-16 08:14:00+00:00,100269.35643877869
2025-07-16 08:15:00+00:00,100267.2581629191
2025-07-16 08:16:00+00:00,100262.1915943801
2025-07-16 08:17:00+00:00,100270.30322178849
2025-07-16 08:18:00+00:00,100282.04844885618
2025-07-16 08:19:00+00:00,100280.58989124646
2025-07-16 08:20:00+00:00,100282.15080377617
2025-07-16 08:21:00+00:00,100279.51516458669
2025-07-16 08:22:00+00:00,100285.19586264556
2025-07-16 08:23:00+00:00,100280.10370537656
2025-07-16 08:24:00+00:00,100280.05252791657
2025-07-16 08:25:00+00:00,100280.07811664656
2025-07-16 08:26:00+00:00,100277.69836475705
2025-07-16 08:27:00+00:00,100277.00746904718
2025-07-16 08:28:00+00:00,100288.06180040499
2025-07-16 08:29:00+00:00,100284.68408804566
2025-07-16 08:30:00+00:00,100304.13152284181
2025-07-16 08:31:00+00:00,100306.7415733013
2025-07-16 08:32:00+00:00,100309.50515614076
2025-07-16 08:33:00+00:00,100317.48883989919
2025-07-16 08:34:00+00:00,100322.01804510829
2025-07-16 08:35:00+00:00,100336.1174353355
2025-07-16 08:36:00+00:00,100330.25761616667
2025-07-16 08:37:00+00:00,100396.30212828363
2025-07-16 08:38:00+00:00,100410.12004248089
2025-07-16 08:39:00+00:00,100405.48848235181
2025-07-16 08:40:00+00:00,100381.92126202646
2025-07-16 08:41:00+00:00,100403.4669726822
2025-07-16 08:42:00+00:00,100410.86211565074
2025-07-16 08:43:00+00:00,100418.79462194917
2025-07-16 08:44:00+00:00,100425.44769174786
2025-07-16 08:45:00+00:00,100409.0453158211
2025-07-16 08:46:00+00:00,100403.56932760219
2025-07-16 08:47:00+00:00,100404.92553029192
2025-07-16 08:48:00+00:00,100402.11076999248
2025-07-16 08:49:00+00:00,100411.1180029507
2025-07-16 08:50:00+00:00,100408.96854963113
2025-07-16 08:51:00+00:00,100410.0944537509
2025-07-16 08:52:00+00:00,100401.88047142251
2025-07-16 08:53:00+00:00,100411.6297775506
2025-07-16 08:54:00+00:00,100409.01972709112
2025-07-16 08:55:00+00:00,100404.490521882
2025-07-16 08:56:00+00:00,100402.80166570234
2025-07-16 08:57:00+00:00,100401.41987428261
2025-07-16 08:58:00+00:00,100400.88251095271
2025-07-16 08:59:00+00:00,100405.74436965176
2025-07-16 09:00:00+00:00,100412.96039151034
2025-07-16 09:01:00+00:00,100405.41171616182
2025-07-16 09:02:00+00:00,100409.0453158211
2025-07-16 09:03:00+00:00,100409.60826788099
2025-07-16 09:04:00+00:00,100405.4628936218
2025-07-16 09:05:00+00:00,100408.5847186812
2025-07-16 09:06:00+00:00,100409.71062280098
2025-07-16 09:07:00+00:00,100422.37704414848
2025-07-16 09:08:00+00:00,100448.45196001332
2025-07-16 09:09:00+00:00,100451.88084983264
2025-07-16 09:10:00+00:00,100467.64350750954
2025-07-16 09:11:00+00:00,100472.58213239856
2025-07-16 09:12:00+00:00,100482.56173709659
2025-07-16 09:13:00+00:00,100483.78999613634
2025-07-16 09:14:00+00:00,100479.18402473726
2025-07-16 09:15:00+00:00,100475.62719126797
2025-07-16 09:16:00+00:00,100476.65074046775
2025-07-16 09:17:00+00:00,100485.14619882609
2025-07-16 09:18:00+00:00,100490.28953355506
2025-07-16 09:19:00+00:00,100501.7021071328
2025-07-16 09:20:00+00:00,100500.47384809305
2025-07-16 09:21:00+00:00,100486.60475643579
2025-07-16 09:22:00+00:00,100496.02140907393
2025-07-16 09:23:00+00:00,100494.51167400423
2025-07-16 09:24:00+00:00,100480.74493726695
2025-07-16 09:25:00+00:00,100496.55877240382
2025-07-16 09:26:00+00:00,100506.3080785319
2025-07-16 09:27:00+00:00,100517.02975639977
2025-07-16 09:28:00+00:00,100520.61217859907
2025-07-16 09:29:00+00:00,100520.12599272917
2025-07-16 09:30:00+00:00,100517.05534512977
2025-07-16 09:31:00+00:00,100531.25709027698
2025-07-16 09:32:00+00:00,100520.4330574891
2025-07-16 09:33:00+00:00,100500.01325095314
2025-07-16 09:34:00+00:00,100498.65704826341
2025-07-16 09:35:00+00:00,100487.80742674555
2025-07-16 09:36:00+00:00,100477.67428966756
2025-07-16 09:37:00+00:00,100473.52891540837
2025-07-16 09:38:00+00:00,100470.48385653898
2025-07-16 09:39:00+00:00,100477.13692633765
2025-07-16 09:40:00+00:00,100463.34460087039
2025-07-16 09:41:00+00:00,100459.2248153412
2025-07-16 09:42:00+00:00,100450.01287254301
2025-07-16 09:43:00+00:00,100443.84598861422
2025-07-16 09:44:00+00:00,100437.21850754553
2025-07-16 09:45:00+00:00,100417.82225020937
2025-07-16 09:46:00+00:00,100434.3525697861
2025-07-16 09:47:00+00:00,100433.63608534625
2025-07-16 09:48:00+00:00,100497.07054700372
2025-07-16 09:49:00+00:00,100494.51167400423
2025-07-16 09:50:00+00:00,100502.23947046271
2025-07-16 09:51:00+00:00,100513.98469753038
2025-07-16 09:52:00+00:00,100518.38595908952
2025-07-16 09:53:00+00:00,100522.42897842871
2025-07-16 09:54:00+00:00,100509.12283883135
2025-07-16 09:55:00+00:00,100500.16678333312
2025-07-16 09:56:00+00:00,100505.2845293321
2025-07-16 09:57:00+00:00,100505.51482790205
2025-07-16 09:58:00+00:00,100511.40023580089
2025-07-16 09:59:00+00:00,100530.6173720271
2025-07-16 10:00:00+00:00,100517.56711972968
2025-07-16 10:01:00+00:00,100511.96318786079
2025-07-16 10:02:00+00:00,100508.8669515314
2025-07-16 10:03:00+00:00,100528.80057219746
2025-07-16 10:04:00+00:00,100523.68282619846
2025-07-16 10:05:00+00:00,100518.28360416954
2025-07-16 10:06:00+00:00,100516.18532830995
2025-07-16 10:07:00+00:00,100516.26209449994
2025-07-16 10:08:00+00:00,100524.19460079836
2025-07-16 10:09:00+00:00,100522.35221223874
2025-07-16 10:10:00+00:00,100524.0410684184
2025-07-16 10:11:00+00:00,100530.66854948709
2025-07-16 10:12:00+00:00,100544.66558479433
2025-07-16 10:13:00+00:00,100538.03810372563
2025-07-16 10:14:00+00:00,100532.40858312674
2025-07-16 10:15:00+00:00,100539.41989514536
2025-07-16 10:16:00+00:00,100529.33793552735
2025-07-16 10:17:00+00:00,100510.63257390104
2025-07-16 10:18:00+00:00,100535.42805326615
2025-07-16 10:19:00+00:00,100536.50277992594
2025-07-16 10:20:00+00:00,100546.17531986404
2025-07-16 10:21:00+00:00,100539.93166974526
2025-07-16 10:22:00+00:00,100537.55191785573
2025-07-16 10:23:00+00:00,100555.9246259921
2025-07-16 10:24:00+00:00,100547.40357890379
2025-07-16 10:25:00+00:00,100528.31438632755
2025-07-16 10:26:00+00:00,100535.96541659604
2025-07-16 10:27:00+00:00,100520.15158145917
2025-07-16 10:28:00+00:00,100530.5917832971
2025-07-16 10:29:00+00:00,100522.14750239877
2025-07-16 10:30:00+00:00,100518.59066892948
2025-07-16 10:31:00+00:00,100509.40431486128
2025-07-16 10:32:00+00:00,100505.796303932
2025-07-16 10:33:00+00:00,100482.81762439654
2025-07-16 10:34:00+00:00,100479.54226695719
2025-07-16 10:35:00+00:00,100479.15843600726
2025-07-16 10:36:00+00:00,100476.62515173777
2025-07-16 10:37:00+00:00,100472.53095493857
2025-07-16 10:38:00+00:00,100445.94426447382
2025-07-16 10:39:00+00:00,100457.1521282116
2025-07-16 10:40:00+00:00,100462.83282627049
2025-07-16 10:41:00+00:00,100436.70673294565
2025-07-16 10:42:00+00:00,100433.61049661625
2025-07-16 10:43:00+00:00,100438.77942007524
2025-07-16 10:44:00+00:00,100432.07517281655
2025-07-16 10:45:00+00:00,100440.80092974483
2025-07-16 10:46:00+00:00,100450.01287254301
2025-07-16 10:47:00+00:00,100450.67817952289
2025-07-16 10:48:00+00:00,100457.6894915415
2025-07-16 10:49:00+00:00,100454.6700214021
2025-07-16 10:50:00+00:00,100451.01083301281
2025-07-16 10:51:00+00:00,100443.71804496426
2025-07-16 10:52:00+00:00,100444.69041670406
2025-07-16 10:53:00+00:00,100442.79685068445
2025-07-16 10:54:00+00:00,100427.49479014747
2025-07-16 10:55:00+00:00,100420.86730907878
2025-07-16 10:56:00+00:00,100416.38928132966
2025-07-16 10:57:00+00:00,100410.0432762909
2025-07-16 10:58:00+00:00,100417.2337094195
2025-07-16 10:59:00+00:00,100410.5294621608
2025-07-16 11:00:00+00:00,100420.81613161878
2025-07-16 11:01:00+00:00,100409.582679151
2025-07-16 11:02:00+00:00,100395.76476495372
2025-07-16 11:03:00+00:00,100394.71562702394
2025-07-16 11:04:00+00:00,100399.32159842302
2025-07-16 11:05:00+00:00,100424.42414254807
2025-07-16 11:06:00+00:00,100431.15397853673
2025-07-16 11:07:00+00:00,100421.37908367868
2025-07-16 11:08:00+00:00,100432.51018122648
2025-07-16 11:09:00+00:00,100434.63404581606
2025-07-16 11:10:00+00:00,100441.54300291468
2025-07-16 11:11:00+00:00,100433.14989947635
2025-07-16 11:12:00+00:00,100441.97801132461
2025-07-16 11:13:00+00:00,100450.47346968293
2025-07-16 11:14:00+00:00,100448.34960509335
2025-07-16 11:15:00+00:00,100442.84802814444
2025-07-16 11:16:00+00:00,100435.17140914594
2025-07-16 11:17:00+00:00,100433.07313328637
2025-07-16 11:18:00+00:00,100425.44769174786
2025-07-16 11:19:00+00:00,100425.98505507776
2025-07-16 11:20:00+00:00,100424.2706101681
2025-07-16 11:21:00+00:00,100432.61253614645
2025-07-16 11:22:00+00:00,100428.31362950729
2025-07-16 11:23:00+00:00,100433.12431074635
2025-07-16 11:24:00+00:00,100446.14897431378
2025-07-16 11:25:00+00:00,100444.35776321412
2025-07-16 11:26:00+00:00,100446.45603907372
2025-07-16 11:27:00+00:00,100451.82967237267
2025-07-16 11:28:00+00:00,100446.40486161373
2025-07-16 11:29:00+00:00,100453.0835201424
2025-07-16 11:30:00+00:00,100448.47754874332
2025-07-16 11:31:00+00:00,100454.61884394211
2025-07-16 11:32:00+00:00,100439.75179181504
2025-07-16 11:33:00+00:00,100440.80092974483
2025-07-16 11:34:00+00:00,100437.67910468545
2025-07-16 11:35:00+00:00,100439.39354959512
2025-07-16 11:36:00+00:00,100432.63812487645
2025-07-16 11:37:00+00:00,100431.53780948666
2025-07-16 11:38:00+00:00,100439.36796086511
2025-07-16 11:39:00+00:00,100433.04754455636
2025-07-16 11:40:00+00:00,100433.63608534625
2025-07-16 11:41:00+00:00,100433.12431074635
2025-07-16 11:42:00+00:00,100433.63608534625
2025-07-16 11:43:00+00:00,100442.36184227452
2025-07-16 11:44:00+00:00,100455.87269171186
2025-07-16 11:45:00+00:00,100450.37111476294
2025-07-16 11:46:00+00:00,100454.03030315222
2025-07-16 11:47:00+00:00,100454.59325521211
2025-07-16 11:48:00+00:00,100455.130618542
2025-07-16 11:49:00+00:00,100452.03438221262
2025-07-16 11:50:00+00:00,100442.36184227452
2025-07-16 11:51:00+00:00,100440.82651847483
2025-07-16 11:52:00+00:00,100439.82855800503
2025-07-16 11:53:00+00:00,100436.75791040563
2025-07-16 11:54:00+00:00,100432.63812487645
2025-07-16 11:55:00+00:00,100404.567288072
2025-07-16 11:56:00+00:00,100424.65444111802
2025-07-16 11:57:00+00:00,100420.91848653877
2025-07-16 11:58:00+00:00,100414.54689277001
2025-07-16 11:59:00+00:00,100421.83968081858
2025-07-16 12:00:00+00:00,100418.12931496931
2025-07-16 12:01:00+00:00,100409.0453158211
2025-07-16 12:02:00+00:00,100411.09241422071
2025-07-16 12:03:00+00:00,100423.2214722383
2025-07-16 12:04:00+00:00,100423.37500461827
2025-07-16 12:05:00+00:00,100435.68318374584
2025-07-16 12:06:00+00:00,100441.82447894463
2025-07-16 12:07:00+00:00,100441.85006767463
2025-07-16 12:08:00+00:00,100449.68021905309
2025-07-16 12:09:00+00:00,100451.49701888273
2025-07-16 12:10:00+00:00,100438.77942007524
2025-07-16 12:11:00+00:00,100437.29527373552
2025-07-16 12:12:00+00:00,100446.94222494362
2025-07-16 12:13:00+00:00,100442.36184227452
2025-07-16 12:14:00+00:00,100435.81112739582
2025-07-16 12:15:00+00:00,100440.80092974483
2025-07-16 12:16:00+00:00,100453.05793141242
2025-07-16 12:17:00+00:00,100453.77441585227
2025-07-16 12:18:00+00:00,100450.93406682284
2025-07-16 12:19:00+00:00,100425.95946634776
2025-07-16 12:20:00+00:00,100423.45177080826
2025-07-16 12:21:00+00:00,100435.52965136587
2025-07-16 12:22:00+00:00,100442.79685068445
2025-07-16 12:23:00+00:00,100437.52557230549
2025-07-16 12:24:00+00:00,100438.77942007524
2025-07-16 12:25:00+00:00,100431.61457567665
2025-07-16 12:26:00+00:00,100444.89512654403
2025-07-16 12:27:00+00:00,100446.07220812379
2025-07-16 12:28:00+00:00,100454.10706934221
2025-07-16 12:29:00+00:00,100455.10502981201
2025-07-16 12:30:00+00:00,100444.89512654403
2025-07-16 12:31:00+00:00,100380.92330155666
2025-07-16 12:32:00+00:00,100403.44138395222
2025-07-16 12:33:00+00:00,100426.7783057076
2025-07-16 12:34:00+00:00,100468.59029051935
2025-07-16 12:35:00+00:00,100469.40912987919
2025-07-16 12:36:00+00:00,100479.72138806715
2025-07-16 12:37:00+00:00,100497.12172446371
2025-07-16 12:38:00+00:00,100482.25467233665
2025-07-16 12:39:00+00:00,100482.74085820655
2025-07-16 12:40:00+00:00,100470.50944526897
2025-07-16 12:41:00+00:00,100457.1777169416
2025-07-16 12:42:00+00:00,100459.63423502112
2025-07-16 12:43:00+00:00,100474.06627873826
2025-07-16 12:44:00+00:00,100471.53299446877
2025-07-16 12:45:00+00:00,100474.78276317813
2025-07-16 12:46:00+00:00,100462.78164881049
2025-07-16 12:47:00+00:00,100477.4184023676
2025-07-16 12:48:00+00:00,100455.10502981201
2025-07-16 12:49:00+00:00,100455.156207272
2025-07-16 12:50:00+00:00,100456.76829726167
2025-07-16 12:51:00+00:00,100453.23705252238
2025-07-16 12:52:00+00:00,100451.06201047282
2025-07-16 12:53:00+00:00,100439.77738054504
2025-07-16 12:54:00+00:00,100434.65963454604
2025-07-16 12:55:00+00:00,100437.26968500554
2025-07-16 12:56:00+00:00,100409.76180026097
2025-07-16 12:57:00+00:00,100395.3553452738
2025-07-16 12:58:00+00:00,100385.55486168574
2025-07-16 12:59:00+00:00,100383.99394915605
2025-07-16 13:00:00+00:00,100377.46882300734
2025-07-16 13:01:00+00:00,100374.90995000784
2025-07-16 13:02:00+00:00,100332.38148075624
2025-07-16 13:03:00+00:00,100336.57803247542
2025-07-16 13:04:00+00:00,100352.16156904234
2025-07-16 13:05:00+00:00,100363.80444119003
2025-07-16 13:06:00+00:00,100356.86989536141
2025-07-16 13:07:00+00:00,100352.13598031233
2025-07-16 13:08:00+00:00,100379.36238902697
2025-07-16 13:09:00+00:00,100375.29378095777
2025-07-16 13:10:00+00:00,100373.24668255818
2025-07-16 13:11:00+00:00,100375.1658373078
2025-07-16 13:12:00+00:00,100414.18865055009
2025-07-16 13:13:00+00:00,100392.71970608433
2025-07-16 13:14:00+00:00,100400.9592771427
2025-07-16 13:15:00+00:00,100410.0176875609
2025-07-16 13:16:00+00:00,100413.16510135029
2025-07-16 13:17:00+00:00,100426.47124094766
2025-07-16 13:18:00+00:00,100424.42414254807
2025-07-16 13:19:00+00:00,100422.09556811853
2025-07-16 13:20:00+00:00,100434.838755656
2025-07-16 13:21:00+00:00,100425.47328047786
2025-07-16 13:22:00+00:00,100427.49479014747
2025-07-16 13:23:00+00:00,100409.60826788099
2025-07-16 13:24:00+00:00,100418.28284734928
2025-07-16 13:25:00+00:00,100419.84375987898
2025-07-16 13:26:00+00:00,100416.2357489497
2025-07-16 13:27:00+00:00,100415.49367577983
2025-07-16 13:28:00+00:00,100431.97281789657
2025-07-16 13:29:00+00:00,100431.94722916657
2025-07-16 13:30:00+00:00,100393.12912576424
2025-07-16 13:31:00+00:00,100415.18661101989
2025-07-16 13:32:00+00:00,100439.75179181504
2025-07-16 13:33:00+00:00,100457.40801551155
2025-07-16 13:34:00+00:00,100460.248364541
2025-07-16 13:35:00+00:00,100399.91013921291
2025-07-16 13:36:00+00:00,100409.37796931104
2025-07-16 13:37:00+00:00,100399.83337302292
2025-07-16 13:38:00+00:00,100402.77607697234
2025-07-16 13:39:00+00:00,100380.38593822677
2025-07-16 13:40:00+00:00,100334.91476502574
2025-07-16 13:41:00+00:00,100358.891405031
2025-07-16 13:42:00+00:00,100312.8572797701
2025-07-16 13:43:00+00:00,100296.50608130332
2025-07-16 13:44:00+00:00,100313.24111072002
2025-07-16 13:45:00+00:00,100310.7845926405
2025-07-16 13:46:00+00:00,100319.3824059188
2025-07-16 13:47:00+00:00,100343.56375576403
2025-07-16 13:48:00+00:00,100341.74695593439
2025-07-16 13:49:00+00:00,100317.77031592913
2025-07-16 13:50:00+00:00,100322.04363383829
2025-07-16 13:51:00+00:00,100301.39352873235
2025-07-16 13:52:00+00:00,100319.25446226883
2025-07-16 13:53:00+00:00,100320.68743114854
2025-07-16 13:54:00+00:00,100322.83688446812
2025-07-16 13:55:00+00:00,100369.79220400886
2025-07-16 13:56:00+00:00,100376.31733015756
2025-07-16 13:57:00+00:00,100402.34106856243
2025-07-16 13:58:00+00:00,100413.1395126203
2025-07-16 13:59:00+00:00,100399.88455048291
2025-07-16 14:00:00+00:00,100406.00025695171
2025-07-16 14:01:00+00:00,100400.83133349272
2025-07-16 14:02:00+00:00,100410.50387343082
2025-07-16 14:03:00+00:00,100391.49144704457
2025-07-16 14:04:00+00:00,100416.77311227958
2025-07-16 14:05:00+00:00,100396.8906690735
2025-07-16 14:06:00+00:00,100396.30212828363
2025-07-16 14:07:00+00:00,100352.80128729221
2025-07-16 14:08:00+00:00,100311.8593193003
2025-07-16 14:09:00+00:00,100355.82075743162
2025-07-16 14:10:00+00:00,100360.32437391073
2025-07-16 14:11:00+00:00,100343.53816703404
2025-07-16 14:12:00+00:00,100347.65795256323
2025-07-16 14:13:00+00:00,100326.77754888734
2025-07-16 14:14:00+00:00,100295.45694337353
2025-07-16 14:15:00+00:00,100327.18696856727
2025-07-16 14:16:00+00:00,100281.58785171626
2025-07-16 14:17:00+00:00,100312.8316910401
2025-07-16 14:18:00+00:00,100333.32826376606
2025-07-16 14:19:00+00:00,100334.76123264577
2025-07-16 14:20:00+00:00,100339.46955896485
2025-07-16 14:21:00+00:00,100324.73045048775
2025-07-16 14:22:00+00:00,100326.5216615874
2025-07-16 14:23:00+00:00,100313.34346564
2025-07-16 14:24:00+00:00,100322.04363383829
2025-07-16 14:25:00+00:00,100308.76308297091
2025-07-16 14:26:00+00:00,100315.77439498952
2025-07-16 14:27:00+00:00,100335.88713676555
2025-07-16 14:28:00+00:00,100327.85227554713
2025-07-16 14:29:00+00:00,100347.65795256323
2025-07-16 14:30:00+00:00,100375.29378095777
2025-07-16 14:31:00+00:00,100345.61085416363
2025-07-16 14:32:00+00:00,100354.54132093186
2025-07-16 14:33:00+00:00,100331.28116536647
2025-07-16 14:34:00+00:00,100339.93015610476
2025-07-16 14:35:00+00:00,100311.8593193003
2025-07-16 14:36:00+00:00,100310.3239955006
2025-07-16 14:37:00+00:00,100328.18492903707
2025-07-16 14:38:00+00:00,100323.06718303807
2025-07-16 14:39:00+00:00,100327.16137983727
2025-07-16 14:40:00+00:00,100342.00284323434
2025-07-16 14:41:00+00:00,100320.35477765862
2025-07-16 14:42:00+00:00,100359.17288106095
2025-07-16 14:43:00+00:00,100371.48106018853
2025-07-16 14:44:00+00:00,100387.62754881533
2025-07-16 14:45:00+00:00,100400.54985746279
2025-07-16 14:46:00+00:00,100411.93684231053
2025-07-16 14:47:00+00:00,100415.49367577983
2025-07-16 14:48:00+00:00,100443.28303655435
2025-07-16 14:49:00+00:00,100485.29973120605
2025-07-16 14:50:00+00:00,100463.31901214039
2025-07-16 14:51:00+00:00,100467.89939480949
2025-07-16 14:52:00+00:00,100479.4655007672
2025-07-16 14:53:00+00:00,100474.93629555809
2025-07-16 14:54:00+00:00,100445.73955463385
2025-07-16 14:55:00+00:00,100473.93833508829
2025-07-16 14:56:00+00:00,100538.52428959555
2025-07-16 14:57:00+00:00,100524.85990777824
2025-07-16 14:58:00+00:00,100483.76440740636
2025-07-16 14:59:00+00:00,100498.24762858349
2025-07-16 15:00:00+00:00,100501.08797761293
2025-07-16 15:01:00+00:00,100517.13211131976
2025-07-16 15:02:00+00:00,100515.26413403013
2025-07-16 15:03:00+00:00,100544.17939892442
2025-07-16 15:04:00+00:00,100563.67801118057
2025-07-16 15:05:00+00:00,100652.675614103
2025-07-16 15:06:00+00:00,100684.40563929673
2025-07-16 15:07:00+00:00,100649.6049665036
2025-07-16 15:08:00+00:00,100670.61331382945
2025-07-16 15:09:00+00:00,100653.1873887029
2025-07-16 15:10:00+00:00,100663.62759054084
2025-07-16 15:11:00+00:00,100606.97414233202
2025-07-16 15:12:00+00:00,100598.0436755638
2025-07-16 15:13:00+00:00,100536.40042500597
2025-07-16 15:14:00+00:00,100524.75755285827
2025-07-16 15:15:00+00:00,100476.19014332784
2025-07-16 15:16:00+00:00,100533.91831819645
2025-07-16 15:17:00+00:00,100518.66743511945
2025-07-16 15:18:00+00:00,100516.9529902098
2025-07-16 15:19:00+00:00,100548.68301540354
2025-07-16 15:20:00+00:00,100565.64834339017
2025-07-16 15:21:00+00:00,100494.20460924429
2025-07-16 15:22:00+00:00,100523.73400365846
2025-07-16 15:23:00+00:00,100537.55191785573
2025-07-16 15:24:00+00:00,100538.03810372563
2025-07-16 15:25:00+00:00,100535.09539977621
2025-07-16 15:26:00+00:00,100571.27786398907
2025-07-16 15:27:00+00:00,100601.5237428431
2025-07-16 15:28:00+00:00,100612.62925166091
2025-07-16 15:29:00+00:00,100607.17885217199
2025-07-16 15:30:00+00:00,100581.02717011714
2025-07-16 15:31:00+00:00,100553.3913417226
2025-07-16 15:32:00+00:00,100527.03494982781
2025-07-16 15:33:00+00:00,100495.04903733413
2025-07-16 15:34:00+00:00,100494.02548813433
2025-07-16 15:35:00+00:00,100434.12227121615
2025-07-16 15:36:00+00:00,100377.85265395726
2025-07-16 15:37:00+00:00,100364.03473975998
2025-07-16 15:38:00+00:00,100392.69411735433
2025-07-16 15:39:00+00:00,100395.76476495372
2025-07-16 15:40:00+00:00,100427.49479014747
2025-07-16 15:41:00+00:00,100438.75383134524
2025-07-16 15:42:00+00:00,100443.89716607422
2025-07-16 15:43:00+00:00,100473.58009286836
2025-07-16 15:44:00+00:00,100493.51371353443
2025-07-16 15:45:00+00:00,100494.56285146422
2025-07-16 15:46:00+00:00,100487.37241833564
2025-07-16 15:47:00+00:00,100521.63572779887
2025-07-16 15:48:00+00:00,100531.6409212269
2025-07-16 15:49:00+00:00,100558.4834989916
2025-07-16 15:50:00+00:00,100544.17939892442
2025-07-16 15:51:00+00:00,100547.25004652381
2025-07-16 15:52:00+00:00,100509.3787261313
2025-07-16 15:53:00+00:00,100559.53263692139
2025-07-16 15:54:00+00:00,100553.00751077267
2025-07-16 15:55:00+00:00,100487.19329722568
2025-07-16 15:56:00+00:00,100498.11968493351
2025-07-16 15:57:00+00:00,100460.248364541
2025-07-16 15:58:00+00:00,100505.2845293321
2025-07-16 15:59:00+00:00,100507.8434023316
2025-07-16 16:00:00+00:00,100481.84525265673
2025-07-16 16:01:00+00:00,100473.04272953847
2025-07-16 16:02:00+00:00,100466.8246681497
2025-07-16 16:03:00+00:00,100454.72119886208
2025-07-16 16:04:00+00:00,100422.35145541848
2025-07-16 16:05:00+00:00,100446.91663621363
2025-07-16 16:06:00+00:00,100473.81039143831
2025-07-16 16:07:00+00:00,100394.74121575392
2025-07-16 16:08:00+00:00,100353.876013952
2025-07-16 16:09:00+00:00,100381.92126202646
2025-07-16 16:10:00+00:00,100376.31733015756
2025-07-16 16:11:00+00:00,100419.89493733896
2025-07-16 16:12:00+00:00,100419.30639654907
2025-07-16 16:13:00+00:00,100408.0473553513
2025-07-16 16:14:00+00:00,100422.37704414848
2025-07-16 16:15:00+00:00,100420.32994574888
2025-07-16 16:16:00+00:00,100436.09260342576
2025-07-16 16:17:00+00:00,100446.58398272369
2025-07-16 16:18:00+00:00,100424.42414254807
2025-07-16 16:19:00+00:00,100455.56562695192
2025-07-16 16:20:00+00:00,100476.65074046775
2025-07-16 16:21:00+00:00,100484.81354533615
2025-07-16 16:22:00+00:00,100515.4176664101
2025-07-16 16:23:00+00:00,100517.13211131976
2025-07-16 16:24:00+00:00,100533.96949565643
2025-07-16 16:25:00+00:00,100512.62849484065
2025-07-16 16:26:00+00:00,100520.63776732907
2025-07-16 16:27:00+00:00,100523.65723746848
2025-07-16 16:28:00+00:00,100520.63776732907
2025-07-16 16:29:00+00:00,100523.22222905856
2025-07-16 16:30:00+00:00,100531.89680852684
2025-07-16 16:31:00+00:00,100563.80595483055
2025-07-16 16:32:00+00:00,100531.89680852684
2025-07-16 16:33:00+00:00,100542.61848639473
2025-07-16 16:34:00+00:00,100522.17309112876
2025-07-16 16:35:00+00:00,100497.30084557369
2025-07-16 16:36:00+00:00,100501.03680015294
2025-07-16 16:37:00+00:00,100490.647775775
2025-07-16 16:38:00+00:00,100498.58028207342
2025-07-16 16:39:00+00:00,100528.74939473748
2025-07-16 16:40:00+00:00,100529.82412139725
2025-07-16 16:41:00+00:00,100524.91108523823
2025-07-16 16:42:00+00:00,100526.77906252786
2025-07-16 16:43:00+00:00,100510.42786406109
2025-07-16 16:44:00+00:00,100503.23743093251
2025-07-16 16:45:00+00:00,100505.770715202
2025-07-16 16:46:00+00:00,100488.83097594536
2025-07-16 16:47:00+00:00,100484.32735946625
2025-07-16 16:48:00+00:00,100494.05107686433
2025-07-16 16:49:00+00:00,100499.14323413331
2025-07-16 16:50:00+00:00,100515.59678752007
2025-07-16 16:51:00+00:00,100504.2609801323
2025-07-16 16:52:00+00:00,100541.08316259502
2025-07-16 16:53:00+00:00,100529.5682340973
2025-07-16 16:54:00+00:00,100532.20387328678
2025-07-16 16:55:00+00:00,100542.05553433484
2025-07-16 16:56:00+00:00,100554.18459235245
2025-07-16 16:57:00+00:00,100541.10875132502
2025-07-16 16:58:00+00:00,100558.53467645159
2025-07-16 16:59:00+00:00,100555.46402885219
2025-07-16 17:00:00+00:00,100561.63091278098
2025-07-16 17:01:00+00:00,100555.77109361213
2025-07-16 17:02:00+00:00,100577.44474791785
2025-07-16 17:03:00+00:00,100547.25004652381
2025-07-16 17:04:00+00:00,100543.61644686453
2025-07-16 17:05:00+00:00,100544.17939892442
2025-07-16 17:06:00+00:00,100548.04329715366
2025-07-16 17:07:00+00:00,100549.80891952332
2025-07-16 17:08:00+00:00,100554.4148909224
2025-07-16 17:09:00+00:00,100547.25004652381
2025-07-16 17:10:00+00:00,100539.08724165543
2025-07-16 17:11:00+00:00,100550.29510539322
2025-07-16 17:12:00+00:00,100537.04014325583
2025-07-16 17:13:00+00:00,100540.57138799514
2025-07-16 17:14:00+00:00,100534.25097168639
2025-07-16 17:15:00+00:00,100546.22649732401
2025-07-16 17:16:00+00:00,100557.9973131217
2025-07-16 17:17:00+00:00,100570.07519367931
2025-07-16 17:18:00+00:00,100568.36074876964
2025-07-16 17:19:00+00:00,100572.81318778876
2025-07-16 17:20:00+00:00,100608.63740978169
2025-07-16 17:21:00+00:00,100577.95652251775
2025-07-16 17:22:00+00:00,100598.4530952437
2025-07-16 17:23:00+00:00,100600.62813729327
2025-07-16 17:24:00+00:00,100614.77870498048
2025-07-16 17:25:00+00:00,100615.52077815034
2025-07-16 17:26:00+00:00,100651.70324236319
2025-07-16 17:27:00+00:00,100638.34592530582
2025-07-16 17:28:00+00:00,100637.88532816592
2025-07-16 17:29:00+00:00,100645.15252748449
2025-07-16 17:30:00+00:00,100642.46571083501
2025-07-16 17:31:00+00:00,100648.81171587376
2025-07-16 17:32:00+00:00,100648.58141730381
2025-07-16 17:33:00+00:00,100642.44012210502
2025-07-16 17:34:00+00:00,100647.94169905393
2025-07-16 17:35:00+00:00,100650.6285157034
2025-07-16 17:36:00+00:00,100634.89144675652
2025-07-16 17:37:00+00:00,100614.57399514053
2025-07-16 17:38:00+00:00,100618.97525669966
2025-07-16 17:39:00+00:00,100620.43381430936
2025-07-16 17:40:00+00:00,100612.75719531089
2025-07-16 17:41:00+00:00,100618.89849050967
2025-07-16 17:42:00+00:00,100566.87660242994
2025-07-16 17:43:00+00:00,100566.87660242994
2025-07-16 17:44:00+00:00,100559.50704819139
2025-07-16 17:45:00+00:00,100570.76608938917
2025-07-16 17:46:00+00:00,100585.63314151624
2025-07-16 17:47:00+00:00,100608.40711121174
2025-07-16 17:48:00+00:00,100594.97302796438
2025-07-16 17:49:00+00:00,100576.39560998806
2025-07-16 17:50:00+00:00,100527.82820045765
2025-07-16 17:51:00+00:00,100519.15362098937
2025-07-16 17:52:00+00:00,100527.54672442771
2025-07-16 17:53:00+00:00,100543.7443905145
2025-07-16 17:54:00+00:00,100504.67039981222
2025-07-16 17:55:00+00:00,100486.32328040585
2025-07-16 17:56:00+00:00,100496.07258653392
2025-07-16 17:57:00+00:00,100505.2845293321
2025-07-16 17:58:00+00:00,100489.18921816528
2025-07-16 17:59:00+00:00,100500.78091285299
2025-07-16 18:00:00+00:00,100500.96003396295
2025-07-16 18:01:00+00:00,100495.53522320403
2025-07-16 18:02:00+00:00,100483.9691172463
2025-07-16 18:03:00+00:00,100483.78999613634
2025-07-16 18:04:00+00:00,100515.95502974
2025-07-16 18:05:00+00:00,100544.76793971431
2025-07-16 18:06:00+00:00,100597.40395731392
2025-07-16 18:07:00+00:00,100578.46829711765
2025-07-16 18:08:00+00:00,100591.3394283051
2025-07-16 18:09:00+00:00,100600.47460491331
2025-07-16 18:10:00+00:00,100583.12544597674
2025-07-16 18:11:00+00:00,100567.5419094098
2025-07-16 18:12:00+00:00,100572.83877651877
2025-07-16 18:13:00+00:00,100583.96987406656
2025-07-16 18:14:00+00:00,100565.69952085018
2025-07-16 18:15:00+00:00,100567.72103051978
2025-07-16 18:16:00+00:00,100579.97803218735
2025-07-16 18:17:00+00:00,100573.83673698857
2025-07-16 18:18:00+00:00,100557.51112725178
2025-07-16 18:19:00+00:00,100522.22426858876
2025-07-16 18:20:00+00:00,100521.66131652887
2025-07-16 18:21:00+00:00,100538.31957975558
2025-07-16 18:22:00+00:00,100540.03402466525
2025-07-16 18:23:00+00:00,100539.29195149538
2025-07-16 18:24:00+00:00,100541.33904989497
2025-07-16 18:25:00+00:00,100519.53745193928
2025-07-16 18:26:00+00:00,100513.03791452057
2025-07-16 18:27:00+00:00,100530.54060583712
2025-07-16 18:28:00+00:00,100527.75143426767
2025-07-16 18:29:00+00:00,100527.80261172766
2025-07-16 18:30:00+00:00,100558.15084550166
2025-07-16 18:31:00+00:00,100566.00658561011
2025-07-16 18:32:00+00:00,100606.36001281215
2025-07-16 18:33:00+00:00,100605.1061650424
2025-07-16 18:34:00+00:00,100634.53320453658
2025-07-16 18:35:00+00:00,100630.15753170745
2025-07-16 18:36:00+00:00,100636.78501277613
2025-07-16 18:37:00+00:00,100633.22817930684
2025-07-16 18:38:00+00:00,100623.3509295288
2025-07-16 18:39:00+00:00,100623.58122809874
2025-07-16 18:40:00+00:00,100631.12990344726
2025-07-16 18:41:00+00:00,100651.26823395328
2025-07-16 18:42:00+00:00,100640.0347814855
2025-07-16 18:43:00+00:00,100663.49964689086
2025-07-16 18:44:00+00:00,100667.05648036016
2025-07-16 18:45:00+00:00,100719.4877881198
2025-07-16 18:46:00+00:00,100703.49483187296
2025-07-16 18:47:00+00:00,100671.12508842935
2025-07-16 18:48:00+00:00,100658.84249803178
2025-07-16 18:49:00+00:00,100693.87346939486
2025-07-16 18:50:00+00:00,100664.93261577058
2025-07-16 18:51:00+00:00,100615.80225418028
2025-07-16 18:52:00+00:00,100608.99565200163
2025-07-16 18:53:00+00:00,100605.64352837228
2025-07-16 18:54:00+00:00,100631.48814566719
2025-07-16 18:55:00+00:00,100643.43808257482
2025-07-16 18:56:00+00:00,100635.9661734163
2025-07-16 18:57:00+00:00,100629.03162758767
2025-07-16 18:58:00+00:00,100623.53005063876
2025-07-16 18:59:00+00:00,100614.03663181062
2025-07-16 19:00:00+00:00,100637.29678737604
2025-07-16 19:01:00+00:00,100635.78705230633
2025-07-16 19:02:00+00:00,100636.86177896612
2025-07-16 19:03:00+00:00,100635.27527770643
2025-07-16 19:04:00+00:00,100618.2587722598
2025-07-16 19:05:00+00:00,100605.5923509123
2025-07-16 19:06:00+00:00,100611.22187151118
2025-07-16 19:07:00+00:00,100583.56045438664
2025-07-16 19:08:00+00:00,100612.42454182095
2025-07-16 19:09:00+00:00,100591.00677481518
2025-07-16 19:10:00+00:00,100547.27563525381
2025-07-16 19:11:00+00:00,100552.3677925228
2025-07-16 19:12:00+00:00,100537.11690944582
2025-07-16 19:13:00+00:00,100524.70637539827
2025-07-16 19:14:00+00:00,100538.49870086554
2025-07-16 19:15:00+00:00,100548.27359572361
2025-07-16 19:16:00+00:00,100534.78833501627
2025-07-16 19:17:00+00:00,100526.77906252786
2025-07-16 19:18:00+00:00,100530.43825091714
2025-07-16 19:19:00+00:00,100543.46291448457
2025-07-16 19:20:00+00:00,100536.27248135599
2025-07-16 19:21:00+00:00,100541.13434005502
2025-07-16 19:22:00+00:00,100576.65149728801
2025-07-16 19:23:00+00:00,100551.34424332301
2025-07-16 19:24:00+00:00,100556.461989322
2025-07-16 19:25:00+00:00,100562.96152674072
2025-07-16 19:26:00+00:00,100563.80595483055
2025-07-16 19:27:00+00:00,100546.22649732401
2025-07-16 19:28:00+00:00,100520.4330574891
2025-07-16 19:29:00+00:00,100528.82616092745
2025-07-16 19:30:00+00:00,100480.71934853695
2025-07-16 19:31:00+00:00,100463.11430230043
2025-07-16 19:32:00+00:00,100447.5051770035
2025-07-16 19:33:00+00:00,100460.65778422091
2025-07-16 19:34:00+00:00,100458.7130407413
2025-07-16 19:35:00+00:00,100462.29546294059
2025-07-16 19:36:00+00:00,100470.45826780898
2025-07-16 19:37:00+00:00,100461.42544612076
2025-07-16 19:38:00+00:00,100453.33940744236
2025-07-16 19:39:00+00:00,100463.54931071034
2025-07-16 19:40:00+00:00,100469.20442003923
2025-07-16 19:41:00+00:00,100454.49090029213
2025-07-16 19:42:00+00:00,100466.59436957975
2025-07-16 19:43:00+00:00,100466.38965973978
2025-07-16 19:44:00+00:00,100459.2248153412
2025-07-16 19:45:00+00:00,100488.60067737539
2025-07-16 19:46:00+00:00,100483.30381026644
2025-07-16 19:47:00+00:00,100512.44937373069
2025-07-16 19:48:00+00:00,100509.89050073118
2025-07-16 19:49:00+00:00,100519.00008860939
2025-07-16 19:50:00+00:00,100507.07574043176
2025-07-16 19:51:00+00:00,100536.98896579584
2025-07-16 19:52:00+00:00,100526.77906252786
2025-07-16 19:53:00+00:00,100553.4169304526
2025-07-16 19:54:00+00:00,100535.76070675609
2025-07-16 19:55:00+00:00,100519.9724603492
2025-07-16 19:56:00+00:00,100522.68486572866
2025-07-16 19:57:00+00:00,100528.87733838745
2025-07-16 19:58:00+00:00,100520.66335605907
2025-07-16 19:59:00+00:00,100542.51613147475
2025-07-16 20:00:00+00:00,100533.07389010662
2025-07-16 20:01:00+00:00,100510.68375136104
2025-07-16 20:02:00+00:00,100532.0759296368
2025-07-16 20:03:00+00:00,100543.15584972463
2025-07-16 20:04:00+00:00,100547.42916763377
2025-07-16 20:05:00+00:00,100561.52855786099
2025-07-16 20:06:00+00:00,100546.25208605401
2025-07-16 20:07:00+00:00,100520.33070256913
2025-07-16 20:08:00+00:00,100520.04922653918
2025-07-16 20:09:00+00:00,100515.59678752007
2025-07-16 20:10:00+00:00,100491.23631656487
2025-07-16 20:11:00+00:00,100468.69264543933
2025-07-16 20:12:00+00:00,100497.27525684368
2025-07-16 20:13:00+00:00,100536.91219960585
2025-07-16 20:14:00+00:00,100552.31661506282
2025-07-16 20:15:00+00:00,100532.86918026666
2025-07-16 20:16:00+00:00,100545.86825510408
2025-07-16 20:17:00+00:00,100559.07203978149
2025-07-16 20:18:00+00:00,100552.62367982275
2025-07-16 20:19:00+00:00,100553.3657529926
2025-07-16 20:20:00+00:00,100567.72103051978
2025-07-16 20:21:00+00:00,100553.3913417226
2025-07-16 20:22:00+00:00,100560.53059739119
2025-07-16 20:23:00+00:00,100583.07426851674
2025-07-16 20:24:00+00:00,100591.3394283051
2025-07-16 20:25:00+00:00,100587.2964089659
2025-07-16 20:26:00+00:00,100597.73661080384
2025-07-16 20:27:00+00:00,100598.42750651372
2025-07-16 20:28:00+00:00,100631.69285550714
2025-07-16 20:29:00+00:00,100636.29882690623
2025-07-16 20:30:00+00:00,100634.25172850664
2025-07-16 20:31:00+00:00,100632.23021883704
2025-07-16 20:32:00+00:00,100633.25376803684
2025-07-16 20:33:00+00:00,100655.7206729724
2025-07-16 20:34:00+00:00,100663.90906657078
2025-07-16 20:35:00+00:00,100667.92649717999
2025-07-16 20:36:00+00:00,100634.27731723663
2025-07-16 20:37:00+00:00,100652.52208172303
2025-07-16 20:38:00+00:00,100678.11081171798
2025-07-16 20:39:00+00:00,100678.26434409794
2025-07-16 20:40:00+00:00,100665.98175370037
2025-07-16 20:41:00+00:00,100673.12100936896
2025-07-16 20:42:00+00:00,100697.81413381408
2025-07-16 20:43:00+00:00,100707.8960934321
2025-07-16 20:44:00+00:00,100721.48370905941
2025-07-16 20:45:00+00:00,100703.21335584302
2025-07-16 20:46:00+00:00,100683.86827596684
2025-07-16 20:47:00+00:00,100678.77611869785
2025-07-16 20:48:00+00:00,100674.60515570868
2025-07-16 20:49:00+00:00,100669.05240129976
2025-07-16 20:50:00+00:00,100665.90498751038
2025-07-16 20:51:00+00:00,100669.56417589966
2025-07-16 20:52:00+00:00,100668.3870943199
2025-07-16 20:53:00+00:00,100672.86512206901
2025-07-16 20:54:00+00:00,100654.7227125026
2025-07-16 20:55:00+00:00,100654.64594631261
2025-07-16 20:56:00+00:00,100621.99472683905
2025-07-16 20:57:00+00:00,100650.6285157034
2025-07-16 20:58:00+00:00,100701.7803869633
2025-07-16 20:59:00+00:00,100715.08652656067
2025-07-16 21:00:00+00:00,100727.39470568825
2025-07-16 21:01:00+00:00,100739.88200592579
2025-07-16 21:02:00+00:00,100740.70084528561
2025-07-16 21:03:00+00:00,100736.32517245648
2025-07-16 21:04:00+00:00,100716.64743909036
2025-07-16 21:05:00+00:00,100700.42418427358
2025-07-16 21:06:00+00:00,100700.68007157353
2025-07-16 21:07:00+00:00,100725.21966363868
2025-07-16 21:08:00+00:00,100736.32517245648
2025-07-16 21:09:00+00:00,100734.78984865679
2025-07-16 21:10:00+00:00,100732.79392771718
2025-07-16 21:11:00+00:00,100736.47870483645
2025-07-16 21:12:00+00:00,100737.11842308633
2025-07-16 21:13:00+00:00,100735.48074436665
2025-07-16 21:14:00+00:00,100710.09672421166
2025-07-16 21:15:00+00:00,100686.55509261631
2025-07-16 21:16:00+00:00,100688.73013466588
2025-07-16 21:17:00+00:00,100689.1907318058
2025-07-16 21:18:00+00:00,100675.16810776855
2025-07-16 21:19:00+00:00,100690.31663592557
2025-07-16 21:20:00+00:00,100692.56844416512
2025-07-16 21:21:00+00:00,100682.81913803704
2025-07-16 21:22:00+00:00,100688.141593876
2025-07-16 21:23:00+00:00,100704.79985710271
2025-07-16 21:24:00+00:00,100700.7824264935
2025-07-16 21:25:00+00:00,100698.53061825395
2025-07-16 21:26:00+00:00,100701.14066871343
2025-07-16 21:27:00+00:00,100705.87458376249
2025-07-16 21:28:00+00:00,100721.12546683948
2025-07-16 21:29:00+00:00,100722.68637936917
2025-07-16 21:30:00+00:00,100717.90128686011
2025-07-16 21:31:00+00:00,100710.99232976149
2025-07-16 21:32:00+00:00,100693.61758209491
2025-07-16 21:33:00+00:00,100684.35446183675
2025-07-16 21:34:00+00:00,100671.09949969937
2025-07-16 21:35:00+00:00,100653.46886473284
2025-07-16 21:36:00+00:00,100636.91295642611
2025-07-16 21:37:00+00:00,100615.87902037027
2025-07-16 21:38:00+00:00,100628.08484457785
2025-07-16 21:39:00+00:00,100640.36743497543
2025-07-16 21:40:00+00:00,100638.34592530582
2025-07-16 21:41:00+00:00,100631.00195979729
2025-07-16 21:42:00+00:00,100624.04182523866
2025-07-16 21:43:00+00:00,100587.16846531593
2025-07-16 21:44:00+00:00,100578.13564362771
2025-07-16 21:45:00+00:00,100590.72529878523
2025-07-16 21:46:00+00:00,100598.9648698436
2025-07-16 21:47:00+00:00,100596.25246446414
2025-07-16 21:48:00+00:00,100598.19720794375
2025-07-16 21:49:00+00:00,100604.5688017125
2025-07-16 21:50:00+00:00,100605.5923509123
2025-07-16 21:51:00+00:00,100611.73364611108
2025-07-16 21:52:00+00:00,100614.57399514053
2025-07-16 21:53:00+00:00,100613.80633324067
2025-07-16 21:54:00+00:00,100613.75515578069
2025-07-16 21:55:00+00:00,100599.96283031341
2025-07-16 21:56:00+00:00,100597.91573191382
2025-07-16 21:57:00+00:00,100580.00362091736
2025-07-16 21:58:00+00:00,100552.34220379281
2025-07-16 21:59:00+00:00,100558.02290185168
2025-07-16 22:00:00+00:00,100595.33127018432
2025-07-16 22:01:00+00:00,100568.74457971957
2025-07-16 22:02:00+00:00,100587.68023991583
2025-07-16 22:03:00+00:00,100571.73846112897
2025-07-16 22:04:00+00:00,100563.14064785068
2025-07-16 22:05:00+00:00,100563.62683372058
2025-07-16 22:06:00+00:00,100558.02290185168
2025-07-16 22:07:00+00:00,100539.67578244531
2025-07-16 22:08:00+00:00,100538.34516848557
2025-07-16 22:09:00+00:00,100539.57342752533
2025-07-16 22:10:00+00:00,100557.25523995185
2025-07-16 22:11:00+00:00,100553.13545442265
2025-07-16 22:12:00+00:00,100573.86232571857
2025-07-16 22:13:00+00:00,100552.3933812528
2025-07-16 22:14:00+00:00,100566.67189258998
2025-07-16 22:15:00+00:00,100548.75978159352
2025-07-16 22:16:00+00:00,100569.28194304947
2025-07-16 22:17:00+00:00,100589.67616085544
2025-07-16 22:18:00+00:00,100583.84193041659
2025-07-16 22:19:00+00:00,100592.28621131493
2025-07-16 22:20:00+00:00,100585.8890288162
2025-07-16 22:21:00+00:00,100590.23911291533
2025-07-16 22:22:00+00:00,100567.20925591988
2025-07-16 22:23:00+00:00,100574.88587491836
2025-07-16 22:24:00+00:00,100573.88791444855
2025-07-16 22:25:00+00:00,100544.2305763844
2025-07-16 22:26:00+00:00,100552.16308268285
2025-07-16 22:27:00+00:00,100532.94594645665
2025-07-16 22:28:00+00:00,100534.96745612624
2025-07-16 22:29:00+00:00,100532.94594645665
2025-07-16 22:30:00+00:00,100548.73419286353
2025-07-16 22:31:00+00:00,100538.37075721557
2025-07-16 22:32:00+00:00,100524.65519793828
2025-07-16 22:33:00+00:00,100510.42786406109
2025-07-16 22:34:00+00:00,100510.91404993099
2025-07-16 22:35:00+00:00,100517.02975639977
2025-07-16 22:36:00+00:00,100509.3787261313
2025-07-16 22:37:00+00:00,100481.4870104368
2025-07-16 22:38:00+00:00,100478.80019378733
2025-07-16 22:39:00+00:00,100479.03049235728
2025-07-16 22:40:00+00:00,100480.20757393705
2025-07-16 22:41:00+00:00,100469.48589606918
2025-07-16 22:42:00+00:00,100468.8461778193
2025-07-16 22:43:00+00:00,100467.3364427496
2025-07-16 22:44:00+00:00,100486.0418043759
2025-07-16 22:45:00+00:00,100456.1541677418
2025-07-16 22:46:00+00:00,100440.62180863487
2025-07-16 22:47:00+00:00,100413.16510135029
2025-07-16 22:48:00+00:00,100405.10465140188
2025-07-16 22:49:00+00:00,100385.50368422575
2025-07-16 22:50:00+00:00,100397.3768549434
2025-07-16 22:51:00+00:00,100388.59992055513
2025-07-16 22:52:00+00:00,100399.70542937295
2025-07-16 22:53:00+00:00,100409.88974391094
2025-07-16 22:54:00+00:00,100400.88251095271
2025-07-16 22:55:00+00:00,100402.41783475241
2025-07-16 22:56:00+00:00,100397.04420145348
2025-07-16 22:57:00+00:00,100396.76272542353
2025-07-16 22:58:00+00:00,100393.48736798417
2025-07-16 22:59:00+00:00,100392.69411735433
2025-07-16 23:00:00+00:00,100391.79851180452
2025-07-16 23:01:00+00:00,100391.84968926449
2025-07-16 23:02:00+00:00,100385.93869263567
2025-07-16 23:03:00+00:00,100374.52611905792
2025-07-16 23:04:00+00:00,100359.9661316908
2025-07-16 23:05:00+00:00,100375.80555555767
2025-07-16 23:06:00+00:00,100383.45658582615
2025-07-16 23:07:00+00:00,100381.94685075646
2025-07-16 23:08:00+00:00,100381.92126202646
2025-07-16 23:09:00+00:00,100366.61920148949
2025-07-16 23:10:00+00:00,100369.51072797891
2025-07-16 23:11:00+00:00,100369.17807448897
2025-07-16 23:12:00+00:00,100369.12689702898
2025-07-16 23:13:00+00:00,100376.01026539764
2025-07-16 23:14:00+00:00,100376.31733015756
2025-07-16 23:15:00+00:00,100359.9661316908
2025-07-16 23:16:00+00:00,100355.3601602917
2025-07-16 23:17:00+00:00,100349.73063969282
2025-07-16 23:18:00+00:00,100330.84615695654
2025-07-16 23:19:00+00:00,100330.28320489667
2025-07-16 23:20:00+00:00,100379.89975235685
2025-07-16 23:21:00+00:00,100375.75437809768
2025-07-16 23:22:00+00:00,100387.98579103526
2025-07-16 23:23:00+00:00,100382.99598868625
2025-07-16 23:24:00+00:00,100386.04104755564
2025-07-16 23:25:00+00:00,100379.64386505692
2025-07-16 23:26:00+00:00,100389.41875991499
2025-07-16 23:27:00+00:00,100387.88343611528
2025-07-16 23:28:00+00:00,100391.67056815454
2025-07-16 23:29:00+00:00,100392.61735116434
2025-07-16 23:30:00+00:00,100386.55282215554
2025-07-16 23:31:00+00:00,100391.00526117467
2025-07-16 23:32:00+00:00,100387.06459675544
2025-07-16 23:33:00+00:00,100383.48217455615
2025-07-16 23:34:00+00:00,100383.48217455615
2025-07-16 23:35:00+00:00,100393.46177925418
2025-07-16 23:36:00+00:00,100398.4771703332
2025-07-16 23:37:00+00:00,100413.42098865024
2025-07-16 23:38:00+00:00,100406.12820060168
2025-07-16 23:39:00+00:00,100423.93795667816
2025-07-16 23:40:00+00:00,100425.44769174786
2025-07-16 23:41:00+00:00,100433.61049661625
2025-07-16 23:42:00+00:00,100428.00656474737
2025-07-16 23:43:00+00:00,100433.68726280624
2025-07-16 23:44:00+00:00,100439.00971864519
2025-07-16 23:45:00+00:00,100429.69542092703
2025-07-16 23:46:00+00:00,100434.65963454604
2025-07-16 23:47:00+00:00,100422.86323001838
2025-07-16 23:48:00+00:00,100429.23482378712
2025-07-16 23:49:00+00:00,100423.40059334827
2025-07-16 23:50:00+00:00,100398.86100128312
2025-07-16 23:51:00+00:00,100402.41783475241
2025-07-16 23:52:00+00:00,100393.79443274412
2025-07-16 23:53:00+00:00,100387.57637135535
2025-07-16 23:54:00+00:00,100392.66852862434
2025-07-16 23:55:00+00:00,100391.69615688453
2025-07-16 23:56:00+00:00,100391.69615688453
2025-07-16 23:57:00+00:00,100408.0473553513
2025-07-16 23:58:00+00:00,100400.21720397285
2025-07-16 23:59:00+00:00,100385.96428136565
2025-07-17 00:00:00+00:00,100393.58972290416
2025-07-17 00:01:00+00:00,100391.18438228463
2025-07-17 00:02:00+00:00,100397.76068589333
2025-07-17 00:03:00+00:00,100399.83337302292
2025-07-17 00:04:00+00:00,100397.83745208332
2025-07-17 00:05:00+00:00,100409.35238058105
2025-07-17 00:06:00+00:00,100402.80166570234
2025-07-17 00:07:00+00:00,100411.1180029507
2025-07-17 00:08:00+00:00,100419.63905003901
2025-07-17 00:09:00+00:00,100417.2337094195
2025-07-17 00:10:00+00:00,100424.39855381807
2025-07-17 00:11:00+00:00,100420.27876828889
2025-07-17 00:12:00+00:00,100431.64016440665
2025-07-17 00:13:00+00:00,100423.88677921817
2025-07-17 00:14:00+00:00,100423.34941588828
2025-07-17 00:15:00+00:00,100443.33421401434
2025-07-17 00:16:00+00:00,100444.10187591417
2025-07-17 00:17:00+00:00,100439.52149324509
2025-07-17 00:18:00+00:00,100450.88288936284
2025-07-17 00:19:00+00:00,100446.45603907372
2025-07-17 00:20:00+00:00,100453.51852855232
2025-07-17 00:21:00+00:00,100466.05700624984
2025-07-17 00:22:00+00:00,100467.92498353947
2025-07-17 00:23:00+00:00,100462.7560600805
2025-07-17 00:24:00+00:00,100471.50740573877
2025-07-17 00:25:00+00:00,100475.06423920806
2025-07-17 00:26:00+00:00,100466.49201465976
2025-07-17 00:27:00+00:00,100455.10502981201
2025-07-17 00:28:00+00:00,100439.52149324509
2025-07-17 00:29:00+00:00,100444.22981956415
2025-07-17 00:30:00+00:00,100446.66074891368
2025-07-17 00:31:00+00:00,100463.80519801029
2025-07-17 00:32:00+00:00,100456.1541677418
2025-07-17 00:33:00+00:00,100470.97004240888
2025-07-17 00:34:00+00:00,100465.36611053998
2025-07-17 00:35:00+00:00,100468.3599919494
2025-07-17 00:36:00+00:00,100463.90755293026
2025-07-17 00:37:00+00:00,100471.99359160867
2025-07-17 00:38:00+00:00,100467.41320893957
2025-07-17 00:39:00+00:00,100471.02121986887
2025-07-17 00:40:00+00:00,100470.89327621889
2025-07-17 00:41:00+00:00,100485.12061009608
2025-07-17 00:42:00+00:00,100513.9591088004
2025-07-17 00:43:00+00:00,100513.4473342005
2025-07-17 00:44:00+00:00,100513.4729229305
2025-07-17 00:45:00+00:00,100503.64685061242
2025-07-17 00:46:00+00:00,100504.2609801323
2025-07-17 00:47:00+00:00,100519.61421812927
2025-07-17 00:48:00+00:00,100522.14750239877
2025-07-17 00:49:00+00:00,100508.3807656615
2025-07-17 00:50:00+00:00,100486.88623246574
2025-07-17 00:51:00+00:00,100503.36537458248
2025-07-17 00:52:00+00:00,100498.34998350347
2025-07-17 00:53:00+00:00,100497.99174128353
2025-07-17 00:54:00+00:00,100496.07258653392
2025-07-17 00:55:00+00:00,100467.41320893957
2025-07-17 00:56:00+00:00,100462.80723754049
2025-07-17 00:57:00+00:00,100457.10095075161
2025-07-17 00:58:00+00:00,100465.26375562
2025-07-17 00:59:00+00:00,100452.39262443254
2025-07-17 01:00:00+00:00,100465.87788513988
2025-07-17 01:01:00+00:00,100482.91997931652
2025-07-17 01:02:00+00:00,100463.7540205503
2025-07-17 01:03:00+00:00,100450.52464714291
2025-07-17 01:04:00+00:00,100451.01083301281
2025-07-17 01:05:00+00:00,100458.61068582132
2025-07-17 01:06:00+00:00,100482.79203566654
2025-07-17 01:07:00+00:00,100500.01325095314
2025-07-17 01:08:00+00:00,100492.00397846472
2025-07-17 01:09:00+00:00,100470.97004240888
2025-07-17 01:10:00+00:00,100489.6498153052
2025-07-17 01:11:00+00:00,100478.00694315748
2025-07-17 01:12:00+00:00,100483.76440740636
2025-07-17 01:13:00+00:00,100485.29973120605
2025-07-17 01:14:00+00:00,100497.40320049366
2025-07-17 01:15:00+00:00,100485.32531993605
2025-07-17 01:16:00+00:00,100466.97820052967
2025-07-17 01:17:00+00:00,100473.55450413836
2025-07-17 01:18:00+00:00,100454.1838355322
2025-07-17 01:19:00+00:00,100438.34441166531
2025-07-17 01:20:00+00:00,100426.47124094766
2025-07-17 01:21:00+00:00,100393.74325528412
2025-07-17 01:22:00+00:00,100370.20162368877
2025-07-17 01:23:00+00:00,100389.46993737496
2025-07-17 01:24:00+00:00,100386.52723342556
2025-07-17 01:25:00+00:00,100379.49033267694
2025-07-17 01:26:00+00:00,100387.03900802544
2025-07-17 01:27:00+00:00,100423.37500461827
2025-07-17 01:28:00+00:00,100411.1180029507
2025-07-17 01:29:00+00:00,100400.11484905287
2025-07-17 01:30:00+00:00,100380.38593822677
2025-07-17 01:31:00+00:00,100390.28877673481
2025-07-17 01:32:00+00:00,100362.9344243702
2025-07-17 01:33:00+00:00,100328.72229236696
2025-07-17 01:34:00+00:00,100290.21125372457
2025-07-17 01:35:00+00:00,100291.87452117424
2025-07-17 01:36:00+00:00,100286.27058930535
2025-07-17 01:37:00+00:00,100272.93886097797
2025-07-17 01:38:00+00:00,100243.40946656381
2025-07-17 01:39:00+00:00,100285.75881470545
2025-07-17 01:40:00+00:00,100283.78848249583
2025-07-17 01:41:00+00:00,100261.6798197802
2025-07-17 01:42:00+00:00,100277.05864650717
2025-07-17 01:43:00+00:00,100284.30025709573
2025-07-17 01:44:00+00:00,100294.71487020368
2025-07-17 01:45:00+00:00,100280.07811664656
2025-07-17 01:46:00+00:00,100226.13707381723
2025-07-17 01:47:00+00:00,100165.56854991917
2025-07-17 01:48:00+00:00,100156.25425220102
2025-07-17 01:49:00+00:00,100164.9544203993
2025-07-17 01:50:00+00:00,100209.45322186052
2025-07-17 01:51:00+00:00,100212.5750469199
2025-07-17 01:52:00+00:00,100187.7539788248
2025-07-17 01:53:00+00:00,100181.58709489602
2025-07-17 01:54:00+00:00,100207.43171219091
2025-07-17 01:55:00+00:00,100208.9926247206
2025-07-17 01:56:00+00:00,100222.09405447802
2025-07-17 01:57:00+00:00,100221.81257844807
2025-07-17 01:58:00+00:00,100221.78698971808
2025-07-17 01:59:00+00:00,100259.73507630058
2025-07-17 02:00:00+00:00,100249.0133984327
2025-07-17 02:01:00+00:00,100249.0133984327
2025-07-17 02:02:00+00:00,100238.64996278475
2025-07-17 02:03:00+00:00,100237.75435723492
2025-07-17 02:04:00+00:00,100256.53648505121
2025-07-17 02:05:00+00:00,100284.5049669357
2025-07-17 02:06:00+00:00,100282.63698964607
2025-07-17 02:07:00+00:00,100276.03509730737
2025-07-17 02:08:00+00:00,100286.34735549532
2025-07-17 02:09:00+00:00,100290.87656070443
2025-07-17 02:10:00+00:00,100293.97279703383
2025-07-17 02:11:00+00:00,100298.04140510302
2025-07-17 02:12:00+00:00,100329.23406696686
2025-07-17 02:13:00+00:00,100318.48680036899
2025-07-17 02:14:00+00:00,100321.04567336848
2025-07-17 02:15:00+00:00,100309.91457582067
2025-07-17 02:16:00+00:00,100307.7651225011
2025-07-17 02:17:00+00:00,100324.14190969788
2025-07-17 02:18:00+00:00,100333.89121582595
2025-07-17 02:19:00+00:00,100342.46344037425
2025-07-17 02:20:00+00:00,100350.72860016262
2025-07-17 02:21:00+00:00,100340.49310816464
2025-07-17 02:22:00+00:00,100340.00692229473
2025-07-17 02:23:00+00:00,100336.37332263545
2025-07-17 02:24:00+00:00,100330.59026965659
2025-07-17 02:25:00+00:00,100341.51665736444
2025-07-17 02:26:00+00:00,100342.51461783424
2025-07-17 02:27:00+00:00,100346.12262876352
2025-07-17 02:28:00+00:00,100327.18696856727
2025-07-17 02:29:00+00:00,100329.89937394674
2025-07-17 02:30:00+00:00,100327.18696856727
2025-07-17 02:31:00+00:00,100330.10408378669
2025-07-17 02:32:00+00:00,100344.48495004386
2025-07-17 02:33:00+00:00,100338.08776754512
2025-07-17 02:34:00+00:00,100331.28116536647
2025-07-17 02:35:00+00:00,100324.14190969788
2025-07-17 02:36:00+00:00,100293.12836894399
2025-07-17 02:37:00+00:00,100303.10797364202
2025-07-17 02:38:00+00:00,100314.3670148398
2025-07-17 02:39:00+00:00,100291.92569863424
2025-07-17 02:40:00+00:00,100291.38833530433
2025-07-17 02:41:00+00:00,100310.50311661056
2025-07-17 02:42:00+00:00,100301.7517709523
2025-07-17 02:43:00+00:00,100306.28097616139
2025-07-17 02:44:00+00:00,100309.24926884081
2025-07-17 02:45:00+00:00,100261.52628740024
2025-07-17 02:46:00+00:00,100275.65126635745
2025-07-17 02:47:00+00:00,100266.54167847925
2025-07-17 02:48:00+00:00,100258.27651869087
2025-07-17 02:49:00+00:00,100260.75862550038
2025-07-17 02:50:00+00:00,100271.01970622836
2025-07-17 02:51:00+00:00,100278.97780125678
2025-07-17 02:52:00+00:00,100283.22553043594
2025-07-17 02:53:00+00:00,100286.5264766053
2025-07-17 02:54:00+00:00,100299.55114017273
2025-07-17 02:55:00+00:00,100309.24926884081
2025-07-17 02:56:00+00:00,100305.02712839164
2025-07-17 02:57:00+00:00,100303.64533697191
2025-07-17 02:58:00+00:00,100291.41392403434
2025-07-17 02:59:00+00:00,100309.22368011082
2025-07-17 03:00:00+00:00,100300.03732604263
2025-07-17 03:01:00+00:00,100294.51016036372
2025-07-17 03:02:00+00:00,100280.10370537656
2025-07-17 03:03:00+00:00,100265.59489546943
2025-07-17 03:04:00+00:00,100283.17435297596
2025-07-17 03:05:00+00:00,100273.42504684789
2025-07-17 03:06:00+00:00,100256.07588791131
2025-07-17 03:07:00+00:00,100258.58358345082
2025-07-17 03:08:00+00:00,100268.00023608895
2025-07-17 03:09:00+00:00,100260.65627058041
2025-07-17 03:10:00+00:00,100239.57115706457
2025-07-17 03:11:00+00:00,100234.04399138567
2025-07-17 03:12:00+00:00,100232.53425631596
2025-07-17 03:13:00+00:00,100235.83520248531
2025-07-17 03:14:00+00:00,100227.85151872688
2025-07-17 03:15:00+00:00,100239.49439087458
2025-07-17 03:16:00+00:00,100230.97334378626
2025-07-17 03:17:00+00:00,100221.81257844807
2025-07-17 03:18:00+00:00,100197.19622019294
2025-07-17 03:19:00+00:00,100194.09998386355
2025-07-17 03:20:00+00:00,100219.40723782855
2025-07-17 03:21:00+00:00,100233.48103932576
2025-07-17 03:22:00+00:00,100224.80645985749
2025-07-17 03:23:00+00:00,100226.41854984716
2025-07-17 03:24:00+00:00,100226.08589635722
2025-07-17 03:25:00+00:00,100222.88730510786
2025-07-17 03:26:00+00:00,100190.05696452435
2025-07-17 03:27:00+00:00,100191.97611927397
2025-07-17 03:28:00+00:00,100200.75305366224
2025-07-17 03:29:00+00:00,100193.17878958373
2025-07-17 03:30:00+00:00,100209.9905851904
2025-07-17 03:31:00+00:00,100210.5279485203
2025-07-17 03:32:00+00:00,100178.46526983663
2025-07-17 03:33:00+00:00,100209.24851202055
2025-07-17 03:34:00+00:00,100229.92420585647
2025-07-17 03:35:00+00:00,100217.181018319
2025-07-17 03:36:00+00:00,100215.69687197928
2025-07-17 03:37:00+00:00,100177.03230095691
2025-07-17 03:38:00+00:00,100177.46730936682
2025-07-17 03:39:00+00:00,100200.75305366224
2025-07-17 03:40:00+00:00,100175.75286445717
2025-07-17 03:41:00+00:00,100187.42132533487
2025-07-17 03:42:00+00:00,100194.99558941336
2025-07-17 03:43:00+00:00,100184.40185519547
2025-07-17 03:44:00+00:00,100199.75509319243
2025-07-17 03:45:00+00:00,100219.97018988844
2025-07-17 03:46:00+00:00,100240.15969785445
2025-07-17 03:47:00+00:00,100234.9140082055
2025-07-17 03:48:00+00:00,100231.28040854621
2025-07-17 03:49:00+00:00,100232.48307885596
2025-07-17 03:50:00+00:00,100213.1124102498
2025-07-17 03:51:00+00:00,100224.83204858747
2025-07-17 03:52:00+00:00,100227.39092158698
2025-07-17 03:53:00+00:00,100227.39092158698
2025-07-17 03:54:00+00:00,100243.12799053386
2025-07-17 03:55:00+00:00,100248.88545478272
2025-07-17 03:56:00+00:00,100259.6071326506
2025-07-17 03:57:00+00:00,100253.90084586173
2025-07-17 03:58:00+00:00,100255.00116125152
2025-07-17 03:59:00+00:00,100255.56411331141
2025-07-17 04:00:00+00:00,100246.22422686325
2025-07-17 04:01:00+00:00,100237.08905025506
2025-07-17 04:02:00+00:00,100246.68482400317
2025-07-17 04:03:00+00:00,100244.27948338364
2025-07-17 04:04:00+00:00,100230.97334378626
2025-07-17 04:05:00+00:00,100223.45025716774
2025-07-17 04:06:00+00:00,100221.78698971808
2025-07-17 04:07:00+00:00,100231.97130425606
2025-07-17 04:08:00+00:00,100264.1875153197
2025-07-17 04:09:00+00:00,100275.98391984738
2025-07-17 04:10:00+00:00,100282.27874742614
2025-07-17 04:11:00+00:00,100282.63698964607
2025-07-17 04:12:00+00:00,100294.89399131364
2025-07-17 04:13:00+00:00,100292.94924783403
2025-07-17 04:14:00+00:00,100293.81926465387
2025-07-17 04:15:00+00:00,100283.68612757586
2025-07-17 04:16:00+00:00,100281.12725457636
2025-07-17 04:17:00+00:00,100293.40984497394
2025-07-17 04:18:00+00:00,100282.15080377617
2025-07-17 04:19:00+00:00,100286.4752991453
2025-07-17 04:20:00+00:00,100291.41392403434
2025-07-17 04:21:00+00:00,100304.41299887176
2025-07-17 04:22:00+00:00,100301.62382730232
2025-07-17 04:23:00+00:00,100305.15507204161
2025-07-17 04:24:00+00:00,100296.48049257333
2025-07-17 04:25:00+00:00,100284.55614439568
2025-07-17 04:26:00+00:00,100275.31861286752
2025-07-17 04:27:00+00:00,100283.14876424597
2025-07-17 04:28:00+00:00,100293.30749005397
2025-07-17 04:29:00+00:00,100297.50404177312
2025-07-17 04:30:00+00:00,100319.53593829878
2025-07-17 04:31:00+00:00,100335.70801565559
2025-07-17 04:32:00+00:00,100333.37944122605
2025-07-17 04:33:00+00:00,100327.21255729726
2025-07-17 04:34:00+00:00,100321.07126209847
2025-07-17 04:35:00+00:00,100316.46529069939
2025-07-17 04:36:00+00:00,100322.9904168481
2025-07-17 04:37:00+00:00,100321.89010145831
2025-07-17 04:38:00+00:00,100328.56875998699
2025-07-17 04:39:00+00:00,100337.39687183526
2025-07-17 04:40:00+00:00,100332.25353710627
2025-07-17 04:41:00+00:00,100330.25761616667
2025-07-17 04:42:00+00:00,100334.50534534582
2025-07-17 04:43:00+00:00,100332.66295678618
2025-07-17 04:44:00+00:00,100320.04771289868
2025-07-17 04:45:00+00:00,100323.63013509798
2025-07-17 04:46:00+00:00,100324.11632096788
2025-07-17 04:47:00+00:00,100312.24315025021
2025-07-17 04:48:00+00:00,100318.46121163899
2025-07-17 04:49:00+00:00,100310.88694756049
2025-07-17 04:50:00+00:00,100313.70170785993
2025-07-17 04:51:00+00:00,100325.13987016768
2025-07-17 04:52:00+00:00,100325.67723349757
2025-07-17 04:53:00+00:00,100332.1000047263
2025-07-17 04:54:00+00:00,100333.20032011608
2025-07-17 04:55:00+00:00,100341.6957784744
2025-07-17 04:56:00+00:00,100344.56171623383
2025-07-17 04:57:00+00:00,100349.93534953278
2025-07-17 04:58:00+00:00,100348.14413843313
2025-07-17 04:59:00+00:00,100350.16564810273
2025-07-17 05:00:00+00:00,100340.10927721471
2025-07-17 05:01:00+00:00,100336.39891136545
2025-07-17 05:02:00+00:00,100333.78886090597
2025-07-17 05:03:00+00:00,100326.16341936747
2025-07-17 05:04:00+00:00,100309.7866321707
2025-07-17 05:05:00+00:00,100297.52963050312
2025-07-17 05:06:00+00:00,100304.66888617171
2025-07-17 05:07:00+00:00,100315.92792736948
2025-07-17 05:08:00+00:00,100296.60843622331
2025-07-17 05:09:00+00:00,100292.41188450414
2025-07-17 05:10:00+00:00,100292.38629577414
2025-07-17 05:11:00+00:00,100296.48049257333
2025-07-17 05:12:00+00:00,100319.15210734885
2025-07-17 05:13:00+00:00,100303.64533697191
2025-07-17 05:14:00+00:00,100300.08850350261
2025-07-17 05:15:00+00:00,100321.04567336848
2025-07-17 05:16:00+00:00,100307.91865488107
2025-07-17 05:17:00+00:00,100310.14487439064
2025-07-17 05:18:00+00:00,100312.26873898022
2025-07-17 05:19:00+00:00,100312.26873898022
2025-07-17 05:20:00+00:00,100309.24926884081
2025-07-17 05:21:00+00:00,100316.9002991093
2025-07-17 05:22:00+00:00,100312.39668263019
2025-07-17 05:23:00+00:00,100315.44174149958
2025-07-17 05:24:00+00:00,100325.5492898476
2025-07-17 05:25:00+00:00,100330.79497949655
2025-07-17 05:26:00+00:00,100324.06514350788
2025-07-17 05:27:00+00:00,100329.08053458689
2025-07-17 05:28:00+00:00,100323.06718303807
2025-07-17 05:29:00+00:00,100327.95463046711
2025-07-17 05:30:00+00:00,100317.87267084912
2025-07-17 05:31:00+00:00,100320.04771289868
2025-07-17 05:32:00+00:00,100304.66888617171
2025-07-17 05:33:00+00:00,100288.34327643494
2025-07-17 05:34:00+00:00,100292.38629577414
2025-07-17 05:35:00+00:00,100290.90214943443
2025-07-17 05:36:00+00:00,100310.7845926405
2025-07-17 05:37:00+00:00,100295.45694337353
2025-07-17 05:38:00+00:00,100297.81110653307
2025-07-17 05:39:00+00:00,100297.78551780307
2025-07-17 05:40:00+00:00,100315.95351609949
2025-07-17 05:41:00+00:00,100314.9043781697
2025-07-17 05:42:00+00:00,100330.74380203657
2025-07-17 05:43:00+00:00,100358.20050932115
2025-07-17 05:44:00+00:00,100369.12689702898
2025-07-17 05:45:00+00:00,100353.69689284204
2025-07-17 05:46:00+00:00,100369.86897019885
2025-07-17 05:47:00+00:00,100376.08703158761
2025-07-17 05:48:00+00:00,100374.83318381786
2025-07-17 05:49:00+00:00,100388.24167833521
2025-07-17 05:50:00+00:00,100377.90383141725
2025-07-17 05:51:00+00:00,100381.38389869657
2025-07-17 05:52:00+00:00,100381.35830996657
2025-07-17 05:53:00+00:00,100377.75029903729
2025-07-17 05:54:00+00:00,100362.55059342028
2025-07-17 05:55:00+00:00,100369.68984908887
2025-07-17 05:56:00+00:00,100372.70931922828
2025-07-17 05:57:00+00:00,100378.36442855716
2025-07-17 05:58:00+00:00,100377.34087935736
2025-07-17 05:59:00+00:00,100373.86081207806
2025-07-17 06:00:00+00:00,100364.26503832995
2025-07-17 06:01:00+00:00,100376.31733015756
2025-07-17 06:02:00+00:00,100381.30713250658
2025-07-17 06:03:00+00:00,100399.83337302292
2025-07-17 06:04:00+00:00,100402.90402062231
2025-07-17 06:05:00+00:00,100395.48328892377
2025-07-17 06:06:00+00:00,100405.66760346177
2025-07-17 06:07:00+00:00,100405.59083727178
2025-07-17 06:08:00+00:00,100414.18865055009
2025-07-17 06:09:00+00:00,100402.28989110244
2025-07-17 06:10:00+00:00,100386.06663628564
2025-07-17 06:11:00+00:00,100380.7185917167
2025-07-17 06:12:00+00:00,100365.21182133976
2025-07-17 06:13:00+00:00,100343.58934449403
2025-07-17 06:14:00+00:00,100353.28747316211
2025-07-17 06:15:00+00:00,100343.07756989413
2025-07-17 06:16:00+00:00,100344.48495004386
2025-07-17 06:17:00+00:00,100339.36720404486
2025-07-17 06:18:00+00:00,100321.04567336848
2025-07-17 06:19:00+00:00,100326.26577428744
2025-07-17 06:20:00+00:00,100328.36405014704
2025-07-17 06:21:00+00:00,100364.77681292985
2025-07-17 06:22:00+00:00,100357.38166996131
2025-07-17 06:23:00+00:00,100371.68577002847
2025-07-17 06:24:00+00:00,100419.33198527907
2025-07-17 06:25:00+00:00,100410.5550508908
2025-07-17 06:26:00+00:00,100421.86526954858
2025-07-17 06:27:00+00:00,100419.30639654907
2025-07-17 06:28:00+00:00,100419.33198527907
2025-07-17 06:29:00+00:00,100391.18438228463
2025-07-17 06:30:00+00:00,100377.36646808736
2025-07-17 06:31:00+00:00,100387.75549246531
2025-07-17 06:32:00+00:00,100359.01934868097
2025-07-17 06:33:00+00:00,100387.90902484528
2025-07-17 06:34:00+00:00,100364.54651435988
2025-07-17 06:35:00+00:00,100342.02843196434
2025-07-17 06:36:00+00:00,100327.23814602726
2025-07-17 06:37:00+00:00,100338.42042103504
2025-07-17 06:38:00+00:00,100331.81852869636
2025-07-17 06:39:00+00:00,100334.37740169585
2025-07-17 06:40:00+00:00,100323.09277176808
2025-07-17 06:41:00+00:00,100319.02416369888
2025-07-17 06:42:00+00:00,100340.46751943465
2025-07-17 06:43:00+00:00,100332.81648916616
2025-07-17 06:44:00+00:00,100337.80629151517
2025-07-17 06:45:00+00:00,100334.6332889958
2025-07-17 06:46:00+00:00,100323.60454636798
2025-07-17 06:47:00+00:00,100336.88509723535
2025-07-17 06:48:00+00:00,100337.93423516514
2025-07-17 06:49:00+00:00,100339.44397023485
2025-07-17 06:50:00+00:00,100326.72637142736
2025-07-17 06:51:00+00:00,100337.93423516514
2025-07-17 06:52:00+00:00,100335.34977343565
2025-07-17 06:53:00+00:00,100339.00896182493
2025-07-17 06:54:00+00:00,100344.97113591376
2025-07-17 06:55:00+00:00,100335.88713676555
2025-07-17 06:56:00+00:00,100330.76939076657
2025-07-17 06:57:00+00:00,100333.71209471597
2025-07-17 06:58:00+00:00,100337.95982389514
2025-07-17 06:59:00+00:00,100342.54020656424
2025-07-17 07:00:00+00:00,100294.43339417374
2025-07-17 07:01:00+00:00,100285.24704010555
2025-07-17 07:02:00+00:00,100278.59397030686
2025-07-17 07:03:00+00:00,100251.0604968323
2025-07-17 07:04:00+00:00,100274.52536223766
2025-07-17 07:05:00+00:00,100251.46991651221
2025-07-17 07:06:00+00:00,100246.86394511313
2025-07-17 07:07:00+00:00,100237.14022771505
2025-07-17 07:08:00+00:00,100224.2435077976
2025-07-17 07:09:00+00:00,100217.41131688895
2025-07-17 07:10:00+00:00,100231.48511838616
2025-07-17 07:11:00+00:00,100229.25889887661
2025-07-17 07:12:00+00:00,100253.5937811018
2025-07-17 07:13:00+00:00,100241.26001324423
2025-07-17 07:14:00+00:00,100241.23442451424
2025-07-17 07:15:00+00:00,100250.44636731243
2025-07-17 07:16:00+00:00,100247.35013098303
2025-07-17 07:17:00+00:00,100245.32862131344
2025-07-17 07:18:00+00:00,100224.32027398757
2025-07-17 07:19:00+00:00,100224.7296936675
2025-07-17 07:20:00+00:00,100211.14207804018
2025-07-17 07:21:00+00:00,100205.38461379132
2025-07-17 07:22:00+00:00,100217.61602672891
2025-07-17 07:23:00+00:00,100219.73989131849
2025-07-17 07:24:00+00:00,100222.29876431798
2025-07-17 07:25:00+00:00,100215.6201057893
2025-07-17 07:26:00+00:00,100213.62418484969
2025-07-17 07:27:00+00:00,100213.13799897979
2025-07-17 07:28:00+00:00,100219.68871385849
2025-07-17 07:29:00+00:00,100209.58116551049
2025-07-17 07:30:00+00:00,100241.51590054418
2025-07-17 07:31:00+00:00,100263.57338579983
2025-07-17 07:32:00+00:00,100266.00431514934
2025-07-17 07:33:00+00:00,100266.79756577918
2025-07-17 07:34:00+00:00,100260.6818593104
2025-07-17 07:35:00+00:00,100270.89176257838
2025-07-17 07:36:00+00:00,100270.40557670848
2025-07-17 07:37:00+00:00,100263.2407323099
2025-07-17 07:38:00+00:00,100270.14968940853
2025-07-17 07:39:00+00:00,100288.24092151495
2025-07-17 07:40:00+00:00,100310.09369693065
2025-07-17 07:41:00+00:00,100345.61085416363
2025-07-17 07:42:00+00:00,100360.9129147006
2025-07-17 07:43:00+00:00,100351.75214936242
2025-07-17 07:44:00+00:00,100368.12893655918
2025-07-17 07:45:00+00:00,100355.9231123516
2025-07-17 07:46:00+00:00,100358.4052191611
2025-07-17 07:47:00+00:00,100345.58526543363
2025-07-17 07:48:00+00:00,100350.93331000258
2025-07-17 07:49:00+00:00,100336.83391977537
2025-07-17 07:50:00+00:00,100325.16545889767
2025-07-17 07:51:00+00:00,100327.82668681713
2025-07-17 07:52:00+00:00,100312.93404596008
2025-07-17 07:53:00+00:00,100324.67927302777
2025-07-17 07:54:00+00:00,100315.41615276958
2025-07-17 07:55:00+00:00,100312.3455051702
2025-07-17 07:56:00+00:00,100318.00061449909
2025-07-17 07:57:00+00:00,100323.09277176808
2025-07-17 07:58:00+00:00,100310.42635042057
2025-07-17 07:59:00+00:00,100308.68631678092
2025-07-17 08:00:00+00:00,100309.24926884081
2025-07-17 08:01:00+00:00,100312.72933612013
2025-07-17 08:02:00+00:00,100291.87452117424
2025-07-17 08:03:00+00:00,100272.42708637808
2025-07-17 08:04:00+00:00,100274.98595937758
2025-07-17 08:05:00+00:00,100270.8661738484
2025-07-17 08:06:00+00:00,100284.58173312568
2025-07-17 08:07:00+00:00,100268.46083322886
2025-07-17 08:08:00+00:00,100267.84670370899
2025-07-17 08:09:00+00:00,100259.6327213806
2025-07-17 08:10:00+00:00,100251.46991651221
2025-07-17 08:11:00+00:00,100258.50681726083
2025-07-17 08:12:00+00:00,100252.49346571202
2025-07-17 08:13:00+00:00,100256.84354981116
2025-07-17 08:14:00+00:00,100258.6091721808
2025-07-17 08:15:00+00:00,100267.79552624898
2025-07-17 08:16:00+00:00,100275.98391984738
2025-07-17 08:17:00+00:00,100277.851897137
2025-07-17 08:18:00+00:00,100289.80183404464
2025-07-17 08:19:00+00:00,100285.65645978547
2025-07-17 08:20:00+00:00,100279.59193077666
2025-07-17 08:21:00+00:00,100292.89807037404
2025-07-17 08:22:00+00:00,100285.75881470545
2025-07-17 08:23:00+00:00,100276.54687190727
2025-07-17 08:24:00+00:00,100276.06068603737
2025-07-17 08:25:00+00:00,100277.54483237707
2025-07-17 08:26:00+00:00,100272.42708637808
2025-07-17 08:27:00+00:00,100277.51924364708
2025-07-17 08:28:00+00:00,100288.93181722482
2025-07-17 08:29:00+00:00,100294.40780544374
2025-07-17 08:30:00+00:00,100298.01581637302
2025-07-17 08:31:00+00:00,100301.11205270242
2025-07-17 08:32:00+00:00,100285.24704010555
2025-07-17 08:33:00+00:00,100299.57672890273
2025-07-17 08:34:00+00:00,100300.6770442925
2025-07-17 08:35:00+00:00,100291.38833530433
2025-07-17 08:36:00+00:00,100264.46899134965
2025-07-17 08:37:00+00:00,100285.4773386755
2025-07-17 08:38:00+00:00,100291.05568181441
2025-07-17 08:39:00+00:00,100305.66684664151
2025-07-17 08:40:00+00:00,100313.70170785993
2025-07-17 08:41:00+00:00,100298.55317970293
2025-07-17 08:42:00+00:00,100326.75196015736
2025-07-17 08:43:00+00:00,100334.47975661582
2025-07-17 08:44:00+00:00,100329.00376839691
2025-07-17 08:45:00+00:00,100322.4530535182
2025-07-17 08:46:00+00:00,100305.30860442159
2025-07-17 08:47:00+00:00,100322.81129573812
2025-07-17 08:48:00+00:00,100335.0938861357
2025-07-17 08:49:00+00:00,100307.7651225011
2025-07-17 08:50:00+00:00,100307.89306615108
2025-07-17 08:51:00+00:00,100308.302485831
2025-07-17 08:52:00+00:00,100314.85320070971
2025-07-17 08:53:00+00:00,100316.54205688936
2025-07-17 08:54:00+00:00,100307.53482393114
2025-07-17 08:55:00+00:00,100308.45601821097
2025-07-17 08:56:00+00:00,100293.43543370394
2025-07-17 08:57:00+00:00,100289.82742277464
2025-07-17 08:58:00+00:00,100295.25223353357
2025-07-17 08:59:00+00:00,100312.08961787025
2025-07-17 09:00:00+00:00,100294.45898290373
2025-07-17 09:01:00+00:00,100290.33919737455
2025-07-17 09:02:00+00:00,100318.58915528897
2025-07-17 09:03:00+00:00,100339.44397023485
2025-07-17 09:04:00+00:00,100334.32622423586
2025-07-17 09:05:00+00:00,100342.05402069434
2025-07-17 09:06:00+00:00,100349.21886509292
2025-07-17 09:07:00+00:00,100355.8463461616
2025-07-17 09:08:00+00:00,100376.08703158761
2025-07-17 09:09:00+00:00,100379.38797775697
2025-07-17 09:10:00+00:00,100355.3601602917
2025-07-17 09:11:00+00:00,100373.24668255818
2025-07-17 09:12:00+00:00,100382.61215773632
2025-07-17 09:13:00+00:00,100371.17399542857
2025-07-17 09:14:00+00:00,100369.71543781887
2025-07-17 09:15:00+00:00,100352.98040840217
2025-07-17 09:16:00+00:00,100370.63663209869
2025-07-17 09:17:00+00:00,100383.99394915605
2025-07-17 09:18:00+00:00,100378.87620315707
2025-07-17 09:19:00+00:00,100379.38797775697
2025-07-17 09:20:00+00:00,100392.61735116434
2025-07-17 09:21:00+00:00,100424.93591714796
2025-07-17 09:22:00+00:00,100459.99247724104
2025-07-17 09:23:00+00:00,100465.31493308
2025-07-17 09:24:00+00:00,100447.94018541342
2025-07-17 09:25:00+00:00,100490.51983212502
2025-07-17 09:26:00+00:00,100493.00193893453
2025-07-17 09:27:00+00:00,100487.75624928556
2025-07-17 09:28:00+00:00,100498.88734683336
2025-07-17 09:29:00+00:00,100520.66335605907
2025-07-17 09:30:00+00:00,100516.51798179989
2025-07-17 09:31:00+00:00,100513.4729229305
2025-07-17 09:32:00+00:00,100491.1083729149
2025-07-17 09:33:00+00:00,100476.9833939577
2025-07-17 09:34:00+00:00,100463.85637547029
2025-07-17 09:35:00+00:00,100454.10706934221
2025-07-17 09:36:00+00:00,100464.31697261019
2025-07-17 09:37:00+00:00,100479.69579933715
2025-07-17 09:38:00+00:00,100453.56970601232
2025-07-17 09:39:00+00:00,100472.65889858855
2025-07-17 09:40:00+00:00,100498.63145953341
2025-07-17 09:41:00+00:00,100480.33551758702
2025-07-17 09:42:00+00:00,100482.28026106664
2025-07-17 09:43:00+00:00,100498.45233842345
2025-07-17 09:44:00+00:00,100481.79407519674
2025-07-17 09:45:00+00:00,100470.8420987589
2025-07-17 09:46:00+00:00,100473.81039143831
2025-07-17 09:47:00+00:00,100469.46030733918
2025-07-17 09:48:00+00:00,100484.83913406613
2025-07-17 09:49:00+00:00,100467.97616099947
2025-07-17 09:50:00+00:00,100468.92294400927
2025-07-17 09:51:00+00:00,100477.67428966756
2025-07-17 09:52:00+00:00,100459.7365899411
2025-07-17 09:53:00+00:00,100460.7345504109
2025-07-17 09:54:00+00:00,100457.94537884145
2025-07-17 09:55:00+00:00,100453.1858750624
2025-07-17 09:56:00+00:00,100458.96892804124
2025-07-17 09:57:00+00:00,100441.82447894463
2025-07-17 09:58:00+00:00,100430.48867155687
2025-07-17 09:59:00+00:00,100424.2961988981
2025-07-17 10:00:00+00:00,100441.38947053472
2025-07-17 10:01:00+00:00,100445.91867574383
2025-07-17 10:02:00+00:00,100430.15601806693
2025-07-17 10:03:00+00:00,100429.66983219703
2025-07-17 10:04:00+00:00,100408.17529900128
2025-07-17 10:05:00+00:00,100396.78831415353
2025-07-17 10:06:00+00:00,100378.28766236718
2025-07-17 10:07:00+00:00,100384.53131248595
2025-07-17 10:08:00+00:00,100383.17510979621
2025-07-17 10:09:00+00:00,100391.51703577457
2025-07-17 10:10:00+00:00,100388.62550928514
2025-07-17 10:11:00+00:00,100370.68780955867
2025-07-17 10:12:00+00:00,100375.26819222777
2025-07-17 10:13:00+00:00,100388.42079944519
2025-07-17 10:14:00+00:00,100388.11373468523
2025-07-17 10:15:00+00:00,100392.15675402444
2025-07-17 10:16:00+00:00,100381.46066488654
2025-07-17 10:17:00+00:00,100386.57841088554
2025-07-17 10:18:00+00:00,100381.38389869657
2025-07-17 10:19:00+00:00,100392.20793148443
2025-07-17 10:20:00+00:00,100372.24872208838
2025-07-17 10:21:00+00:00,100384.42895756596
2025-07-17 10:22:00+00:00,100381.46066488654
2025-07-17 10:23:00+00:00,100372.19754462838
2025-07-17 10:24:00+00:00,100388.62550928514
2025-07-17 10:25:00+00:00,100369.79220400886
2025-07-17 10:26:00+00:00,100395.66241003375
2025-07-17 10:27:00+00:00,100378.36442855716
2025-07-17 10:28:00+00:00,100370.5598659087
2025-07-17 10:29:00+00:00,100370.20162368877
2025-07-17 10:30:00+00:00,100355.8719348916
2025-07-17 10:31:00+00:00,100347.04382304335
2025-07-17 10:32:00+00:00,100358.4308078911
2025-07-17 10:33:00+00:00,100357.86785583121
2025-07-17 10:34:00+00:00,100354.82279696182
2025-07-17 10:35:00+00:00,100348.70709049302
2025-07-17 10:36:00+00:00,100344.2290627439
2025-07-17 10:37:00+00:00,100355.9231123516
2025-07-17 10:38:00+00:00,100353.79924776201
2025-07-17 10:39:00+00:00,100352.26392396231
2025-07-17 10:40:00+00:00,100312.37109390019
2025-07-17 10:41:00+00:00,100343.51257830404
2025-07-17 10:42:00+00:00,100323.09277176808
2025-07-17 10:43:00+00:00,100316.8747103793
2025-07-17 10:44:00+00:00,100302.03324698223
2025-07-17 10:45:00+00:00,100317.46325116919
2025-07-17 10:46:00+00:00,100303.64533697191
2025-07-17 10:47:00+00:00,100312.2943277102
2025-07-17 10:48:00+00:00,100293.97279703383
2025-07-17 10:49:00+00:00,100299.6534950927
2025-07-17 10:50:00+00:00,100289.05976087479
2025-07-17 10:51:00+00:00,100289.31564817474
2025-07-17 10:52:00+00:00,100286.75677517525
2025-07-17 10:53:00+00:00,100289.69947912467
2025-07-17 10:54:00+00:00,100293.76808719386
2025-07-17 10:55:00+00:00,100303.61974824192
2025-07-17 10:56:00+00:00,100306.20420997142
2025-07-17 10:57:00+00:00,100339.29043785488
2025-07-17 10:58:00+00:00,100340.49310816464
2025-07-17 10:59:00+00:00,100314.92996689968
2025-07-17 11:00:00+00:00,100318.07738068906
2025-07-17 11:01:00+00:00,100313.85524023991
2025-07-17 11:02:00+00:00,100302.64737650211
2025-07-17 11:03:00+00:00,100270.8661738484
2025-07-17 11:04:00+00:00,100287.78032437505
2025-07-17 11:05:00+00:00,100290.31360864454
2025-07-17 11:06:00+00:00,100289.80183404464
2025-07-17 11:07:00+00:00,100297.50404177312
2025-07-17 11:08:00+00:00,100298.50200224292
2025-07-17 11:09:00+00:00,100290.49272975451
2025-07-17 11:10:00+00:00,100301.57264984233
2025-07-17 11:11:00+00:00,100302.98002999205
2025-07-17 11:12:00+00:00,100295.99430670343
2025-07-17 11:13:00+00:00,100286.0402907354
2025-07-17 11:14:00+00:00,100287.37090469513
2025-07-17 11:15:00+00:00,100302.08442444222
2025-07-17 11:16:00+00:00,100277.46806618708
2025-07-17 11:17:00+00:00,100291.33715784435
2025-07-17 11:18:00+00:00,100279.10574490676
2025-07-17 11:19:00+00:00,100288.29209897495
2025-07-17 11:20:00+00:00,100276.00950857738
2025-07-17 11:21:00+00:00,100279.08015617676
2025-07-17 11:22:00+00:00,100294.89399131364
2025-07-17 11:23:00+00:00,100289.05976087479
2025-07-17 11:24:00+00:00,100286.75677517525
2025-07-17 11:25:00+00:00,100280.64106870646
2025-07-17 11:26:00+00:00,100281.12725457636
2025-07-17 11:27:00+00:00,100268.87025290879
2025-07-17 11:28:00+00:00,100265.13429832952
2025-07-17 11:29:00+00:00,100267.82111497899
2025-07-17 11:30:00+00:00,100265.7484278494
2025-07-17 11:31:00+00:00,100264.36663642968
2025-07-17 11:32:00+00:00,100256.58766251121
2025-07-17 11:33:00+00:00,100261.6798197802
2025-07-17 11:34:00+00:00,100263.93162801975
2025-07-17 11:35:00+00:00,100262.31953803007
2025-07-17 11:36:00+00:00,100270.89176257838
2025-07-17 11:37:00+00:00,100275.47214524748
2025-07-17 11:38:00+00:00,100273.47622430787
2025-07-17 11:39:00+00:00,100274.8580157276
2025-07-17 11:40:00+00:00,100260.7330367704
2025-07-17 11:41:00+00:00,100257.68797790099
2025-07-17 11:42:00+00:00,100263.2151435799
2025-07-17 11:43:00+00:00,100264.95517721956
2025-07-17 11:44:00+00:00,100267.18139672911
2025-07-17 11:45:00+00:00,100269.86821337859
2025-07-17 11:46:00+00:00,100262.78013516999
2025-07-17 11:47:00+00:00,100249.34605192264
2025-07-17 11:48:00+00:00,100253.1331839619
2025-07-17 11:49:00+00:00,100247.75955066294
2025-07-17 11:50:00+00:00,100247.11983241308
2025-07-17 11:51:00+00:00,100252.621409362
2025-07-17 11:52:00+00:00,100242.25797371403
2025-07-17 11:53:00+00:00,100250.42077858243
2025-07-17 11:54:00+00:00,100244.30507211364
2025-07-17 11:55:00+00:00,100239.59674579457
2025-07-17 11:56:00+00:00,100232.50866758596
2025-07-17 11:57:00+00:00,100226.85355825708
2025-07-17 11:58:00+00:00,100223.1687811378
2025-07-17 11:59:00+00:00,100219.20252798859
2025-07-17 12:00:00+00:00,100230.28244807641
2025-07-17 12:01:00+00:00,100222.27317558798
2025-07-17 12:02:00+00:00,100229.94979458647
2025-07-17 12:03:00+00:00,100249.90900398252
2025-07-17 12:04:00+00:00,100222.91289383786
2025-07-17 12:05:00+00:00,100212.03768359001
2025-07-17 12:06:00+00:00,100199.26890732252
2025-07-17 12:07:00+00:00,100196.14708226314
2025-07-17 12:08:00+00:00,100176.23905032707
2025-07-17 12:09:00+00:00,100167.4877046688
2025-07-17 12:10:00+00:00,100182.94329758575
2025-07-17 12:11:00+00:00,100191.05492499415
2025-07-17 12:12:00+00:00,100182.94329758575
2025-07-17 12:13:00+00:00,100193.63938672363
2025-07-17 12:14:00+00:00,100177.56966428681
2025-07-17 12:15:00+00:00,100181.56150616602
2025-07-17 12:16:00+00:00,100188.18898723471
2025-07-17 12:17:00+00:00,100183.40389472566
2025-07-17 12:18:00+00:00,100177.74878539678
2025-07-17 12:19:00+00:00,100178.74674586658
2025-07-17 12:20:00+00:00,100174.16636319748
2025-07-17 12:21:00+00:00,100163.4446853296
2025-07-17 12:22:00+00:00,100150.90620763207
2025-07-17 12:23:00+00:00,100149.16617399242
2025-07-17 12:24:00+00:00,100140.31247341417
2025-07-17 12:25:00+00:00,100148.06585860264
2025-07-17 12:26:00+00:00,100117.3849713387
2025-07-17 12:27:00+00:00,100117.3593826087
2025-07-17 12:28:00+00:00,100114.03284770936
2025-07-17 12:29:00+00:00,100092.79420181355
2025-07-17 12:30:00+00:00,100146.63288972291
2025-07-17 12:31:00+00:00,100147.55408400274
2025-07-17 12:32:00+00:00,100122.27241876772
2025-07-17 12:33:00+00:00,100158.27576187062
2025-07-17 12:34:00+00:00,100142.94811260366
2025-07-17 12:35:00+00:00,100146.04434893304
2025-07-17 12:36:00+00:00,100166.18267943905
2025-07-17 12:37:00+00:00,100157.71280981074
2025-07-17 12:38:00+00:00,100169.5603917984
2025-07-17 12:39:00+00:00,100149.11499653243
2025-07-17 12:40:00+00:00,100155.20511427123
2025-07-17 12:41:00+00:00,100168.61360878858
2025-07-17 12:42:00+00:00,100193.07643466374
2025-07-17 12:43:00+00:00,100205.38461379132
2025-07-17 12:44:00+00:00,100222.34994177797
2025-07-17 12:45:00+00:00,100218.07662386881
2025-07-17 12:46:00+00:00,100222.247586858
2025-07-17 12:47:00+00:00,100215.13391991939
2025-07-17 12:48:00+00:00,100252.85170793194
2025-07-17 12:49:00+00:00,100272.45267510807
2025-07-17 12:50:00+00:00,100236.44933200518
2025-07-17 12:51:00+00:00,100224.83204858747
2025-07-17 12:52:00+00:00,100234.60694344554
2025-07-17 12:53:00+00:00,100242.20679625405
2025-07-17 12:54:00+00:00,100237.14022771505
2025-07-17 12:55:00+00:00,100237.60082485495
2025-07-17 12:56:00+00:00,100230.99893251626
2025-07-17 12:57:00+00:00,100224.01320922765
2025-07-17 12:58:00+00:00,100213.5730073897
2025-07-17 12:59:00+00:00,100191.20845737412
2025-07-17 13:00:00+00:00,100183.37830599566
2025-07-17 13:01:00+00:00,100201.06011842217
2025-07-17 13:02:00+00:00,100201.4183606421
2025-07-17 13:03:00+00:00,100218.86987449866
2025-07-17 13:04:00+00:00,100214.5965565895
2025-07-17 13:05:00+00:00,100225.7276541373
2025-07-17 13:06:00+00:00,100207.68759949086
2025-07-17 13:07:00+00:00,100206.40816299111
2025-07-17 13:08:00+00:00,100177.77437412678
2025-07-17 13:09:00+00:00,100164.03322611949
2025-07-17 13:10:00+00:00,100172.63103939779
2025-07-17 13:11:00+00:00,100176.72523619697
2025-07-17 13:12:00+00:00,100183.50624964564
2025-07-17 13:13:00+00:00,100174.37107303744
2025-07-17 13:14:00+00:00,100186.16747756512
2025-07-17 13:15:00+00:00,100171.12130432809
2025-07-17 13:16:00+00:00,100168.61360878858
2025-07-17 13:17:00+00:00,100149.52441621234
2025-07-17 13:18:00+00:00,100169.38127068843
2025-07-17 13:19:00+00:00,100169.68833544836
2025-07-17 13:20:00+00:00,100185.63011423522
2025-07-17 13:21:00+00:00,100180.81943299617
2025-07-17 13:22:00+00:00,100164.34029087942
2025-07-17 13:23:00+00:00,100179.25852046648
2025-07-17 13:24:00+00:00,100164.4682345294
2025-07-17 13:25:00+00:00,100176.44376016704
2025-07-17 13:26:00+00:00,100197.73358352283
2025-07-17 13:27:00+00:00,100205.64050109127
2025-07-17 13:28:00+00:00,100192.2575953039
2025-07-17 13:29:00+00:00,100202.33955492193
2025-07-17 13:30:00+00:00,100180.38442458626
2025-07-17 13:31:00+00:00,100177.5952530168
2025-07-17 13:32:00+00:00,100141.92456340385
2025-07-17 13:33:00+00:00,100152.16005540182
2025-07-17 13:34:00+00:00,100133.73616980546
2025-07-17 13:35:00+00:00,100189.00782659455
2025-07-17 13:36:00+00:00,100167.9738905387
2025-07-17 13:37:00+00:00,100234.68370963553
2025-07-17 13:38:00+00:00,100207.96907552081
2025-07-17 13:39:00+00:00,100194.61175846345
2025-07-17 13:40:00+00:00,100184.35067773546
2025-07-17 13:41:00+00:00,100214.0591932596
2025-07-17 13:42:00+00:00,100191.15727991413
2025-07-17 13:43:00+00:00,100186.44895359506
2025-07-17 13:44:00+00:00,100136.26945407497
2025-07-17 13:45:00+00:00,100139.87746500425
2025-07-17 13:46:00+00:00,100140.87542547405
2025-07-17 13:47:00+00:00,100129.66756173628
2025-07-17 13:48:00+00:00,100183.35271726566
2025-07-17 13:49:00+00:00,100202.31396619193
2025-07-17 13:50:00+00:00,100244.71449179355
2025-07-17 13:51:00+00:00,100259.40242281066
2025-07-17 13:52:00+00:00,100258.35328488087
2025-07-17 13:53:00+00:00,100296.48049257333
2025-07-17 13:54:00+00:00,100317.10500894926
2025-07-17 13:55:00+00:00,100301.59823857232
2025-07-17 13:56:00+00:00,100328.72229236696
2025-07-17 13:57:00+00:00,100334.22386931587
2025-07-17 13:58:00+00:00,100325.57487857758
2025-07-17 13:59:00+00:00,100296.91550098325
2025-07-17 14:00:00+00:00,100312.98522342008
2025-07-17 14:01:00+00:00,100323.06718303807
2025-07-17 14:02:00+00:00,100323.9627885879
2025-07-17 14:03:00+00:00,100332.68854551618
2025-07-17 14:04:00+00:00,100313.9064176999
2025-07-17 14:05:00+00:00,100313.8808289699
2025-07-17 14:06:00+00:00,100322.83688446812
2025-07-17 14:07:00+00:00,100322.55540843817
2025-07-17 14:08:00+00:00,100280.64106870646
2025-07-17 14:09:00+00:00,100312.8316910401
2025-07-17 14:10:00+00:00,100339.98133356473
2025-07-17 14:11:00+00:00,100303.13356237202
2025-07-17 14:12:00+00:00,100296.50608130332
2025-07-17 14:13:00+00:00,100319.15210734885
2025-07-17 14:14:00+00:00,100347.68354129323
2025-07-17 14:15:00+00:00,100309.73545471071
2025-07-17 14:16:00+00:00,100323.86043366793
2025-07-17 14:17:00+00:00,100329.77143029677
2025-07-17 14:18:00+00:00,100329.15730077687
2025-07-17 14:19:00+00:00,100321.07126209847
2025-07-17 14:20:00+00:00,100316.36293577941
2025-07-17 14:21:00+00:00,100354.54132093186
2025-07-17 14:22:00+00:00,100367.97540417922
2025-07-17 14:23:00+00:00,100344.04994163394
2025-07-17 14:24:00+00:00,100352.39186761228
2025-07-17 14:25:00+00:00,100375.80555555767
2025-07-17 14:26:00+00:00,100400.21720397285
2025-07-17 14:27:00+00:00,100390.64701895474
2025-07-17 14:28:00+00:00,100364.54651435988
2025-07-17 14:29:00+00:00,100408.78942852115
2025-07-17 14:30:00+00:00,100417.77107274938
2025-07-17 14:31:00+00:00,100392.18234275443
2025-07-17 14:32:00+00:00,100426.01064380775
2025-07-17 14:33:00+00:00,100430.07925187694
2025-07-17 14:34:00+00:00,100435.19699787594
2025-07-17 14:35:00+00:00,100418.87138813917
2025-07-17 14:36:00+00:00,100406.00025695171
2025-07-17 14:37:00+00:00,100371.22517288857
2025-07-17 14:38:00+00:00,100390.16083308484
2025-07-17 14:39:00+00:00,100403.82521490214
2025-07-17 14:40:00+00:00,100398.06775065328
2025-07-17 14:41:00+00:00,100396.78831415353
2025-07-17 14:42:00+00:00,100384.12189280603
2025-07-17 14:43:00+00:00,100359.04493741097
2025-07-17 14:44:00+00:00,100368.66629988908
2025-07-17 14:45:00+00:00,100385.17103073582
2025-07-17 14:46:00+00:00,100387.57637135535
2025-07-17 14:47:00+00:00,100395.76476495372
2025-07-17 14:48:00+00:00,100395.9182973337
2025-07-17 14:49:00+00:00,100403.92756982212
2025-07-17 14:50:00+00:00,100404.0811022021
2025-07-17 14:51:00+00:00,100399.475130803
2025-07-17 14:52:00+00:00,100420.35553447888
2025-07-17 14:53:00+00:00,100429.54188854706
2025-07-17 14:54:00+00:00,100419.81817114897
2025-07-17 14:55:00+00:00,100425.93387761776
2025-07-17 14:56:00+00:00,100419.25521908909
2025-07-17 14:57:00+00:00,100409.01972709112
2025-07-17 14:58:00+00:00,100414.57248150001
2025-07-17 14:59:00+00:00,100422.58175398843
2025-07-17 15:00:00+00:00,100452.03438221262
2025-07-17 15:01:00+00:00,100432.71489106643
2025-07-17 15:02:00+00:00,100424.93591714796
2025-07-17 15:03:00+00:00,100432.61253614645
2025-07-17 15:04:00+00:00,100396.27653955363
2025-07-17 15:05:00+00:00,100419.07609797912
2025-07-17 15:06:00+00:00,100413.1139238903
2025-07-17 15:07:00+00:00,100388.59992055513
2025-07-17 15:08:00+00:00,100381.30713250658
2025-07-17 15:09:00+00:00,100358.4052191611
2025-07-17 15:10:00+00:00,100345.61085416363
2025-07-17 15:11:00+00:00,100356.33253203152
2025-07-17 15:12:00+00:00,100367.87304925923
2025-07-17 15:13:00+00:00,100359.88936550081
2025-07-17 15:14:00+00:00,100338.54836468502
2025-07-17 15:15:00+00:00,100332.30471456626
2025-07-17 15:16:00+00:00,100339.49514769483
2025-07-17 15:17:00+00:00,100363.67649754006
2025-07-17 15:18:00+00:00,100361.55263295048
2025-07-17 15:19:00+00:00,100359.4287683609
2025-07-17 15:20:00+00:00,100353.05717459216
2025-07-17 15:21:00+00:00,100328.97817966691
2025-07-17 15:22:00+00:00,100341.10723768451
2025-07-17 15:23:00+00:00,100369.02454210901
2025-07-17 15:24:00+00:00,100379.74621997689
2025-07-17 15:25:00+00:00,100390.62143022474
2025-07-17 15:26:00+00:00,100393.18030322423
2025-07-17 15:27:00+00:00,100370.79016447866
2025-07-17 15:28:00+00:00,100356.33253203152
2025-07-17 15:29:00+00:00,100358.30286424112
2025-07-17 15:30:00+00:00,100377.00822586744
2025-07-17 15:31:00+00:00,100369.68984908887
2025-07-17 15:32:00+00:00,100389.54670356495
2025-07-17 15:33:00+00:00,100378.23648490719
2025-07-17 15:34:00+00:00,100383.7636505861
2025-07-17 15:35:00+00:00,100386.01545882566
2025-07-17 15:36:00+00:00,100374.42376413794
2025-07-17 15:37:00+00:00,100398.06775065328
2025-07-17 15:38:00+00:00,100407.5099920214
2025-07-17 15:39:00+00:00,100423.81001302818
2025-07-17 15:40:00+00:00,100443.5389238543
2025-07-17 15:41:00+00:00,100481.10317948688
2025-07-17 15:42:00+00:00,100493.18106004449
2025-07-17 15:43:00+00:00,100493.00193893453
2025-07-17 15:44:00+00:00,100502.85359998258
2025-07-17 15:45:00+00:00,100498.60587080341
2025-07-17 15:46:00+00:00,100471.14916351884
2025-07-17 15:47:00+00:00,100469.94649320908
2025-07-17 15:48:00+00:00,100455.97504663184
2025-07-17 15:49:00+00:00,100458.22685487139
2025-07-17 15:50:00+00:00,100447.27487843356
2025-07-17 15:51:00+00:00,100437.75587087544
2025-07-17 15:52:00+00:00,100446.0210306638
2025-07-17 15:53:00+00:00,100478.87695997732
2025-07-17 15:54:00+00:00,100473.01714080847
2025-07-17 15:55:00+00:00,100470.97004240888
2025-07-17 15:56:00+00:00,100471.12357478884
2025-07-17 15:57:00+00:00,100458.2012661414
2025-07-17 15:58:00+00:00,100455.02826362202
2025-07-17 15:59:00+00:00,100448.96373461322
2025-07-17 16:00:00+00:00,100450.67817952289
2025-07-17 16:01:00+00:00,100447.19811224357
2025-07-17 16:02:00+00:00,100459.2504040712
2025-07-17 16:03:00+00:00,100422.7096976384
2025-07-17 16:04:00+00:00,100437.67910468545
2025-07-17 16:05:00+00:00,100420.32994574888
2025-07-17 16:06:00+00:00,100415.21219974989
2025-07-17 16:07:00+00:00,100395.4065227338
2025-07-17 16:08:00+00:00,100413.6256984902
2025-07-17 16:09:00+00:00,100400.37073635282
2025-07-17 16:10:00+00:00,100376.29174142757
2025-07-17 16:11:00+00:00,100356.15341092154
2025-07-17 16:12:00+00:00,100374.116699378
2025-07-17 16:13:00+00:00,100386.52723342556
2025-07-17 16:14:00+00:00,100394.22944115404
2025-07-17 16:15:00+00:00,100389.44434864497
2025-07-17 16:16:00+00:00,100371.86489113845
2025-07-17 16:17:00+00:00,100364.03473975998
2025-07-17 16:18:00+00:00,100356.02546727157
2025-07-17 16:19:00+00:00,100378.33883982716
2025-07-17 16:20:00+00:00,100388.06255722525
2025-07-17 16:21:00+00:00,100391.67056815454
2025-07-17 16:22:00+00:00,100412.34626199046
2025-07-17 16:23:00+00:00,100412.1415521505
2025-07-17 16:24:00+00:00,100396.78831415353
2025-07-17 16:25:00+00:00,100375.42172460775
2025-07-17 16:26:00+00:00,100403.44138395222
2025-07-17 16:27:00+00:00,100386.37370104558
2025-07-17 16:28:00+00:00,100383.7636505861
2025-07-17 16:29:00+00:00,100367.79628306924
2025-07-17 16:30:00+00:00,100335.34977343565
2025-07-17 16:31:00+00:00,100343.35904592407
2025-07-17 16:32:00+00:00,100326.18900809747
2025-07-17 16:33:00+00:00,100317.94943703909
2025-07-17 16:34:00+00:00,100335.01711994573
2025-07-17 16:35:00+00:00,100351.21478603252
2025-07-17 16:36:00+00:00,100342.41226291427
2025-07-17 16:37:00+00:00,100330.87174568654
2025-07-17 16:38:00+00:00,100332.86766662615
2025-07-17 16:39:00+00:00,100342.18196434432
2025-07-17 16:40:00+00:00,100317.51442862918
2025-07-17 16:41:00+00:00,100381.02565647663
2025-07-17 16:42:00+00:00,100356.4092982215
2025-07-17 16:43:00+00:00,100369.66426035888
2025-07-17 16:44:00+00:00,100340.46751943465
2025-07-17 16:45:00+00:00,100333.584151066
2025-07-17 16:46:00+00:00,100347.65795256323
2025-07-17 16:47:00+00:00,100339.13690547491
2025-07-17 16:48:00+00:00,100347.12058923332
2025-07-17 16:49:00+00:00,100337.6527591352
2025-07-17 16:50:00+00:00,100365.80036212964
2025-07-17 16:51:00+00:00,100363.5229651601
2025-07-17 16:52:00+00:00,100327.18696856727
2025-07-17 16:53:00+00:00,100337.88305770516
2025-07-17 16:54:00+00:00,100335.75919311558
2025-07-17 16:55:00+00:00,100322.14598875826
2025-07-17 16:56:00+00:00,100336.50126628543
2025-07-17 16:57:00+00:00,100346.65999209342
2025-07-17 16:58:00+00:00,100355.25780537173
2025-07-17 16:59:00+00:00,100368.41041258913
2025-07-17 17:00:00+00:00,100379.41356648695
2025-07-17 17:01:00+00:00,100404.51611061199
2025-07-17 17:02:00+00:00,100413.65128722019
2025-07-17 17:03:00+00:00,100418.48755718925
2025-07-17 17:04:00+00:00,100415.95427291974
2025-07-17 17:05:00+00:00,100414.18865055009
2025-07-17 17:06:00+00:00,100441.79889021463
2025-07-17 17:07:00+00:00,100429.54188854706
2025-07-17 17:08:00+00:00,100441.82447894463
2025-07-17 17:09:00+00:00,100465.8011189499
2025-07-17 17:10:00+00:00,100457.89420138145
2025-07-17 17:11:00+00:00,100457.2033056716
2025-07-17 17:12:00+00:00,100457.1777169416
2025-07-17 17:13:00+00:00,100451.57378507272
2025-07-17 17:14:00+00:00,100460.27395327098
2025-07-17 17:15:00+00:00,100455.23297346199
2025-07-17 17:16:00+00:00,100441.05681704478
2025-07-17 17:17:00+00:00,100434.65963454604
2025-07-17 17:18:00+00:00,100437.80704833542
2025-07-17 17:19:00+00:00,100426.57359586764
2025-07-17 17:20:00+00:00,100415.05866736991
2025-07-17 17:21:00+00:00,100408.99413836111
2025-07-17 17:22:00+00:00,100404.51611061199
2025-07-17 17:23:00+00:00,100401.08722079267
2025-07-17 17:24:00+00:00,100413.16510135029
2025-07-17 17:25:00+00:00,100412.32067326046
2025-07-17 17:26:00+00:00,100416.2357489497
2025-07-17 17:27:00+00:00,100403.77403744214
2025-07-17 17:28:00+00:00,100399.88455048291
2025-07-17 17:29:00+00:00,100404.9767077519
2025-07-17 17:30:00+00:00,100415.21219974989
2025-07-17 17:31:00+00:00,100417.41283052946
2025-07-17 17:32:00+00:00,100400.70338984275
2025-07-17 17:33:00+00:00,100413.90717452014
2025-07-17 17:34:00+00:00,100419.1784528991
2025-07-17 17:35:00+00:00,100400.01249413288
2025-07-17 17:36:00+00:00,100396.99302399348
2025-07-17 17:37:00+00:00,100396.76272542353
2025-07-17 17:38:00+00:00,100392.71970608433
2025-07-17 17:39:00+00:00,100363.70208627006
2025-07-17 17:40:00+00:00,100351.67538317243
2025-07-17 17:41:00+00:00,100373.52815858812
2025-07-17 17:42:00+00:00,100392.69411735433
2025-07-17 17:43:00+00:00,100387.06459675544
2025-07-17 17:44:00+00:00,100395.22740162382
2025-07-17 17:45:00+00:00,100379.38797775697
2025-07-17 17:46:00+00:00,100399.14247731306
2025-07-17 17:47:00+00:00,100419.715816229
2025-07-17 17:48:00+00:00,100501.36945364287
2025-07-17 17:49:00+00:00,100499.11764540331
2025-07-17 17:50:00+00:00,100502.13711554272
2025-07-17 17:51:00+00:00,100509.99285565117
2025-07-17 17:52:00+00:00,100492.6436967146
2025-07-17 17:53:00+00:00,100493.71842337439
2025-07-17 17:54:00+00:00,100491.46661513484
2025-07-17 17:55:00+00:00,100500.16678333312
2025-07-17 17:56:00+00:00,100510.3766866011
2025-07-17 17:57:00+00:00,100519.05126606938
2025-07-17 17:58:00+00:00,100563.26859150066
2025-07-17 17:59:00+00:00,100548.93890270349
2025-07-17 18:00:00+00:00,100563.08947039068
2025-07-17 18:01:00+00:00,100561.11913818108
2025-07-17 18:02:00+00:00,100543.13026099463
2025-07-17 18:03:00+00:00,100553.3657529926
2025-07-17 18:04:00+00:00,100573.6576158786
2025-07-17 18:05:00+00:00,100571.78963858896
2025-07-17 18:06:00+00:00,100552.82838966271
2025-07-17 18:07:00+00:00,100562.60328452078
2025-07-17 18:08:00+00:00,100577.54710283782
2025-07-17 18:09:00+00:00,100580.64333916722
2025-07-17 18:10:00+00:00,100560.07000025129
2025-07-17 18:11:00+00:00,100549.27155619342
2025-07-17 18:12:00+00:00,100546.76386065391
2025-07-17 18:13:00+00:00,100541.59493719492
2025-07-17 18:14:00+00:00,100535.40246453615
2025-07-17 18:15:00+00:00,100549.98804063327
2025-07-17 18:16:00+00:00,100570.27990351927
2025-07-17 18:17:00+00:00,100576.16531141811
2025-07-17 18:18:00+00:00,100571.40580763904
2025-07-17 18:19:00+00:00,100580.64333916722
2025-07-17 18:20:00+00:00,100626.98452918808
2025-07-17 18:21:00+00:00,100652.49649299303
2025-07-17 18:22:00+00:00,100666.49352830027
2025-07-17 18:23:00+00:00,100649.55378904362
2025-07-17 18:24:00+00:00,100624.70713221852
2025-07-17 18:25:00+00:00,100590.44382275529
2025-07-17 18:26:00+00:00,100618.89849050967
2025-07-17 18:27:00+00:00,100637.29678737604
2025-07-17 18:28:00+00:00,100645.89460065434
2025-07-17 18:29:00+00:00,100656.25803630229
2025-07-17 18:30:00+00:00,100672.63482349906
2025-07-17 18:31:00+00:00,100653.77592949278
2025-07-17 18:32:00+00:00,100674.14455856876
2025-07-17 18:33:00+00:00,100675.37281760851
2025-07-17 18:34:00+00:00,100664.59996228064
2025-07-17 18:35:00+00:00,100660.09634580153
2025-07-17 18:36:00+00:00,100663.21817086091
2025-07-17 18:37:00+00:00,100664.93261577058
2025-07-17 18:38:00+00:00,100677.21520616816
2025-07-17 18:39:00+00:00,100676.4219555383
2025-07-17 18:40:00+00:00,100667.79855353001
2025-07-17 18:41:00+00:00,100676.39636680832
2025-07-17 18:42:00+00:00,100668.3870943199
2025-07-17 18:43:00+00:00,100669.76888573963
2025-07-17 18:44:00+00:00,100656.00214900234
2025-07-17 18:45:00+00:00,100644.18015574467
2025-07-17 18:46:00+00:00,100625.93539125827
2025-07-17 18:47:00+00:00,100624.01623650866
2025-07-17 18:48:00+00:00,100615.41842323035
2025-07-17 18:49:00+00:00,100620.71529033931
2025-07-17 18:50:00+00:00,100640.9559757653
2025-07-17 18:51:00+00:00,100628.59661917776
2025-07-17 18:52:00+00:00,100627.342771408
2025-07-17 18:53:00+00:00,100627.03570664806
2025-07-17 18:54:00+00:00,100633.4328891468
2025-07-17 18:55:00+00:00,100628.8525064777
2025-07-17 18:56:00+00:00,100614.62517260051
2025-07-17 18:57:00+00:00,100627.41953759799
2025-07-17 18:58:00+00:00,100640.9559757653
2025-07-17 18:59:00+00:00,100629.18515996763
2025-07-17 19:00:00+00:00,100637.04090007608
2025-07-17 19:01:00+00:00,100640.87920957533
2025-07-17 19:02:00+00:00,100641.44216163522
2025-07-17 19:03:00+00:00,100659.8148697716
2025-07-17 19:04:00+00:00,100675.01457538859
2025-07-17 19:05:00+00:00,100674.27250221874
2025-07-17 19:06:00+00:00,100682.35854089714
2025-07-17 19:07:00+00:00,100677.70139203806
2025-07-17 19:08:00+00:00,100677.75256949804
2025-07-17 19:09:00+00:00,100691.44254004535
2025-07-17 19:10:00+00:00,100695.63909176452
2025-07-17 19:11:00+00:00,100684.96859135662
2025-07-17 19:12:00+00:00,100699.68211110371
2025-07-17 19:13:00+00:00,100689.6257402157
2025-07-17 19:14:00+00:00,100688.75572339588
2025-07-17 19:15:00+00:00,100687.5786418161
2025-07-17 19:16:00+00:00,100698.19796476401
2025-07-17 19:17:00+00:00,100703.46924314297
2025-07-17 19:18:00+00:00,100687.0668672162
2025-07-17 19:19:00+00:00,100690.29104719557
2025-07-17 19:20:00+00:00,100687.39952070614
2025-07-17 19:21:00+00:00,100684.40563929673
2025-07-17 19:22:00+00:00,100696.15086636442
2025-07-17 19:23:00+00:00,100650.24468475347
2025-07-17 19:24:00+00:00,100679.26230456775
2025-07-17 19:25:00+00:00,100666.72382687022
2025-07-17 19:26:00+00:00,100669.64094208965
2025-07-17 19:27:00+00:00,100663.52523562085
2025-07-17 19:28:00+00:00,100658.20277978192
2025-07-17 19:29:00+00:00,100649.40025666365
2025-07-17 19:30:00+00:00,100639.65095053558
2025-07-17 19:31:00+00:00,100648.55582857381
2025-07-17 19:32:00+00:00,100635.86381849632
2025-07-17 19:33:00+00:00,100643.74514733476
2025-07-17 19:34:00+00:00,100647.557868104
2025-07-17 19:35:00+00:00,100644.53839796461
2025-07-17 19:36:00+00:00,100641.92834750512
2025-07-17 19:37:00+00:00,100631.28343582722
2025-07-17 19:38:00+00:00,100628.41749806779
2025-07-17 19:39:00+00:00,100626.98452918808
2025-07-17 19:40:00+00:00,100632.66522724695
2025-07-17 19:41:00+00:00,100640.9559757653
2025-07-17 19:42:00+00:00,100620.84323398929
2025-07-17 19:43:00+00:00,100602.035517443
2025-07-17 19:44:00+00:00,100610.55656453132
2025-07-17 19:45:00+00:00,100575.39764951826
2025-07-17 19:46:00+00:00,100570.76608938917
2025-07-17 19:47:00+00:00,100542.33701036479
2025-07-17 19:48:00+00:00,100521.55896160888
2025-07-17 19:49:00+00:00,100552.82838966271
2025-07-17 19:50:00+00:00,100545.27971431421
2025-07-17 19:51:00+00:00,100543.15584972463
2025-07-17 19:52:00+00:00,100533.94390692645
2025-07-17 19:53:00+00:00,100523.70841492846
2025-07-17 19:54:00+00:00,100511.14434850094
2025-07-17 19:55:00+00:00,100477.26486998763
2025-07-17 19:56:00+00:00,100453.95353696223
2025-07-17 19:57:00+00:00,100459.7365899411
2025-07-17 19:58:00+00:00,100467.92498353947
2025-07-17 19:59:00+00:00,100471.48181700878
2025-07-17 20:00:00+00:00,100482.5105596366
2025-07-17 20:01:00+00:00,100449.50109794311
2025-07-17 20:02:00+00:00,100443.5389238543
2025-07-17 20:03:00+00:00,100418.7178557592
2025-07-17 20:04:00+00:00,100417.15694322951
2025-07-17 20:05:00+00:00,100360.01730915079
2025-07-17 20:06:00+00:00,100368.33364639914
2025-07-17 20:07:00+00:00,100370.27838987876
2025-07-17 20:08:00+00:00,100339.93015610476
2025-07-17 20:09:00+00:00,100348.2720820831
2025-07-17 20:10:00+00:00,100375.49849079773
2025-07-17 20:11:00+00:00,100403.44138395222
2025-07-17 20:12:00+00:00,100417.84783893937
2025-07-17 20:13:00+00:00,100416.74752354958
2025-07-17 20:14:00+00:00,100422.37704414848
2025-07-17 20:15:00+00:00,100441.08240577478
2025-07-17 20:16:00+00:00,100428.51833934725
2025-07-17 20:17:00+00:00,100452.82763284245
2025-07-17 20:18:00+00:00,100451.52260761271
2025-07-17 20:19:00+00:00,100445.15101384398
2025-07-17 20:20:00+00:00,100391.03084990467
2025-07-17 20:21:00+00:00,100440.4426875249
2025-07-17 20:22:00+00:00,100411.32271279066
2025-07-17 20:23:00+00:00,100438.26764547534
2025-07-17 20:24:00+00:00,100459.30158153118
2025-07-17 20:25:00+00:00,100484.81354533615
2025-07-17 20:26:00+00:00,100488.39596753544
2025-07-17 20:27:00+00:00,100501.19033253292
2025-07-17 20:28:00+00:00,100484.37853692623
2025-07-17 20:29:00+00:00,100489.36833927524
2025-07-17 20:30:00+00:00,100521.68690525886
2025-07-17 20:31:00+00:00,100527.03494982781
2025-07-17 20:32:00+00:00,100523.78518111845
2025-07-17 20:33:00+00:00,100528.82616092745
2025-07-17 20:34:00+00:00,100498.32439477347
2025-07-17 20:35:00+00:00,100519.10244352938
2025-07-17 20:36:00+00:00,100527.03494982781
2025-07-17 20:37:00+00:00,100539.31754022538
2025-07-17 20:38:00+00:00,100558.86732994152
2025-07-17 20:39:00+00:00,100569.25635431947
2025-07-17 20:40:00+00:00,100564.65038292037
2025-07-17 20:41:00+00:00,100554.4148909224
2025-07-17 20:42:00+00:00,100552.85397839271
2025-07-17 20:43:00+00:00,100567.41396575983
2025-07-17 20:44:00+00:00,100542.15788925483
2025-07-17 20:45:00+00:00,100559.25116089144
2025-07-17 20:46:00+00:00,100552.80280093272
2025-07-17 20:47:00+00:00,100561.04237199109
2025-07-17 20:48:00+00:00,100562.0915099209
2025-07-17 20:49:00+00:00,100542.20906671481
2025-07-17 20:50:00+00:00,100511.91201040079
2025-07-17 20:51:00+00:00,100525.96022316802
2025-07-17 20:52:00+00:00,100536.170126436
2025-07-17 20:53:00+00:00,100529.84971012725
2025-07-17 20:54:00+00:00,100527.18848220777
2025-07-17 20:55:00+00:00,100514.77794816023
2025-07-17 20:56:00+00:00,100505.56600536205
2025-07-17 20:57:00+00:00,100512.96114833059
2025-07-17 20:58:00+00:00,100526.77906252786
2025-07-17 20:59:00+00:00,100592.64445353486
2025-07-17 21:00:00+00:00,100611.73364611108
2025-07-17 21:01:00+00:00,100652.77796902298
2025-07-17 21:02:00+00:00,100656.74422217219
2025-07-17 21:03:00+00:00,100676.24283442835
2025-07-17 21:04:00+00:00,100685.96655182642
2025-07-17 21:05:00+00:00,100701.7803869633
2025-07-17 21:06:00+00:00,100733.76629945698
2025-07-17 21:07:00+00:00,100732.6915727972
2025-07-17 21:08:00+00:00,100735.7110429366
2025-07-17 21:09:00+00:00,100704.49279234276
2025-07-17 21:10:00+00:00,100718.18276289006
2025-07-17 21:11:00+00:00,100760.63446595168
2025-07-17 21:12:00+00:00,100720.20427255967
2025-07-17 21:13:00+00:00,100735.60868801663
2025-07-17 21:14:00+00:00,100758.10118168218
2025-07-17 21:15:00+00:00,100819.18148018012
2025-07-17 21:16:00+00:00,100844.0793144652
2025-07-17 21:17:00+00:00,100793.56716145518
2025-07-17 21:18:00+00:00,100862.47761133157
2025-07-17 21:19:00+00:00,100863.78263656131
2025-07-17 21:20:00+00:00,100906.9252353328
2025-07-17 21:21:00+00:00,100929.80155994828
2025-07-17 21:22:00+00:00,100939.88351956628
2025-07-17 21:23:00+00:00,100950.73314108414
2025-07-17 21:24:00+00:00,100966.85404098096
2025-07-17 21:25:00+00:00,100910.942665942
2025-07-17 21:26:00+00:00,100874.27401585924
2025-07-17 21:27:00+00:00,100886.01924292692
2025-07-17 21:28:00+00:00,100912.70828831165
2025-07-17 21:29:00+00:00,100962.6063118018
2025-07-17 21:30:00+00:00,100945.18038667525
2025-07-17 21:31:00+00:00,100893.7214506554
2025-07-17 21:32:00+00:00,100935.71255657711
2025-07-17 21:33:00+00:00,100924.99087870923
2025-07-17 21:34:00+00:00,100929.05948677842
2025-07-17 21:35:00+00:00,100865.57384766097
2025-07-17 21:36:00+00:00,100837.93801926641
2025-07-17 21:37:00+00:00,100776.01329267865
2025-07-17 21:38:00+00:00,100831.71995787765
2025-07-17 21:39:00+00:00,100813.34724974127
2025-07-17 21:40:00+00:00,100832.12937755756
2025-07-17 21:41:00+00:00,100838.37302767634
2025-07-17 21:42:00+00:00,100856.38749359277
2025-07-17 21:43:00+00:00,100875.80933965894
2025-07-17 21:44:00+00:00,100893.2096760555
2025-07-17 21:45:00+00:00,100921.86905364985
2025-07-17 21:46:00+00:00,100864.67824211114
2025-07-17 21:47:00+00:00,100856.46425978276
2025-07-17 21:48:00+00:00,100878.47056757842
2025-07-17 21:49:00+00:00,100889.34577782627
2025-07-17 21:50:00+00:00,100820.51209413985
2025-07-17 21:51:00+00:00,100822.07300666955
2025-07-17 21:52:00+00:00,100834.17647595717
2025-07-17 21:53:00+00:00,100850.29737585397
2025-07-17 21:54:00+00:00,100848.30145491437
2025-07-17 21:55:00+00:00,100864.55029846117
2025-07-17 21:56:00+00:00,100860.96787626187
2025-07-17 21:57:00+00:00,100826.16720346874
2025-07-17 21:58:00+00:00,100822.20095031953
2025-07-17 21:59:00+00:00,100802.44645076343
2025-07-17 22:00:00+00:00,100792.90185447532
2025-07-17 22:01:00+00:00,100822.04741793955
2025-07-17 22:02:00+00:00,100833.30645913733
2025-07-17 22:03:00+00:00,100830.26140026793
2025-07-17 22:04:00+00:00,100811.35132880167
2025-07-17 22:05:00+00:00,100789.80561814593
2025-07-17 22:06:00+00:00,100778.06039107824
2025-07-17 22:07:00+00:00,100785.45553404678
2025-07-17 22:08:00+00:00,100773.96619427906
2025-07-17 22:09:00+00:00,100779.74924725792
2025-07-17 22:10:00+00:00,100771.35614381956
2025-07-17 22:11:00+00:00,100794.43717827501
2025-07-17 22:12:00+00:00,100795.56308239479
2025-07-17 22:13:00+00:00,100839.34539941614
2025-07-17 22:14:00+00:00,100845.6146382649
2025-07-17 22:15:00+00:00,100859.45814119217
2025-07-17 22:16:00+00:00,100880.26177867806
2025-07-17 22:17:00+00:00,100891.16257765591
2025-07-17 22:18:00+00:00,100891.16257765591
2025-07-17 22:19:00+00:00,100877.34466345864
2025-07-17 22:20:00+00:00,100806.20799407268
2025-07-17 22:21:00+00:00,100782.69195120732
2025-07-17 22:22:00+00:00,100776.2691799786
2025-07-17 22:23:00+00:00,100782.56400755735
2025-07-17 22:24:00+00:00,100773.94060554905
2025-07-17 22:25:00+00:00,100786.24878467663
2025-07-17 22:26:00+00:00,100787.78410847632
2025-07-17 22:27:00+00:00,100756.56585788248
2025-07-17 22:28:00+00:00,100751.98547521338
2025-07-17 22:29:00+00:00,100756.69380153246
2025-07-17 22:30:00+00:00,100771.40732127955
2025-07-17 22:31:00+00:00,100771.97027333945
2025-07-17 22:32:00+00:00,100771.58644238953
2025-07-17 22:33:00+00:00,100790.31739274581
2025-07-17 22:34:00+00:00,100785.50671150678
2025-07-17 22:35:00+00:00,100787.78410847632
2025-07-17 22:36:00+00:00,100768.31108495017
2025-07-17 22:37:00+00:00,100783.15254834724
2025-07-17 22:38:00+00:00,100780.10748947784
2025-07-17 22:39:00+00:00,100774.98974347884
2025-07-17 22:40:00+00:00,100791.87830527552
2025-07-17 22:41:00+00:00,100792.90185447532
2025-07-17 22:42:00+00:00,100786.78614800652
2025-07-17 22:43:00+00:00,100795.9725020747
2025-07-17 22:44:00+00:00,100778.59775440814
2025-07-17 22:45:00+00:00,100815.41993687087
2025-07-17 22:46:00+00:00,100807.41066438245
2025-07-17 22:47:00+00:00,100791.34094194561
2025-07-17 22:48:00+00:00,100763.73070228107
2025-07-17 22:49:00+00:00,100748.914827614
2025-07-17 22:50:00+00:00,100706.07929360245
2025-07-17 22:51:00+00:00,100655.49037440245
2025-07-17 22:52:00+00:00,100652.1894282331
2025-07-17 22:53:00+00:00,100608.66299851169
2025-07-17 22:54:00+00:00,100636.29882690623
2025-07-17 22:55:00+00:00,100659.96840215156
2025-07-17 22:56:00+00:00,100674.04220364877
2025-07-17 22:57:00+00:00,100657.2304080421
2025-07-17 22:58:00+00:00,100669.56417589966
2025-07-17 22:59:00+00:00,100678.57140885788
2025-07-17 23:00:00+00:00,100655.79743916239
2025-07-17 23:01:00+00:00,100654.77388996258
2025-07-17 23:02:00+00:00,100671.09949969937
2025-07-17 23:03:00+00:00,100677.62462584807
2025-07-17 23:04:00+00:00,100685.42918849654
2025-07-17 23:05:00+00:00,100634.55879326658
2025-07-17 23:06:00+00:00,100653.49445346283
2025-07-17 23:07:00+00:00,100694.41083272477
2025-07-17 23:08:00+00:00,100698.223553494
2025-07-17 23:09:00+00:00,100679.5437805977
2025-07-17 23:10:00+00:00,100684.27769564676
2025-07-17 23:11:00+00:00,100687.80894038606
2025-07-17 23:12:00+00:00,100695.25526081459
2025-07-17 23:13:00+00:00,100692.26137940519
2025-07-17 23:14:00+00:00,100664.39525244068
2025-07-17 23:15:00+00:00,100707.79373851212
2025-07-17 23:16:00+00:00,100693.25933987499
2025-07-17 23:17:00+00:00,100638.83211117573
2025-07-17 23:18:00+00:00,100638.75534498575
2025-07-17 23:19:00+00:00,100604.5432129825
2025-07-17 23:20:00+00:00,100614.80429371048
2025-07-17 23:21:00+00:00,100615.85343164028
2025-07-17 23:22:00+00:00,100594.84508431441
2025-07-17 23:23:00+00:00,100611.75923484108
2025-07-17 23:24:00+00:00,100624.52801110856
2025-07-17 23:25:00+00:00,100603.69878489268
2025-07-17 23:26:00+00:00,100611.96394468103
2025-07-17 23:27:00+00:00,100610.17273358139
2025-07-17 23:28:00+00:00,100613.1410262608
2025-07-17 23:29:00+00:00,100635.9917621463
2025-07-17 23:30:00+00:00,100630.15753170745
2025-07-17 23:31:00+00:00,100632.20463010704
2025-07-17 23:32:00+00:00,100628.44308679778
2025-07-17 23:33:00+00:00,100621.45736350917
2025-07-17 23:34:00+00:00,100607.63944931189
2025-07-17 23:35:00+00:00,100606.05294805221
2025-07-17 23:36:00+00:00,100598.88810365362
2025-07-17 23:37:00+00:00,100619.87086224947
2025-07-17 23:38:00+00:00,100608.6118210517
2025-07-17 23:39:00+00:00,100588.72937784562
2025-07-17 23:40:00+00:00,100590.23911291533
2025-07-17 23:41:00+00:00,100561.45179167102
2025-07-17 23:42:00+00:00,100564.62479419039
2025-07-17 23:43:00+00:00,100574.86028618837
2025-07-17 23:44:00+00:00,100573.37613984865
2025-07-17 23:45:00+00:00,100573.6320271486
2025-07-17 23:46:00+00:00,100586.55433579606
2025-07-17 23:47:00+00:00,100580.08038710733
2025-07-17 23:48:00+00:00,100587.8849497558
2025-07-17 23:49:00+00:00,100586.65669071603
2025-07-17 23:50:00+00:00,100566.39041656004
2025-07-17 23:51:00+00:00,100552.85397839271
2025-07-17 23:52:00+00:00,100557.43436106181
2025-07-17 23:53:00+00:00,100576.77944093799
2025-07-17 23:54:00+00:00,100560.53059739119
2025-07-17 23:55:00+00:00,100562.65446198077
2025-07-17 23:56:00+00:00,100536.75866722589
2025-07-17 23:57:00+00:00,100533.40654359655
2025-07-17 23:58:00+00:00,100528.16085394759
2025-07-17 23:59:00+00:00,100526.26728792796
2025-07-18 00:00:00+00:00,100534.45568152633
2025-07-18 00:01:00+00:00,100528.41674124754
2025-07-18 00:02:00+00:00,100520.66335605907
2025-07-18 00:03:00+00:00,100544.17939892442
2025-07-18 00:04:00+00:00,100577.44474791785
2025-07-18 00:05:00+00:00,100560.04441152129
2025-07-18 00:06:00+00:00,100549.78333079332
2025-07-18 00:07:00+00:00,100523.06869667859
2025-07-18 00:08:00+00:00,100525.21814999817
2025-07-18 00:09:00+00:00,100537.09132071582
2025-07-18 00:10:00+00:00,100519.63980685927
2025-07-18 00:11:00+00:00,100519.15362098937
2025-07-18 00:12:00+00:00,100495.02344860413
2025-07-18 00:13:00+00:00,100488.88215340534
2025-07-18 00:14:00+00:00,100492.72046290457
2025-07-18 00:15:00+00:00,100514.9570692702
2025-07-18 00:16:00+00:00,100516.56915925987
2025-07-18 00:17:00+00:00,100509.60902470125
2025-07-18 00:18:00+00:00,100503.18625347252
2025-07-18 00:19:00+00:00,100521.68690525886
2025-07-18 00:20:00+00:00,100540.16196831522
2025-07-18 00:21:00+00:00,100584.17458390653
2025-07-18 00:22:00+00:00,100603.5196637827
2025-07-18 00:23:00+00:00,100569.79371764936
2025-07-18 00:24:00+00:00,100584.86547961639
2025-07-18 00:25:00+00:00,100579.61978996743
2025-07-18 00:26:00+00:00,100574.01585809853
2025-07-18 00:27:00+00:00,100609.94243501144
2025-07-18 00:28:00+00:00,100622.96709857887
2025-07-18 00:29:00+00:00,100604.41526933253
2025-07-18 00:30:00+00:00,100622.352969059
2025-07-18 00:31:00+00:00,100621.91796064907
2025-07-18 00:32:00+00:00,100627.08688410805
2025-07-18 00:33:00+00:00,100636.78501277613
2025-07-18 00:34:00+00:00,100618.89849050967
2025-07-18 00:35:00+00:00,100639.34388577563
2025-07-18 00:36:00+00:00,100653.67357457281
2025-07-18 00:37:00+00:00,100629.13398250764
2025-07-18 00:38:00+00:00,100656.76981090219
2025-07-18 00:39:00+00:00,100644.41045431464
2025-07-18 00:40:00+00:00,100637.0153113461
2025-07-18 00:41:00+00:00,100636.81060150613
2025-07-18 00:42:00+00:00,100648.55582857381
2025-07-18 00:43:00+00:00,100664.93261577058
2025-07-18 00:44:00+00:00,100672.63482349906
2025-07-18 00:45:00+00:00,100667.33795639011
2025-07-18 00:46:00+00:00,100670.3830152595
2025-07-18 00:47:00+00:00,100659.99399088156
2025-07-18 00:48:00+00:00,100657.28158550209
2025-07-18 00:49:00+00:00,100644.00103463471
2025-07-18 00:50:00+00:00,100628.08484457785
2025-07-18 00:51:00+00:00,100649.6305552336
2025-07-18 00:52:00+00:00,100654.39005901266
2025-07-18 00:53:00+00:00,100648.6070060338
2025-07-18 00:54:00+00:00,100659.86604723158
2025-07-18 00:55:00+00:00,100651.1658790333
2025-07-18 00:56:00+00:00,100657.28158550209
2025-07-18 00:57:00+00:00,100653.28974362288
2025-07-18 00:58:00+00:00,100679.77407916765
2025-07-18 00:59:00+00:00,100673.65837269886
2025-07-18 01:00:00+00:00,100667.74737607002
2025-07-18 01:01:00+00:00,100665.7770438604
2025-07-18 01:02:00+00:00,100653.92946187276
2025-07-18 01:03:00+00:00,100655.74626170238
2025-07-18 01:04:00+00:00,100652.52208172303
2025-07-18 01:05:00+00:00,100663.47405816086
2025-07-18 01:06:00+00:00,100657.05128693214
2025-07-18 01:07:00+00:00,100668.97563510977
2025-07-18 01:08:00+00:00,100707.79373851212
2025-07-18 01:09:00+00:00,100719.74367541976
2025-07-18 01:10:00+00:00,100755.56789741268
2025-07-18 01:11:00+00:00,100809.27864167208
2025-07-18 01:12:00+00:00,100833.33204786733
2025-07-18 01:13:00+00:00,100825.65542886883
2025-07-18 01:14:00+00:00,100805.21003360288
2025-07-18 01:15:00+00:00,100762.16978975138
2025-07-18 01:16:00+00:00,100758.07559295218
2025-07-18 01:17:00+00:00,100778.85364170809
2025-07-18 01:18:00+00:00,100784.71346087693
2025-07-18 01:19:00+00:00,100766.26398655056
2025-07-18 01:20:00+00:00,100808.51097977223
2025-07-18 01:21:00+00:00,100841.49485273572
2025-07-18 01:22:00+00:00,100812.34928927147
2025-07-18 01:23:00+00:00,100797.5078258744
2025-07-18 01:24:00+00:00,100796.9704625445
2025-07-18 01:25:00+00:00,100776.03888140865
2025-07-18 01:26:00+00:00,100775.50151807874
2025-07-18 01:27:00+00:00,100788.52618164617
2025-07-18 01:28:00+00:00,100774.98974347884
2025-07-18 01:29:00+00:00,100780.56808661774
2025-07-18 01:30:00+00:00,100763.70511355107
2025-07-18 01:31:00+00:00,100788.80765767612
2025-07-18 01:32:00+00:00,100791.34094194561
2025-07-18 01:33:00+00:00,100817.2879141605
2025-07-18 01:34:00+00:00,100835.63503356687
2025-07-18 01:35:00+00:00,100851.96064330365
2025-07-18 01:36:00+00:00,100835.89092086682
2025-07-18 01:37:00+00:00,100855.33835566299
2025-07-18 01:38:00+00:00,100845.00050874503
2025-07-18 01:39:00+00:00,100868.64449526035
2025-07-18 01:40:00+00:00,100896.97121936476
2025-07-18 01:41:00+00:00,100878.87998725833
2025-07-18 01:42:00+00:00,100838.93597973621
2025-07-18 01:43:00+00:00,100836.40269546672
2025-07-18 01:44:00+00:00,100829.74962566803
2025-07-18 01:45:00+00:00,100827.52340615848
2025-07-18 01:46:00+00:00,100836.07004197678
2025-07-18 01:47:00+00:00,100849.58089141412
2025-07-18 01:48:00+00:00,100827.72811599844
2025-07-18 01:49:00+00:00,100811.83751467157
2025-07-18 01:50:00+00:00,100821.04945746975
2025-07-18 01:51:00+00:00,100820.02590826995
2025-07-18 01:52:00+00:00,100815.93171147077
2025-07-18 01:53:00+00:00,100807.00124470252
2025-07-18 01:54:00+00:00,100813.88461307116
2025-07-18 01:55:00+00:00,100826.14161473875
2025-07-18 01:56:00+00:00,100832.05261136757
2025-07-18 01:57:00+00:00,100828.72607646824
2025-07-18 01:58:00+00:00,100826.16720346874
2025-07-18 01:59:00+00:00,100824.09451633916
2025-07-18 02:00:00+00:00,100806.92447851255
2025-07-18 02:01:00+00:00,100799.52933554401
2025-07-18 02:02:00+00:00,100789.83120687591
2025-07-18 02:03:00+00:00,100776.55065600853
2025-07-18 02:04:00+00:00,100774.98974347884
2025-07-18 02:05:00+00:00,100767.82489908027
2025-07-18 02:06:00+00:00,100733.02422628713
2025-07-18 02:07:00+00:00,100739.2934651359
2025-07-18 02:08:00+00:00,100761.12065182159
2025-07-18 02:09:00+00:00,100764.75425148087
2025-07-18 02:10:00+00:00,100773.96619427906
2025-07-18 02:11:00+00:00,100789.60090830596
2025-07-18 02:12:00+00:00,100798.5057863442
2025-07-18 02:13:00+00:00,100774.60591252893
2025-07-18 02:14:00+00:00,100762.73274181127
2025-07-18 02:15:00+00:00,100732.51245168723
2025-07-18 02:16:00+00:00,100721.76518508936
2025-07-18 02:17:00+00:00,100712.4508873712
2025-07-18 02:18:00+00:00,100718.15717416006
2025-07-18 02:19:00+00:00,100732.51245168723
2025-07-18 02:20:00+00:00,100718.69453748997
2025-07-18 02:21:00+00:00,100730.26064344768
2025-07-18 02:22:00+00:00,100729.59533646781
2025-07-18 02:23:00+00:00,100729.69769138779
2025-07-18 02:24:00+00:00,100747.09802778435
2025-07-18 02:25:00+00:00,100757.07763248238
2025-07-18 02:26:00+00:00,100754.67229186287
2025-07-18 02:27:00+00:00,100803.95618583313
2025-07-18 02:28:00+00:00,100795.63984858477
2025-07-18 02:29:00+00:00,100791.46888559559
2025-07-18 02:30:00+00:00,100778.57216567814
2025-07-18 02:31:00+00:00,100786.24878467663
2025-07-18 02:32:00+00:00,100790.34298147581
2025-07-18 02:33:00+00:00,100797.9940117443
2025-07-18 02:34:00+00:00,100826.70456679864
2025-07-18 02:35:00+00:00,100822.55919253945
2025-07-18 02:36:00+00:00,100820.53768286985
2025-07-18 02:37:00+00:00,100806.20799407268
2025-07-18 02:38:00+00:00,100816.95526067057
2025-07-18 02:39:00+00:00,100820.02590826995
2025-07-18 02:40:00+00:00,100804.16089567309
2025-07-18 02:41:00+00:00,100809.71365008199
2025-07-18 02:42:00+00:00,100804.16089567309
2025-07-18 02:43:00+00:00,100819.7956097
2025-07-18 02:44:00+00:00,100808.45980231224
2025-07-18 02:45:00+00:00,100804.13530694309
2025-07-18 02:46:00+00:00,100782.61518501735
2025-07-18 02:47:00+00:00,100780.10748947784
2025-07-18 02:48:00+00:00,100779.59571487794
2025-07-18 02:49:00+00:00,100783.92021024709
2025-07-18 02:50:00+00:00,100774.47796887896
2025-07-18 02:51:00+00:00,100791.87830527552
2025-07-18 02:52:00+00:00,100770.38377207976
2025-07-18 02:53:00+00:00,100781.41251470758
2025-07-18 02:54:00+00:00,100788.09117323626
2025-07-18 02:55:00+00:00,100784.38080738699
2025-07-18 02:56:00+00:00,100777.03684187843
2025-07-18 02:57:00+00:00,100765.1124937008
2025-07-18 02:58:00+00:00,100755.59348614268
2025-07-18 02:59:00+00:00,100758.61295628209
2025-07-18 03:00:00+00:00,100749.8871993538
2025-07-18 03:01:00+00:00,100741.95469305536
2025-07-18 03:02:00+00:00,100763.98658958102
2025-07-18 03:03:00+00:00,100731.02830534753
2025-07-18 03:04:00+00:00,100730.08152233771
2025-07-18 03:05:00+00:00,100739.70288481581
2025-07-18 03:06:00+00:00,100736.63223721643
2025-07-18 03:07:00+00:00,100747.99363333418
2025-07-18 03:08:00+00:00,100740.11230449573
2025-07-18 03:09:00+00:00,100738.32109339608
2025-07-18 03:10:00+00:00,100749.4010134839
2025-07-18 03:11:00+00:00,100750.73162744363
2025-07-18 03:12:00+00:00,100763.88423466105
2025-07-18 03:13:00+00:00,100770.89554667966
2025-07-18 03:14:00+00:00,100762.0674348314
2025-07-18 03:15:00+00:00,100776.03888140865
2025-07-18 03:16:00+00:00,100782.12899914743
2025-07-18 03:17:00+00:00,100782.15458787743
2025-07-18 03:18:00+00:00,100768.84844828006
2025-07-18 03:19:00+00:00,100784.20168627703
2025-07-18 03:20:00+00:00,100768.84844828006
2025-07-18 03:21:00+00:00,100744.3088562149
2025-07-18 03:22:00+00:00,100761.68360388148
2025-07-18 03:23:00+00:00,100755.67025233267
2025-07-18 03:24:00+00:00,100753.23932298314
2025-07-18 03:25:00+00:00,100741.72439448541
2025-07-18 03:26:00+00:00,100736.63223721643
2025-07-18 03:27:00+00:00,100758.86884358202
2025-07-18 03:28:00+00:00,100746.71419683442
2025-07-18 03:29:00+00:00,100752.85549203321
2025-07-18 03:30:00+00:00,100749.65690078386
2025-07-18 03:31:00+00:00,100752.4716610833
2025-07-18 03:32:00+00:00,100747.3795038143
2025-07-18 03:33:00+00:00,100749.9127880838
2025-07-18 03:34:00+00:00,100745.30681668471
2025-07-18 03:35:00+00:00,100756.74497899244
2025-07-18 03:36:00+00:00,100767.77372162027
2025-07-18 03:37:00+00:00,100770.35818334976
2025-07-18 03:38:00+00:00,100780.59367534774
2025-07-18 03:39:00+00:00,100782.66636247734
2025-07-18 03:40:00+00:00,100796.30515556464
2025-07-18 03:41:00+00:00,100800.47611855381
2025-07-18 03:42:00+00:00,100812.83547514137
2025-07-18 03:43:00+00:00,100808.25509247227
2025-07-18 03:44:00+00:00,100821.86829682959
2025-07-18 03:45:00+00:00,100839.60128671609
2025-07-18 03:46:00+00:00,100844.5910890651
2025-07-18 03:47:00+00:00,100826.16720346874
2025-07-18 03:48:00+00:00,100824.06892760916
2025-07-18 03:49:00+00:00,100790.88034480572
2025-07-18 03:50:00+00:00,100790.88034480572
2025-07-18 03:51:00+00:00,100795.43513874481
2025-07-18 03:52:00+00:00,100803.11175774329
2025-07-18 03:53:00+00:00,100794.71865430495
2025-07-18 03:54:00+00:00,100793.43921780521
2025-07-18 03:55:00+00:00,100793.43921780521
2025-07-18 03:56:00+00:00,100794.92336414491
2025-07-18 03:57:00+00:00,100800.50170728381
2025-07-18 03:58:00+00:00,100789.85679560591
2025-07-18 03:59:00+00:00,100792.74832209534
2025-07-18 04:00:00+00:00,100776.83213203849
2025-07-18 04:01:00+00:00,100771.45849873955
2025-07-18 04:02:00+00:00,100772.73793523929
2025-07-18 04:03:00+00:00,100754.05816234298
2025-07-18 04:04:00+00:00,100736.65782594641
2025-07-18 04:05:00+00:00,100727.44588314823
2025-07-18 04:06:00+00:00,100729.23709424789
2025-07-18 04:07:00+00:00,100733.28011358708
2025-07-18 04:08:00+00:00,100731.7447897874
2025-07-18 04:09:00+00:00,100712.8858957811
2025-07-18 04:10:00+00:00,100704.3392599628
2025-07-18 04:11:00+00:00,100687.47628689613
2025-07-18 04:12:00+00:00,100708.97082009188
2025-07-18 04:13:00+00:00,100707.46108502218
2025-07-18 04:14:00+00:00,100706.89813296229
2025-07-18 04:15:00+00:00,100694.53877637474
2025-07-18 04:16:00+00:00,100713.62796895097
2025-07-18 04:17:00+00:00,100710.3782002416
2025-07-18 04:18:00+00:00,100706.38635836239
2025-07-18 04:19:00+00:00,100698.274730954
2025-07-18 04:20:00+00:00,100710.99232976149
2025-07-18 04:21:00+00:00,100708.8172877119
2025-07-18 04:22:00+00:00,100701.2430236334
2025-07-18 04:23:00+00:00,100699.09357031382
2025-07-18 04:24:00+00:00,100698.50502952395
2025-07-18 04:25:00+00:00,100712.04146769128
2025-07-18 04:26:00+00:00,100729.44180408784
2025-07-18 04:27:00+00:00,100732.30774184727
2025-07-18 04:28:00+00:00,100744.76945335482
2025-07-18 04:29:00+00:00,100757.07763248238
2025-07-18 04:30:00+00:00,100762.73274181127
2025-07-18 04:31:00+00:00,100767.95284273024
2025-07-18 04:32:00+00:00,100773.1985323792
2025-07-18 04:33:00+00:00,100786.12084102666
2025-07-18 04:34:00+00:00,100786.76055927653
2025-07-18 04:35:00+00:00,100798.5313750742
2025-07-18 04:36:00+00:00,100804.18648440308
2025-07-18 04:37:00+00:00,100812.83547514137
2025-07-18 04:38:00+00:00,100814.75462989099
2025-07-18 04:39:00+00:00,100814.78021862099
2025-07-18 04:40:00+00:00,100815.7270016308
2025-07-18 04:41:00+00:00,100803.64912107319
2025-07-18 04:42:00+00:00,100803.11175774329
2025-07-18 04:43:00+00:00,100803.13734647329
2025-07-18 04:44:00+00:00,100805.69621947278
2025-07-18 04:45:00+00:00,100842.0322160656
2025-07-18 04:46:00+00:00,100842.00662733562
2025-07-18 04:47:00+00:00,100841.49485273572
2025-07-18 04:48:00+00:00,100839.47334306611
2025-07-18 04:49:00+00:00,100843.87460462525
2025-07-18 04:50:00+00:00,100844.5910890651
2025-07-18 04:51:00+00:00,100847.1499620646
2025-07-18 04:52:00+00:00,100852.93301504345
2025-07-18 04:53:00+00:00,100848.40380983436
2025-07-18 04:54:00+00:00,100856.61779216272
2025-07-18 04:55:00+00:00,100850.7067955339
2025-07-18 04:56:00+00:00,100842.56957939551
2025-07-18 04:57:00+00:00,100850.7067955339
2025-07-18 04:58:00+00:00,100844.0793144652
2025-07-18 04:59:00+00:00,100839.21745576616
2025-07-18 05:00:00+00:00,100843.54195113531
2025-07-18 05:01:00+00:00,100835.89092086682
2025-07-18 05:02:00+00:00,100835.89092086682
2025-07-18 05:03:00+00:00,100810.81396547178
2025-07-18 05:04:00+00:00,100794.53953319498
2025-07-18 05:05:00+00:00,100834.35559706713
2025-07-18 05:06:00+00:00,100822.58478126946
2025-07-18 05:07:00+00:00,100816.44348607067
2025-07-18 05:08:00+00:00,100813.88461307116
2025-07-18 05:09:00+00:00,100819.51413367005
2025-07-18 05:10:00+00:00,100825.14365426895
2025-07-18 05:11:00+00:00,100844.84697636505
2025-07-18 05:12:00+00:00,100851.85828838366
2025-07-18 05:13:00+00:00,100885.25158102707
2025-07-18 05:14:00+00:00,100877.83084932854
2025-07-18 05:15:00+00:00,100871.20336825986
2025-07-18 05:16:00+00:00,100875.83492838894
2025-07-18 05:17:00+00:00,100858.38341453238
2025-07-18 05:18:00+00:00,100851.09062648381
2025-07-18 05:19:00+00:00,100864.03852386127
2025-07-18 05:20:00+00:00,100872.20132872966
2025-07-18 05:21:00+00:00,100875.27197632904
2025-07-18 05:22:00+00:00,100879.87794772814
2025-07-18 05:23:00+00:00,100868.46537415039
2025-07-18 05:24:00+00:00,100866.87887289071
2025-07-18 05:25:00+00:00,100870.20540779005
2025-07-18 05:26:00+00:00,100883.97214452733
2025-07-18 05:27:00+00:00,100870.56365000998
2025-07-18 05:28:00+00:00,100878.36821265843
2025-07-18 05:29:00+00:00,100875.29756505904
2025-07-18 05:30:00+00:00,100861.99142546167
2025-07-18 05:31:00+00:00,100861.45406213177
2025-07-18 05:32:00+00:00,100866.59739686076
2025-07-18 05:33:00+00:00,100861.45406213177
2025-07-18 05:34:00+00:00,100859.04872151226
2025-07-18 05:35:00+00:00,100829.3913834481
2025-07-18 05:36:00+00:00,100833.84382246723
2025-07-18 05:37:00+00:00,100835.89092086682
2025-07-18 05:38:00+00:00,100831.25936073773
2025-07-18 05:39:00+00:00,100833.07616056738
2025-07-18 05:40:00+00:00,100833.84382246723
2025-07-18 05:41:00+00:00,100829.23785106814
2025-07-18 05:42:00+00:00,100827.47222869849
2025-07-18 05:43:00+00:00,100822.61036999944
2025-07-18 05:44:00+00:00,100806.89888978255
2025-07-18 05:45:00+00:00,100829.00755249818
2025-07-18 05:46:00+00:00,100824.4015810991
2025-07-18 05:47:00+00:00,100828.72607646824
2025-07-18 05:48:00+00:00,100830.77317486783
2025-07-18 05:49:00+00:00,100843.0813539954
2025-07-18 05:50:00+00:00,100846.1008241348
2025-07-18 05:51:00+00:00,100853.2912572634
2025-07-18 05:52:00+00:00,100851.80711092368
2025-07-18 05:53:00+00:00,100861.99142546167
2025-07-18 05:54:00+00:00,100875.32315378904
2025-07-18 05:55:00+00:00,100867.08358273066
2025-07-18 05:56:00+00:00,100867.62094606056
2025-07-18 05:57:00+00:00,100887.34985688666
2025-07-18 05:58:00+00:00,100894.2076365253
2025-07-18 05:59:00+00:00,100886.1727753069
2025-07-18 06:00:00+00:00,100910.20059277215
2025-07-18 06:01:00+00:00,100940.47206035617
2025-07-18 06:02:00+00:00,100905.00608058317
2025-07-18 06:03:00+00:00,100850.32296458397
2025-07-18 06:04:00+00:00,100856.2595499428
2025-07-18 06:05:00+00:00,100860.94228753187
2025-07-18 06:06:00+00:00,100841.67397384568
2025-07-18 06:07:00+00:00,100813.88461307116
2025-07-18 06:08:00+00:00,100824.63187966905
2025-07-18 06:09:00+00:00,100821.56123206965
2025-07-18 06:10:00+00:00,100812.32370054147
2025-07-18 06:11:00+00:00,100826.44867949869
2025-07-18 06:12:00+00:00,100839.44775433611
2025-07-18 06:13:00+00:00,100841.00866686582
2025-07-18 06:14:00+00:00,100841.95544987562
2025-07-18 06:15:00+00:00,100817.95322114037
2025-07-18 06:16:00+00:00,100815.90612274077
2025-07-18 06:17:00+00:00,100827.70252726844
2025-07-18 06:18:00+00:00,100827.01163155858
2025-07-18 06:19:00+00:00,100818.49058447026
2025-07-18 06:20:00+00:00,100810.6860218218
2025-07-18 06:21:00+00:00,100817.44144654047
2025-07-18 06:22:00+00:00,100813.2193060913
2025-07-18 06:23:00+00:00,100815.98288893075
2025-07-18 06:24:00+00:00,100808.48539104222
2025-07-18 06:25:00+00:00,100803.31646758325
2025-07-18 06:26:00+00:00,100796.79134143454
2025-07-18 06:27:00+00:00,100795.43513874481
2025-07-18 06:28:00+00:00,100789.83120687591
2025-07-18 06:29:00+00:00,100776.11564759862
2025-07-18 06:30:00+00:00,100787.37468879641
2025-07-18 06:31:00+00:00,100788.19352815625
2025-07-18 06:32:00+00:00,100789.31943227601
2025-07-18 06:33:00+00:00,100789.26825481604
2025-07-18 06:34:00+00:00,100778.08597980824
2025-07-18 06:35:00+00:00,100772.1493944494
2025-07-18 06:36:00+00:00,100755.33759884273
2025-07-18 06:37:00+00:00,100774.32443649898
2025-07-18 06:38:00+00:00,100798.32666523424
2025-07-18 06:39:00+00:00,100811.32574007167
2025-07-18 06:40:00+00:00,100798.63372999418
2025-07-18 06:41:00+00:00,100808.74127834218
2025-07-18 06:42:00+00:00,100803.64912107319
2025-07-18 06:43:00+00:00,100794.92336414491
2025-07-18 06:44:00+00:00,100802.34409584344
2025-07-18 06:45:00+00:00,100803.62353234319
2025-07-18 06:46:00+00:00,100810.7371992818
2025-07-18 06:47:00+00:00,100834.53471817709
2025-07-18 06:48:00+00:00,100834.86737166703
2025-07-18 06:49:00+00:00,100837.93801926641
2025-07-18 06:50:00+00:00,100842.54399066551
2025-07-18 06:51:00+00:00,100847.6617366645
2025-07-18 06:52:00+00:00,100833.58793516728
2025-07-18 06:53:00+00:00,100819.46295621007
2025-07-18 06:54:00+00:00,100808.25509247227
2025-07-18 06:55:00+00:00,100813.39842720126
2025-07-18 06:56:00+00:00,100804.36560551304
2025-07-18 06:57:00+00:00,100806.54064756262
2025-07-18 06:58:00+00:00,100797.9940117443
2025-07-18 06:59:00+00:00,100795.25601763485
2025-07-18 07:00:00+00:00,100794.92336414491
2025-07-18 07:01:00+00:00,100799.0687384041
2025-07-18 07:02:00+00:00,100792.5180235254
2025-07-18 07:03:00+00:00,100799.27344824406
2025-07-18 07:04:00+00:00,100795.63984858477
2025-07-18 07:05:00+00:00,100771.43291000955
2025-07-18 07:06:00+00:00,100787.27233387642
2025-07-18 07:07:00+00:00,100828.72607646824
2025-07-18 07:08:00+00:00,100814.90816227096
2025-07-18 07:09:00+00:00,100808.74127834218
2025-07-18 07:10:00+00:00,100774.47796887896
2025-07-18 07:11:00+00:00,100769.87199747986
2025-07-18 07:12:00+00:00,100753.4696215531
2025-07-18 07:13:00+00:00,100738.85845672598
2025-07-18 07:14:00+00:00,100755.51671995269
2025-07-18 07:15:00+00:00,100732.1542094673
2025-07-18 07:16:00+00:00,100726.16644664848
2025-07-18 07:17:00+00:00,100731.51449121743
2025-07-18 07:18:00+00:00,100720.94634572952
2025-07-18 07:19:00+00:00,100696.63705223432
2025-07-18 07:20:00+00:00,100701.2686123634
2025-07-18 07:21:00+00:00,100682.76796057705
2025-07-18 07:22:00+00:00,100685.40359976653
2025-07-18 07:23:00+00:00,100684.48240548672
2025-07-18 07:24:00+00:00,100682.10265359719
2025-07-18 07:25:00+00:00,100667.54266623006
2025-07-18 07:26:00+00:00,100658.8169093018
2025-07-18 07:27:00+00:00,100661.35019357128
2025-07-18 07:28:00+00:00,100649.40025666365
2025-07-18 07:29:00+00:00,100647.557868104
2025-07-18 07:30:00+00:00,100669.99918430958
2025-07-18 07:31:00+00:00,100655.02977726253
2025-07-18 07:32:00+00:00,100669.56417589966
2025-07-18 07:33:00+00:00,100655.82302789237
2025-07-18 07:34:00+00:00,100655.49037440245
2025-07-18 07:35:00+00:00,100652.85473521297
2025-07-18 07:36:00+00:00,100662.88551737097
2025-07-18 07:37:00+00:00,100664.11377641074
2025-07-18 07:38:00+00:00,100658.84249803178
2025-07-18 07:39:00+00:00,100658.33072343189
2025-07-18 07:40:00+00:00,100656.2324475723
2025-07-18 07:41:00+00:00,100668.3615055899
2025-07-18 07:42:00+00:00,100681.82117756724
2025-07-18 07:43:00+00:00,100675.16810776855
2025-07-18 07:44:00+00:00,100697.20000429421
2025-07-18 07:45:00+00:00,100685.42918849654
2025-07-18 07:46:00+00:00,100689.52338529573
2025-07-18 07:47:00+00:00,100671.09949969937
2025-07-18 07:48:00+00:00,100673.12100936896
2025-07-18 07:49:00+00:00,100670.61331382945
2025-07-18 07:50:00+00:00,100662.2713878511
2025-07-18 07:51:00+00:00,100640.44420116542
2025-07-18 07:52:00+00:00,100611.70805738108
2025-07-18 07:53:00+00:00,100600.5001936433
2025-07-18 07:54:00+00:00,100605.38764107233
2025-07-18 07:55:00+00:00,100626.21686728823
2025-07-18 07:56:00+00:00,100619.94762843946
2025-07-18 07:57:00+00:00,100605.6179396423
2025-07-18 07:58:00+00:00,100577.98211124775
2025-07-18 07:59:00+00:00,100570.79167811916
2025-07-18 08:00:00+00:00,100599.37428952352
2025-07-18 08:01:00+00:00,100598.9392811136
2025-07-18 08:02:00+00:00,100572.6596554088
2025-07-18 08:03:00+00:00,100551.34424332301
2025-07-18 08:04:00+00:00,100545.58677907415
2025-07-18 08:05:00+00:00,100544.2305763844
2025-07-18 08:06:00+00:00,100536.78425595589
2025-07-18 08:07:00+00:00,100556.05256964208
2025-07-18 08:08:00+00:00,100566.72307004998
2025-07-18 08:09:00+00:00,100544.2561651144
2025-07-18 08:10:00+00:00,100567.64426432979
2025-07-18 08:11:00+00:00,100565.41804482022
2025-07-18 08:12:00+00:00,100556.05256964208
2025-07-18 08:13:00+00:00,100546.76386065391
2025-07-18 08:14:00+00:00,100541.97876814485
2025-07-18 08:15:00+00:00,100534.99304485624
2025-07-18 08:16:00+00:00,100548.01770842366
2025-07-18 08:17:00+00:00,100577.80299013777
2025-07-18 08:18:00+00:00,100570.30549224926
2025-07-18 08:19:00+00:00,100569.53783034942
2025-07-18 08:20:00+00:00,100577.08650569792
2025-07-18 08:21:00+00:00,100550.8324687231
2025-07-18 08:22:00+00:00,100547.25004652381
2025-07-18 08:23:00+00:00,100531.69209868688
2025-07-18 08:24:00+00:00,100540.05961339523
2025-07-18 08:25:00+00:00,100529.84971012725
2025-07-18 08:26:00+00:00,100525.78110205806
2025-07-18 08:27:00+00:00,100526.77906252786
2025-07-18 08:28:00+00:00,100515.54561006007
2025-07-18 08:29:00+00:00,100510.3510978711
2025-07-18 08:30:00+00:00,100494.25578670428
2025-07-18 08:31:00+00:00,100446.12338558378
2025-07-18 08:32:00+00:00,100450.49905841291
2025-07-18 08:33:00+00:00,100444.81836035404
2025-07-18 08:34:00+00:00,100434.17344867614
2025-07-18 08:35:00+00:00,100432.10076154655
2025-07-18 08:36:00+00:00,100423.09352858833
2025-07-18 08:37:00+00:00,100390.13524435484
2025-07-18 08:38:00+00:00,100405.0022964819
2025-07-18 08:39:00+00:00,100371.50664891851
2025-07-18 08:40:00+00:00,100356.3581207615
2025-07-18 08:41:00+00:00,100343.05198116414
2025-07-18 08:42:00+00:00,100371.02046304861
2025-07-18 08:43:00+00:00,100329.77143029677
2025-07-18 08:44:00+00:00,100338.44600976504
2025-07-18 08:45:00+00:00,100344.91995845377
2025-07-18 08:46:00+00:00,100343.99876417394
2025-07-18 08:47:00+00:00,100349.11651017294
2025-07-18 08:48:00+00:00,100336.39891136545
2025-07-18 08:49:00+00:00,100352.75010983221
2025-07-18 08:50:00+00:00,100340.49310816464
2025-07-18 08:51:00+00:00,100354.38778855189
2025-07-18 08:52:00+00:00,100359.22405852094
2025-07-18 08:53:00+00:00,100382.97039995625
2025-07-18 08:54:00+00:00,100399.88455048291
2025-07-18 08:55:00+00:00,100367.41245211933
2025-07-18 08:56:00+00:00,100367.59157322929
2025-07-18 08:57:00+00:00,100383.50776328615
2025-07-18 08:58:00+00:00,100389.95612324488
2025-07-18 08:59:00+00:00,100386.2713461256
2025-07-18 09:00:00+00:00,100381.46066488654
2025-07-18 09:01:00+00:00,100370.66222082869
2025-07-18 09:02:00+00:00,100365.33976498974
2025-07-18 09:03:00+00:00,100364.13709467997
2025-07-18 09:04:00+00:00,100361.68057660045
2025-07-18 09:05:00+00:00,100366.28654799955
2025-07-18 09:06:00+00:00,100379.89975235685
2025-07-18 09:07:00+00:00,100391.64497942454
2025-07-18 09:08:00+00:00,100398.29804922323
2025-07-18 09:09:00+00:00,100400.31955889284
2025-07-18 09:10:00+00:00,100422.91440747837
2025-07-18 09:11:00+00:00,100418.30843607927
2025-07-18 09:12:00+00:00,100437.19291881555
2025-07-18 09:13:00+00:00,100451.90643856264
2025-07-18 09:14:00+00:00,100440.28915514494
2025-07-18 09:15:00+00:00,100418.28284734928
2025-07-18 09:16:00+00:00,100373.78404588807
2025-07-18 09:17:00+00:00,100401.36869682261
2025-07-18 09:18:00+00:00,100383.48217455615
2025-07-18 09:19:00+00:00,100427.39243522749
2025-07-18 09:20:00+00:00,100426.31770856769
2025-07-18 09:21:00+00:00,100416.46604751964
2025-07-18 09:22:00+00:00,100406.10261187168
2025-07-18 09:23:00+00:00,100406.00025695171
2025-07-18 09:24:00+00:00,100412.6277380204
2025-07-18 09:25:00+00:00,100364.5209256299
2025-07-18 09:26:00+00:00,100407.99617789131
2025-07-18 09:27:00+00:00,100396.19977336364
2025-07-18 09:28:00+00:00,100392.13116529444
2025-07-18 09:29:00+00:00,100390.67260768474
2025-07-18 09:30:00+00:00,100412.42302818043
2025-07-18 09:31:00+00:00,100406.87027377154
2025-07-18 09:32:00+00:00,100410.12004248089
2025-07-18 09:33:00+00:00,100412.01360850052
2025-07-18 09:34:00+00:00,100411.19476914068
2025-07-18 09:35:00+00:00,100402.95519808232
2025-07-18 09:36:00+00:00,100401.90606015251
2025-07-18 09:37:00+00:00,100416.2357489497
2025-07-18 09:38:00+00:00,100415.23778847989
2025-07-18 09:39:00+00:00,100444.89512654403
2025-07-18 09:40:00+00:00,100436.68114421565
2025-07-18 09:41:00+00:00,100451.90643856264
2025-07-18 09:42:00+00:00,100444.5368843241
2025-07-18 09:43:00+00:00,100439.82855800503
2025-07-18 09:44:00+00:00,100431.40986583669
2025-07-18 09:45:00+00:00,100441.77330148465
2025-07-18 09:46:00+00:00,100450.47346968293
2025-07-18 09:47:00+00:00,100464.47050499017
2025-07-18 09:48:00+00:00,100460.81131660088
2025-07-18 09:49:00+00:00,100447.76106430346
2025-07-18 09:50:00+00:00,100453.05793141242
2025-07-18 09:51:00+00:00,100467.41320893957
2025-07-18 09:52:00+00:00,100461.27191374078
2025-07-18 09:53:00+00:00,100445.5092560639
2025-07-18 09:54:00+00:00,100432.12635027655
2025-07-18 09:55:00+00:00,100447.96577414342
2025-07-18 09:56:00+00:00,100448.50313747331
2025-07-18 09:57:00+00:00,100456.6659423417
2025-07-18 09:58:00+00:00,100451.90643856264
2025-07-18 09:59:00+00:00,100452.0855596726
2025-07-18 10:00:00+00:00,100455.77033679187
2025-07-18 10:01:00+00:00,100455.130618542
2025-07-18 10:02:00+00:00,100436.60437802566
2025-07-18 10:03:00+00:00,100434.17344867614
2025-07-18 10:04:00+00:00,100415.26337720988
2025-07-18 10:05:00+00:00,100414.87954625995
2025-07-18 10:06:00+00:00,100429.54188854706
2025-07-18 10:07:00+00:00,100405.5396598118
2025-07-18 10:08:00+00:00,100404.89994156192
2025-07-18 10:09:00+00:00,100407.20292726147
2025-07-18 10:10:00+00:00,100406.87027377154
2025-07-18 10:11:00+00:00,100397.50479859338
2025-07-18 10:12:00+00:00,100398.34922668322
2025-07-18 10:13:00+00:00,100392.20793148443
2025-07-18 10:14:00+00:00,100397.30008875343
2025-07-18 10:15:00+00:00,100385.29897438579
2025-07-18 10:16:00+00:00,100386.55282215554
2025-07-18 10:17:00+00:00,100407.12616107149
2025-07-18 10:18:00+00:00,100381.43507615656
2025-07-18 10:19:00+00:00,100381.00006774665
2025-07-18 10:20:00+00:00,100365.28858752974
2025-07-18 10:21:00+00:00,100373.78404588807
2025-07-18 10:22:00+00:00,100387.57637135535
2025-07-18 10:23:00+00:00,100406.87027377154
2025-07-18 10:24:00+00:00,100416.7219348196
2025-07-18 10:25:00+00:00,100445.25336876395
2025-07-18 10:26:00+00:00,100442.05477751458
2025-07-18 10:27:00+00:00,100454.1582468022
2025-07-18 10:28:00+00:00,100439.11207356516
2025-07-18 10:29:00+00:00,100426.47124094766
2025-07-18 10:30:00+00:00,100440.57063117488
2025-07-18 10:31:00+00:00,100438.75383134524
2025-07-18 10:32:00+00:00,100458.6874520113
2025-07-18 10:33:00+00:00,100452.21350332258
2025-07-18 10:34:00+00:00,100451.95761602263
2025-07-18 10:35:00+00:00,100444.35776321412
2025-07-18 10:36:00+00:00,100444.40894067413
2025-07-18 10:37:00+00:00,100418.02696004933
2025-07-18 10:38:00+00:00,100435.68318374584
2025-07-18 10:39:00+00:00,100437.19291881555
2025-07-18 10:40:00+00:00,100448.98932334321
2025-07-18 10:41:00+00:00,100442.84802814444
2025-07-18 10:42:00+00:00,100453.41617363234
2025-07-18 10:43:00+00:00,100453.56970601232
2025-07-18 10:44:00+00:00,100460.248364541
2025-07-18 10:45:00+00:00,100450.55023587291
2025-07-18 10:46:00+00:00,100480.30992885702
2025-07-18 10:47:00+00:00,100477.62311220757
2025-07-18 10:48:00+00:00,100484.68560168617
2025-07-18 10:49:00+00:00,100505.770715202
2025-07-18 10:50:00+00:00,100502.72565633261
2025-07-18 10:51:00+00:00,100516.26209449994
2025-07-18 10:52:00+00:00,100513.16585817054
2025-07-18 10:53:00+00:00,100516.54357052987
2025-07-18 10:54:00+00:00,100516.54357052987
2025-07-18 10:55:00+00:00,100513.52410039047
2025-07-18 10:56:00+00:00,100517.4647648097
2025-07-18 10:57:00+00:00,100528.74939473748
2025-07-18 10:58:00+00:00,100544.7423509843
2025-07-18 10:59:00+00:00,100543.2326159146
2025-07-18 11:00:00+00:00,100541.15992878503
2025-07-18 11:01:00+00:00,100552.9051558527
2025-07-18 11:02:00+00:00,100521.68690525886
2025-07-18 11:03:00+00:00,100518.4883140095
2025-07-18 11:04:00+00:00,100509.63461343125
2025-07-18 11:05:00+00:00,100505.07981949214
2025-07-18 11:06:00+00:00,100499.14323413331
2025-07-18 11:07:00+00:00,100505.23335187211
2025-07-18 11:08:00+00:00,100501.16474380292
2025-07-18 11:09:00+00:00,100504.38892378227
2025-07-18 11:10:00+00:00,100500.09001714313
2025-07-18 11:11:00+00:00,100489.1380407053
2025-07-18 11:12:00+00:00,100483.78999613634
2025-07-18 11:13:00+00:00,100484.83913406613
2025-07-18 11:14:00+00:00,100475.26894904803
2025-07-18 11:15:00+00:00,100485.83709453593
2025-07-18 11:16:00+00:00,100488.90774213534
2025-07-18 11:17:00+00:00,100474.8851180981
2025-07-18 11:18:00+00:00,100467.89939480949
2025-07-18 11:19:00+00:00,100470.73974383893
2025-07-18 11:20:00+00:00,100449.85934016305
2025-07-18 11:21:00+00:00,100432.8684234464
2025-07-18 11:22:00+00:00,100434.55727962607
2025-07-18 11:23:00+00:00,100434.19903740614
2025-07-18 11:24:00+00:00,100432.63812487645
2025-07-18 11:25:00+00:00,100440.77534101484
2025-07-18 11:26:00+00:00,100444.92071527403
2025-07-18 11:27:00+00:00,100447.19811224357
2025-07-18 11:28:00+00:00,100453.05793141242
2025-07-18 11:29:00+00:00,100451.93202729264
2025-07-18 11:30:00+00:00,100451.26672031276
2025-07-18 11:31:00+00:00,100441.82447894463
2025-07-18 11:32:00+00:00,100453.5952947423
2025-07-18 11:33:00+00:00,100463.31901214039
2025-07-18 11:34:00+00:00,100459.2248153412
2025-07-18 11:35:00+00:00,100474.75717444812
2025-07-18 11:36:00+00:00,100471.3538733588
2025-07-18 11:37:00+00:00,100466.15936116983
2025-07-18 11:38:00+00:00,100470.7909212989
2025-07-18 11:39:00+00:00,100483.27822153644
2025-07-18 11:40:00+00:00,100484.25059327626
2025-07-18 11:41:00+00:00,100484.25059327626
2025-07-18 11:42:00+00:00,100484.81354533615
2025-07-18 11:43:00+00:00,100493.6416571844
2025-07-18 11:44:00+00:00,100505.770715202
2025-07-18 11:45:00+00:00,100497.14731319371
2025-07-18 11:46:00+00:00,100498.40116096346
2025-07-18 11:47:00+00:00,100510.14638803113
2025-07-18 11:48:00+00:00,100511.73288929083
2025-07-18 11:49:00+00:00,100504.13303648232
2025-07-18 11:50:00+00:00,100496.1237639939
2025-07-18 11:51:00+00:00,100498.63145953341
2025-07-18 11:52:00+00:00,100490.03364625512
2025-07-18 11:53:00+00:00,100495.53522320403
2025-07-18 11:54:00+00:00,100506.7942644018
2025-07-18 11:55:00+00:00,100514.52206086028
2025-07-18 11:56:00+00:00,100522.09632493879
2025-07-18 11:57:00+00:00,100522.09632493879
2025-07-18 11:58:00+00:00,100523.81076984844
2025-07-18 11:59:00+00:00,100523.70841492846
2025-07-18 12:00:00+00:00,100541.7484695749
2025-07-18 12:01:00+00:00,100539.57342752533
2025-07-18 12:02:00+00:00,100539.59901625532
2025-07-18 12:03:00+00:00,100542.82319623469
2025-07-18 12:04:00+00:00,100538.54987832553
2025-07-18 12:05:00+00:00,100540.2387345052
2025-07-18 12:06:00+00:00,100538.57546705553
2025-07-18 12:07:00+00:00,100549.78333079332
2025-07-18 12:08:00+00:00,100547.25004652381
2025-07-18 12:09:00+00:00,100533.84155200646
2025-07-18 12:10:00+00:00,100542.49054274475
2025-07-18 12:11:00+00:00,100544.66558479433
2025-07-18 12:12:00+00:00,100546.73827192391
2025-07-18 12:13:00+00:00,100558.9952735915
2025-07-18 12:14:00+00:00,100557.35759487182
2025-07-18 12:15:00+00:00,100552.9051558527
2025-07-18 12:16:00+00:00,100554.51724584238
2025-07-18 12:17:00+00:00,100552.3677925228
2025-07-18 12:18:00+00:00,100559.12321724147
2025-07-18 12:19:00+00:00,100561.04237199109
2025-07-18 12:20:00+00:00,100562.0915099209
2025-07-18 12:21:00+00:00,100555.9758034521
2025-07-18 12:22:00+00:00,100559.02086232149
2025-07-18 12:23:00+00:00,100565.46922228023
2025-07-18 12:24:00+00:00,100551.60013062296
2025-07-18 12:25:00+00:00,100531.89680852684
2025-07-18 12:26:00+00:00,100532.02475217682
2025-07-18 12:27:00+00:00,100531.077969167
2025-07-18 12:28:00+00:00,100527.23965966777
2025-07-18 12:29:00+00:00,100531.76886487687
2025-07-18 12:30:00+00:00,100551.34424332301
2025-07-18 12:31:00+00:00,100557.4855385218
2025-07-18 12:32:00+00:00,100567.36278829984
2025-07-18 12:33:00+00:00,100555.64314996215
2025-07-18 12:34:00+00:00,100552.85397839271
2025-07-18 12:35:00+00:00,100556.436400592
2025-07-18 12:36:00+00:00,100569.20517685948
2025-07-18 12:37:00+00:00,100564.11301959048
2025-07-18 12:38:00+00:00,100569.76812891937
2025-07-18 12:39:00+00:00,100576.11413395812
2025-07-18 12:40:00+00:00,100569.76812891937
2025-07-18 12:41:00+00:00,100572.91554270875
2025-07-18 12:42:00+00:00,100590.9044198952
2025-07-18 12:43:00+00:00,100590.77647624523
2025-07-18 12:44:00+00:00,100584.09781771654
2025-07-18 12:45:00+00:00,100582.46013899686
2025-07-18 12:46:00+00:00,100588.19201451573
2025-07-18 12:47:00+00:00,100600.34666126333
2025-07-18 12:48:00+00:00,100599.37428952352
2025-07-18 12:49:00+00:00,100600.24430634335
2025-07-18 12:50:00+00:00,100589.8808706954
2025-07-18 12:51:00+00:00,100606.46236773212
2025-07-18 12:52:00+00:00,100606.12971424218
2025-07-18 12:53:00+00:00,100600.5001936433
2025-07-18 12:54:00+00:00,100601.75404141305
2025-07-18 12:55:00+00:00,100603.80113981265
2025-07-18 12:56:00+00:00,100605.82264948224
2025-07-18 12:57:00+00:00,100608.12563518179
2025-07-18 12:58:00+00:00,100596.38040811411
2025-07-18 12:59:00+00:00,100590.77647624523
2025-07-18 13:00:00+00:00,100563.08947039068
2025-07-18 13:01:00+00:00,100571.1499203391
2025-07-18 13:02:00+00:00,100551.9071953829
2025-07-18 13:03:00+00:00,100515.4176664101
2025-07-18 13:04:00+00:00,100484.81354533615
2025-07-18 13:05:00+00:00,100461.37426866077
2025-07-18 13:06:00+00:00,100473.81039143831
2025-07-18 13:07:00+00:00,100481.15435694686
2025-07-18 13:08:00+00:00,100491.97838973472
2025-07-18 13:09:00+00:00,100512.90997087059
2025-07-18 13:10:00+00:00,100514.9570692702
2025-07-18 13:11:00+00:00,100500.96003396295
2025-07-18 13:12:00+00:00,100494.94668241414
2025-07-18 13:13:00+00:00,100460.78572787088
2025-07-18 13:14:00+00:00,100446.91663621363
2025-07-18 13:15:00+00:00,100435.73436120583
2025-07-18 13:16:00+00:00,100451.93202729264
2025-07-18 13:17:00+00:00,100433.61049661625
2025-07-18 13:18:00+00:00,100425.44769174786
2025-07-18 13:19:00+00:00,100441.61976910467
2025-07-18 13:20:00+00:00,100422.35145541848
2025-07-18 13:21:00+00:00,100416.6963460896
2025-07-18 13:22:00+00:00,100421.35349494868
2025-07-18 13:23:00+00:00,100403.15990792227
2025-07-18 13:24:00+00:00,100405.0022964819
2025-07-18 13:25:00+00:00,100417.95019385935
2025-07-18 13:26:00+00:00,100415.18661101989
2025-07-18 13:27:00+00:00,100424.19384397811
2025-07-18 13:28:00+00:00,100431.40986583669
2025-07-18 13:29:00+00:00,100424.80797349798
2025-07-18 13:30:00+00:00,100392.71970608433
2025-07-18 13:31:00+00:00,100422.86323001838
2025-07-18 13:32:00+00:00,100444.89512654403
2025-07-18 13:33:00+00:00,100444.35776321412
2025-07-18 13:34:00+00:00,100393.71766655413
2025-07-18 13:35:00+00:00,100405.48848235181
2025-07-18 13:36:00+00:00,100385.2222081958
2025-07-18 13:37:00+00:00,100404.74640918196
2025-07-18 13:38:00+00:00,100385.52927295576
2025-07-18 13:39:00+00:00,100431.8960517066
2025-07-18 13:40:00+00:00,100364.5209256299
2025-07-18 13:41:00+00:00,100364.54651435988
2025-07-18 13:42:00+00:00,100395.66241003375
2025-07-18 13:43:00+00:00,100404.18345712207
2025-07-18 13:44:00+00:00,100388.13932341523
2025-07-18 13:45:00+00:00,100407.5355807514
2025-07-18 13:46:00+00:00,100416.2357489497
2025-07-18 13:47:00+00:00,100435.65759501584
2025-07-18 13:48:00+00:00,100440.82651847483
2025-07-18 13:49:00+00:00,100419.33198527907
2025-07-18 13:50:00+00:00,100429.51629981706
2025-07-18 13:51:00+00:00,100426.11299872774
2025-07-18 13:52:00+00:00,100399.85896175292
2025-07-18 13:53:00+00:00,100416.74752354958
2025-07-18 13:54:00+00:00,100394.51091718397
2025-07-18 13:55:00+00:00,100386.57841088554
2025-07-18 13:56:00+00:00,100415.87750672975
2025-07-18 13:57:00+00:00,100395.96947479369
2025-07-18 13:58:00+00:00,100416.2357489497
2025-07-18 13:59:00+00:00,100421.32790621868
2025-07-18 14:00:00+00:00,100407.5355807514
2025-07-18 14:01:00+00:00,100419.81817114897
2025-07-18 14:02:00+00:00,100418.28284734928
2025-07-18 14:03:00+00:00,100430.02807441696
2025-07-18 14:04:00+00:00,100434.14785994616
2025-07-18 14:05:00+00:00,100418.28284734928
2025-07-18 14:06:00+00:00,100469.94649320908
2025-07-18 14:07:00+00:00,100497.2240793837
2025-07-18 14:08:00+00:00,100537.04014325583
2025-07-18 14:09:00+00:00,100525.6275696781
2025-07-18 14:10:00+00:00,100522.65927699867
2025-07-18 14:11:00+00:00,100530.33589599715
2025-07-18 14:12:00+00:00,100537.93574880566
2025-07-18 14:13:00+00:00,100519.63980685927
2025-07-18 14:14:00+00:00,100476.62515173777
2025-07-18 14:15:00+00:00,100480.71934853695
2025-07-18 14:16:00+00:00,100389.70023594493
2025-07-18 14:17:00+00:00,100347.17176669333
2025-07-18 14:18:00+00:00,100283.19994170596
2025-07-18 14:19:00+00:00,100307.71394504112
2025-07-18 14:20:00+00:00,100270.8661738484
2025-07-18 14:21:00+00:00,100296.99226717323
2025-07-18 14:22:00+00:00,100208.27614028075
2025-07-18 14:23:00+00:00,100199.24331859253
2025-07-18 14:24:00+00:00,100174.67813779738
2025-07-18 14:25:00+00:00,100177.21142206687
2025-07-18 14:26:00+00:00,100181.25444140608
2025-07-18 14:27:00+00:00,100229.43801998657
2025-07-18 14:28:00+00:00,100225.88118651728
2025-07-18 14:29:00+00:00,100206.58728410109
2025-07-18 14:30:00+00:00,100250.39518985242
2025-07-18 14:31:00+00:00,100179.51440776643
2025-07-18 14:32:00+00:00,100158.30135060061
2025-07-18 14:33:00+00:00,100184.47862138544
2025-07-18 14:34:00+00:00,100159.93902932029
2025-07-18 14:35:00+00:00,100134.35029932534
2025-07-18 14:36:00+00:00,100141.74544229389
2025-07-18 14:37:00+00:00,100132.71262060567
2025-07-18 14:38:00+00:00,100127.90193936662
2025-07-18 14:39:00+00:00,100106.48417236086
2025-07-18 14:40:00+00:00,100112.7789999396
2025-07-18 14:41:00+00:00,100088.36735152442
2025-07-18 14:42:00+00:00,100120.4300302081
2025-07-18 14:43:00+00:00,100151.85299064188
2025-07-18 14:44:00+00:00,100165.21030769925
2025-07-18 14:45:00+00:00,100203.10721682177
2025-07-18 14:46:00+00:00,100215.13391991939
2025-07-18 14:47:00+00:00,100202.64661968185
2025-07-18 14:48:00+00:00,100210.0161739204
2025-07-18 14:49:00+00:00,100199.26890732252
2025-07-18 14:50:00+00:00,100257.07384838111
2025-07-18 14:51:00+00:00,100260.14449598051
2025-07-18 14:52:00+00:00,100258.1229863109
2025-07-18 14:53:00+00:00,100285.19586264556
2025-07-18 14:54:00+00:00,100271.55706955826
2025-07-18 14:55:00+00:00,100272.42708637808
2025-07-18 14:56:00+00:00,100294.76604766367
2025-07-18 14:57:00+00:00,100291.36274657433
2025-07-18 14:58:00+00:00,100258.25092996088
2025-07-18 14:59:00+00:00,100258.6347609108
2025-07-18 15:00:00+00:00,100226.39296111718
2025-07-18 15:01:00+00:00,100258.58358345082
2025-07-18 15:02:00+00:00,100278.3380830069
2025-07-18 15:03:00+00:00,100264.6992899196
2025-07-18 15:04:00+00:00,100254.0287895117
2025-07-18 15:05:00+00:00,100285.83558089544
2025-07-18 15:06:00+00:00,100270.09851194854
2025-07-18 15:07:00+00:00,100241.72061038415
2025-07-18 15:08:00+00:00,100237.370526285
2025-07-18 15:09:00+00:00,100209.22292329057
2025-07-18 15:10:00+00:00,100216.6692437191
2025-07-18 15:11:00+00:00,100184.17155662552
2025-07-18 15:12:00+00:00,100173.68017732758
2025-07-18 15:13:00+00:00,100185.7836466152
2025-07-18 15:14:00+00:00,100160.8858123301
2025-07-18 15:15:00+00:00,100195.45618655327
2025-07-18 15:16:00+00:00,100170.43040861822
2025-07-18 15:17:00+00:00,100172.11926479789
2025-07-18 15:18:00+00:00,100165.72208229915
2025-07-18 15:19:00+00:00,100117.3849713387
2025-07-18 15:20:00+00:00,100141.36161134396
2025-07-18 15:21:00+00:00,100112.24163660972
2025-07-18 15:22:00+00:00,100124.52422700729
2025-07-18 15:23:00+00:00,100111.24367613991
2025-07-18 15:24:00+00:00,100104.6673725312
2025-07-18 15:25:00+00:00,100121.45357940788
2025-07-18 15:26:00+00:00,100169.81627909833
2025-07-18 15:27:00+00:00,100148.06585860264
2025-07-18 15:28:00+00:00,100156.25425220102
2025-07-18 15:29:00+00:00,100162.60025723977
2025-07-18 15:30:00+00:00,100173.65458859758
2025-07-18 15:31:00+00:00,100175.06196874731
2025-07-18 15:32:00+00:00,100176.44376016704
2025-07-18 15:33:00+00:00,100210.14411757038
2025-07-18 15:34:00+00:00,100188.00986612475
2025-07-18 15:35:00+00:00,100180.33324712627
2025-07-18 15:36:00+00:00,100135.24590487516
2025-07-18 15:37:00+00:00,100159.70873075034
2025-07-18 15:38:00+00:00,100174.39666176743
2025-07-18 15:39:00+00:00,100163.52145151958
2025-07-18 15:40:00+00:00,100174.39666176743
2025-07-18 15:41:00+00:00,100145.35345322317
2025-07-18 15:42:00+00:00,100103.38793603146
2025-07-18 15:43:00+00:00,100131.71466013587
2025-07-18 15:44:00+00:00,100136.83240613485
2025-07-18 15:45:00+00:00,100099.67757018219
2025-07-18 15:46:00+00:00,100122.88654828761
2025-07-18 15:47:00+00:00,100158.25017314062
2025-07-18 15:48:00+00:00,100168.5112538686
2025-07-18 15:49:00+00:00,100158.78753647051
2025-07-18 15:50:00+00:00,100183.99243551554
2025-07-18 15:51:00+00:00,100205.10313776137
2025-07-18 15:52:00+00:00,100210.0929401104
2025-07-18 15:53:00+00:00,100186.44895359506
2025-07-18 15:54:00+00:00,100182.86653139576
2025-07-18 15:55:00+00:00,100177.77437412678
2025-07-18 15:56:00+00:00,100177.97908396673
2025-07-18 15:57:00+00:00,100169.5603917984
2025-07-18 15:58:00+00:00,100190.56873912425
2025-07-18 15:59:00+00:00,100185.01598471534
2025-07-18 16:00:00+00:00,100196.58209067307
2025-07-18 16:01:00+00:00,100193.10202339375
2025-07-18 16:02:00+00:00,100194.61175846345
2025-07-18 16:03:00+00:00,100214.0847819896
2025-07-18 16:04:00+00:00,100203.82370126163
2025-07-18 16:05:00+00:00,100211.52590899011
2025-07-18 16:06:00+00:00,100192.94849101377
2025-07-18 16:07:00+00:00,100201.26482826212
2025-07-18 16:08:00+00:00,100163.41909659961
2025-07-18 16:09:00+00:00,100181.86857092596
2025-07-18 16:10:00+00:00,100176.23905032707
2025-07-18 16:11:00+00:00,100196.73562305303
2025-07-18 16:12:00+00:00,100169.07420592848
2025-07-18 16:13:00+00:00,100184.12037916551
2025-07-18 16:14:00+00:00,100142.00132959383
2025-07-18 16:15:00+00:00,100117.3593826087
2025-07-18 16:16:00+00:00,100166.51533292899
2025-07-18 16:17:00+00:00,100165.90120340911
2025-07-18 16:18:00+00:00,100135.27149360516
2025-07-18 16:19:00+00:00,100162.9584994597
2025-07-18 16:20:00+00:00,100138.34214120456
2025-07-18 16:21:00+00:00,100144.96962227325
2025-07-18 16:22:00+00:00,100154.8468720513
2025-07-18 16:23:00+00:00,100146.12111512302
2025-07-18 16:24:00+00:00,100147.01672067284
2025-07-18 16:25:00+00:00,100136.32063153495
2025-07-18 16:26:00+00:00,100108.12185108052
2025-07-18 16:27:00+00:00,100114.80050960921
2025-07-18 16:28:00+00:00,100114.39108992928
2025-07-18 16:29:00+00:00,100122.50271733769
2025-07-18 16:30:00+00:00,100128.26018158655
2025-07-18 16:31:00+00:00,100109.98982837016
2025-07-18 16:32:00+00:00,100128.61842380647
2025-07-18 16:33:00+00:00,100106.74005966079
2025-07-18 16:34:00+00:00,100098.01430273251
2025-07-18 16:35:00+00:00,100142.94811260366
2025-07-18 16:36:00+00:00,100108.71039187041
2025-07-18 16:37:00+00:00,100114.10961389935
2025-07-18 16:38:00+00:00,100158.09664076066
2025-07-18 16:39:00+00:00,100166.41297800902
2025-07-18 16:40:00+00:00,100201.98131270199
2025-07-18 16:41:00+00:00,100212.01209486001
2025-07-18 16:42:00+00:00,100218.92105195865
2025-07-18 16:43:00+00:00,100206.40816299111
2025-07-18 16:44:00+00:00,100199.24331859253
2025-07-18 16:45:00+00:00,100197.70799479283
2025-07-18 16:46:00+00:00,100173.68017732758
2025-07-18 16:47:00+00:00,100174.16636319748
2025-07-18 16:48:00+00:00,100147.04230940284
2025-07-18 16:49:00+00:00,100168.5112538686
2025-07-18 16:50:00+00:00,100158.78753647051
2025-07-18 16:51:00+00:00,100172.09367606789
2025-07-18 16:52:00+00:00,100166.18267943905
2025-07-18 16:53:00+00:00,100149.62677113233
2025-07-18 16:54:00+00:00,100162.9329107297
2025-07-18 16:55:00+00:00,100175.70168699717
2025-07-18 16:56:00+00:00,100176.75082492697
2025-07-18 16:57:00+00:00,100141.05454658403
2025-07-18 16:58:00+00:00,100122.32359622771
2025-07-18 16:59:00+00:00,100110.19453821011
2025-07-18 17:00:00+00:00,100114.3143237393
2025-07-18 17:01:00+00:00,100120.12296544816
2025-07-18 17:02:00+00:00,100089.72355421416
2025-07-18 17:03:00+00:00,100086.62731788476
2025-07-18 17:04:00+00:00,100058.53089235032
2025-07-18 17:05:00+00:00,100110.98778883996
2025-07-18 17:06:00+00:00,100120.4300302081
2025-07-18 17:07:00+00:00,100110.22012694011
2025-07-18 17:08:00+00:00,100112.93253231957
2025-07-18 17:09:00+00:00,100111.39720851988
2025-07-18 17:10:00+00:00,100084.63139694516
2025-07-18 17:11:00+00:00,100095.66013957298
2025-07-18 17:12:00+00:00,100129.61638427628
2025-07-18 17:13:00+00:00,100117.10349530875
2025-07-18 17:14:00+00:00,100116.05435737895
2025-07-18 17:15:00+00:00,100117.3337938787
2025-07-18 17:16:00+00:00,100125.31747763713
2025-07-18 17:17:00+00:00,100150.11295700223
2025-07-18 17:18:00+00:00,100128.18341539656
2025-07-18 17:19:00+00:00,100129.66756173628
2025-07-18 17:20:00+00:00,100148.96146415247
2025-07-18 17:21:00+00:00,100153.10683841164
2025-07-18 17:22:00+00:00,100178.51644729663
2025-07-18 17:23:00+00:00,100165.05677531927
2025-07-18 17:24:00+00:00,100189.59636738444
2025-07-18 17:25:00+00:00,100186.96072819496
2025-07-18 17:26:00+00:00,100184.81127487538
2025-07-18 17:27:00+00:00,100197.19622019294
2025-07-18 17:28:00+00:00,100208.45526139071
2025-07-18 17:29:00+00:00,100206.07550950118
2025-07-18 17:30:00+00:00,100194.48381481347
2025-07-18 17:31:00+00:00,100210.16970630037
2025-07-18 17:32:00+00:00,100208.42967266071
2025-07-18 17:33:00+00:00,100205.87079966122
2025-07-18 17:34:00+00:00,100204.36106459152
2025-07-18 17:35:00+00:00,100194.12557259353
2025-07-18 17:36:00+00:00,100189.03341532455
2025-07-18 17:37:00+00:00,100176.69964746697
2025-07-18 17:38:00+00:00,100182.76417647579
2025-07-18 17:39:00+00:00,100187.95868866476
2025-07-18 17:40:00+00:00,100164.9544203993
2025-07-18 17:41:00+00:00,100156.99632537087
2025-07-18 17:42:00+00:00,100157.99428584067
2025-07-18 17:43:00+00:00,100130.66552220608
2025-07-18 17:44:00+00:00,100123.47508907749
2025-07-18 17:45:00+00:00,100142.92252387365
2025-07-18 17:46:00+00:00,100129.71873919625
2025-07-18 17:47:00+00:00,100137.88154406464
2025-07-18 17:48:00+00:00,100132.66144314568
2025-07-18 17:49:00+00:00,100142.92252387365
2025-07-18 17:50:00+00:00,100124.49863827729
2025-07-18 17:51:00+00:00,100094.32952561326
2025-07-18 17:52:00+00:00,100109.09422282033
2025-07-18 17:53:00+00:00,100114.28873500931
2025-07-18 17:54:00+00:00,100107.12389061072
2025-07-18 17:55:00+00:00,100106.12593014092
2025-07-18 17:56:00+00:00,100124.9080579572
2025-07-18 17:57:00+00:00,100132.40555584573
2025-07-18 17:58:00+00:00,100125.57336493708
2025-07-18 17:59:00+00:00,100122.24683003774
2025-07-18 18:00:00+00:00,100110.22012694011
2025-07-18 18:01:00+00:00,100113.2651858095
2025-07-18 18:02:00+00:00,100121.83741035781
2025-07-18 18:03:00+00:00,100119.4320697383
2025-07-18 18:04:00+00:00,100109.19657774031
2025-07-18 18:05:00+00:00,100105.56297808103
2025-07-18 18:06:00+00:00,100105.716510461
2025-07-18 18:07:00+00:00,100104.07883174132
2025-07-18 18:08:00+00:00,100089.72355421416
2025-07-18 18:09:00+00:00,100084.37550964521
2025-07-18 18:10:00+00:00,100081.3816282358
2025-07-18 18:11:00+00:00,100076.85242302669
2025-07-18 18:12:00+00:00,100069.2269814882
2025-07-18 18:13:00+00:00,100070.94142639787
2025-07-18 18:14:00+00:00,100071.58114464773
2025-07-18 18:15:00+00:00,100062.11331454961
2025-07-18 18:16:00+00:00,100130.10257014618
2025-07-18 18:17:00+00:00,100113.16283088953
2025-07-18 18:18:00+00:00,100114.3655011993
2025-07-18 18:19:00+00:00,100105.51180062104
2025-07-18 18:20:00+00:00,100105.51180062104
2025-07-18 18:21:00+00:00,100102.00614461173
2025-07-18 18:22:00+00:00,100071.8114432177
2025-07-18 18:23:00+00:00,100090.23532881406
2025-07-18 18:24:00+00:00,100124.49863827729
2025-07-18 18:25:00+00:00,100103.54146841142
2025-07-18 18:26:00+00:00,100109.55481996023
2025-07-18 18:27:00+00:00,100123.50067780749
2025-07-18 18:28:00+00:00,100126.57132540688
2025-07-18 18:29:00+00:00,100142.6666365737
2025-07-18 18:30:00+00:00,100150.8294414421
2025-07-18 18:31:00+00:00,100126.62250286687
2025-07-18 18:32:00+00:00,100114.80050960921
2025-07-18 18:33:00+00:00,100122.47712860769
2025-07-18 18:34:00+00:00,100108.14743981052
2025-07-18 18:35:00+00:00,100110.50160297005
2025-07-18 18:36:00+00:00,100122.45153987769
2025-07-18 18:37:00+00:00,100141.38720007395
2025-07-18 18:38:00+00:00,100127.59487460667
2025-07-18 18:39:00+00:00,100109.83629599019
2025-07-18 18:40:00+00:00,100119.4320697383
2025-07-18 18:41:00+00:00,100122.47712860769
2025-07-18 18:42:00+00:00,100112.7534112096
2025-07-18 18:43:00+00:00,100110.22012694011
2025-07-18 18:44:00+00:00,100110.16894948011
2025-07-18 18:45:00+00:00,100092.99891165351
2025-07-18 18:46:00+00:00,100077.10831032664
2025-07-18 18:47:00+00:00,100088.67441628437
2025-07-18 18:48:00+00:00,100110.16894948011
2025-07-18 18:49:00+00:00,100122.45153987769
2025-07-18 18:50:00+00:00,100127.05751127678
2025-07-18 18:51:00+00:00,100116.92437419879
2025-07-18 18:52:00+00:00,100089.36531199423
2025-07-18 18:53:00+00:00,100084.60580821516
2025-07-18 18:54:00+00:00,100089.69796548416
2025-07-18 18:55:00+00:00,100072.65587130754
2025-07-18 18:56:00+00:00,100071.2740798878
2025-07-18 18:57:00+00:00,100066.84722959867
2025-07-18 18:58:00+00:00,100059.01707822022
2025-07-18 18:59:00+00:00,100047.24626242254
2025-07-18 19:00:00+00:00,100047.75803702245
2025-07-18 19:01:00+00:00,100039.41611104409
2025-07-18 19:02:00+00:00,100026.1867376367
2025-07-18 19:03:00+00:00,100008.91434489012
2025-07-18 19:04:00+00:00,100072.3232178176
2025-07-18 19:05:00+00:00,100052.28724223154
2025-07-18 19:06:00+00:00,100030.33211189588
2025-07-18 19:07:00+00:00,100025.34230954686
2025-07-18 19:08:00+00:00,100068.94550545825
2025-07-18 19:09:00+00:00,100070.7623052879
2025-07-18 19:10:00+00:00,100059.5544415501
2025-07-18 19:11:00+00:00,100057.45616569053
2025-07-18 19:12:00+00:00,100056.94439109063
2025-07-18 19:13:00+00:00,100067.17988308861
2025-07-18 19:14:00+00:00,100058.47971489033
2025-07-18 19:15:00+00:00,100064.62101008912
2025-07-18 19:16:00+00:00,100105.07679221113
2025-07-18 19:17:00+00:00,100109.14540028032
2025-07-18 19:18:00+00:00,100109.7595298002
2025-07-18 19:19:00+00:00,100125.4965987471
2025-07-18 19:20:00+00:00,100129.66756173628
2025-07-18 19:21:00+00:00,100154.43745237138
2025-07-18 19:22:00+00:00,100141.46396626394
2025-07-18 19:23:00+00:00,100169.22773830846
2025-07-18 19:24:00+00:00,100183.02006377574
2025-07-18 19:25:00+00:00,100168.15301164867
2025-07-18 19:26:00+00:00,100193.07643466374
2025-07-18 19:27:00+00:00,100183.14800742571
2025-07-18 19:28:00+00:00,100189.49401246445
2025-07-18 19:29:00+00:00,100173.91047589753
2025-07-18 19:30:00+00:00,100156.27984093102
2025-07-18 19:31:00+00:00,100149.62677113233
2025-07-18 19:32:00+00:00,100137.83036660466
2025-07-18 19:33:00+00:00,100159.29931107041
2025-07-18 19:34:00+00:00,100145.50698560313
2025-07-18 19:35:00+00:00,100129.74432792625
2025-07-18 19:36:00+00:00,100120.941804808
2025-07-18 19:37:00+00:00,100120.14855417814
2025-07-18 19:38:00+00:00,100113.00929850955
2025-07-18 19:39:00+00:00,100115.3378729391
2025-07-18 19:40:00+00:00,100086.65290661476
2025-07-18 19:41:00+00:00,100089.13501342427
2025-07-18 19:42:00+00:00,100103.51587968144
2025-07-18 19:43:00+00:00,100099.75433637218
2025-07-18 19:44:00+00:00,100093.0245003835
2025-07-18 19:45:00+00:00,100079.3857072962
2025-07-18 19:46:00+00:00,100085.55259122499
2025-07-18 19:47:00+00:00,100071.3252573478
2025-07-18 19:48:00+00:00,100056.5861488707
2025-07-18 19:49:00+00:00,100076.41741461678
2025-07-18 19:50:00+00:00,100084.09403361527
2025-07-18 19:51:00+00:00,100068.89432799828
2025-07-18 19:52:00+00:00,100064.6465988191
2025-07-18 19:53:00+00:00,100089.59561056418
2025-07-18 19:54:00+00:00,100096.55574512281
2025-07-18 19:55:00+00:00,100082.14929013565
2025-07-18 19:56:00+00:00,100080.17895792604
2025-07-18 19:57:00+00:00,100080.58837760596
2025-07-18 19:58:00+00:00,100050.82868462184
2025-07-18 19:59:00+00:00,100063.13686374942
2025-07-18 20:00:00+00:00,100074.34472748719
2025-07-18 20:01:00+00:00,100062.08772581961
2025-07-18 20:02:00+00:00,100046.78566528263
2025-07-18 20:03:00+00:00,100057.99352902042
2025-07-18 20:04:00+00:00,100038.41815057429
2025-07-18 20:05:00+00:00,100041.13055595376
2025-07-18 20:06:00+00:00,100022.47637178743
2025-07-18 20:07:00+00:00,100002.21009763144
2025-07-18 20:08:00+00:00,100011.47321788961
2025-07-18 20:09:00+00:00,100013.95532469911
2025-07-18 20:10:00+00:00,100000.67477383174
2025-07-18 20:11:00+00:00,100006.79048030052
2025-07-18 20:12:00+00:00,100007.89079569031
2025-07-18 20:13:00+00:00,100028.31060222628
2025-07-18 20:14:00+00:00,100011.93381502951
2025-07-18 20:15:00+00:00,100010.4752574198
2025-07-18 20:16:00+00:00,100013.80179231915
2025-07-18 20:17:00+00:00,100029.35974015607
2025-07-18 20:18:00+00:00,100018.1006989583
2025-07-18 20:19:00+00:00,99994.53347863295
2025-07-18 20:20:00+00:00,100027.15910937652
2025-07-18 20:21:00+00:00,100013.98091342911
2025-07-18 20:22:00+00:00,100003.71983270114
2025-07-18 20:23:00+00:00,99975.87929446663
2025-07-18 20:24:00+00:00,99984.55387393493
2025-07-18 20:25:00+00:00,100006.73930284055
2025-07-18 20:26:00+00:00,99988.36659470416
2025-07-18 20:27:00+00:00,99962.26609010932
2025-07-18 20:28:00+00:00,99982.02058966542
2025-07-18 20:29:00+00:00,99967.25589245834
2025-07-18 20:30:00+00:00,99966.61617420847
2025-07-18 20:31:00+00:00,99960.75635503963
2025-07-18 20:32:00+00:00,99962.77786470922
2025-07-18 20:33:00+00:00,99967.63972340827
2025-07-18 20:34:00+00:00,99922.32208258721
2025-07-18 20:35:00+00:00,99942.81865531317
2025-07-18 20:36:00+00:00,99936.13999678448
2025-07-18 20:37:00+00:00,99933.60671251499
2025-07-18 20:38:00+00:00,99947.24550560229
2025-07-18 20:39:00+00:00,99934.75820536475
2025-07-18 20:40:00+00:00,99938.16150645408
2025-07-18 20:41:00+00:00,99933.65788997497
2025-07-18 20:42:00+00:00,99976.21194795656
2025-07-18 20:43:00+00:00,99968.970337368
2025-07-18 20:44:00+00:00,99973.0133567072
2025-07-18 20:45:00+00:00,100013.90414723913
2025-07-18 20:46:00+00:00,100010.06583773988
2025-07-18 20:47:00+00:00,100041.59115309366
2025-07-18 20:48:00+00:00,100059.73356266008
2025-07-18 20:49:00+00:00,100087.93234311452
2025-07-18 20:50:00+00:00,100062.6506778795
2025-07-18 20:51:00+00:00,100083.55667028537
2025-07-18 20:52:00+00:00,100085.11758281506
2025-07-18 20:53:00+00:00,100099.47286034224
2025-07-18 20:54:00+00:00,100068.7152068883
2025-07-18 20:55:00+00:00,100078.59245666635
2025-07-18 20:56:00+00:00,100084.06844488527
2025-07-18 20:57:00+00:00,100088.9558923143
2025-07-18 20:58:00+00:00,100088.9558923143
2025-07-18 20:59:00+00:00,100069.7643448181
2025-07-18 21:00:00+00:00,100080.23013538602
2025-07-18 21:01:00+00:00,100091.74506388375
2025-07-18 21:02:00+00:00,100096.91398734273
2025-07-18 21:03:00+00:00,100093.61304117339
2025-07-18 21:04:00+00:00,100109.19657774031
2025-07-18 21:05:00+00:00,100113.87931532938
2025-07-18 21:06:00+00:00,100134.29912186536
2025-07-18 21:07:00+00:00,100108.86392425039
2025-07-18 21:08:00+00:00,100132.68703187567
2025-07-18 21:09:00+00:00,100137.80477787467
2025-07-18 21:10:00+00:00,100144.45784767334
2025-07-18 21:11:00+00:00,100151.23886112201
2025-07-18 21:12:00+00:00,100160.60433630017
2025-07-18 21:13:00+00:00,100168.0250679987
2025-07-18 21:14:00+00:00,100187.47250279486
2025-07-18 21:15:00+00:00,100160.86022360012
2025-07-18 21:16:00+00:00,100181.30561886607
2025-07-18 21:17:00+00:00,100186.96072819496
2025-07-18 21:18:00+00:00,100178.26055999668
2025-07-18 21:19:00+00:00,100194.61175846345
2025-07-18 21:20:00+00:00,100174.65254906738
2025-07-18 21:21:00+00:00,100179.53999649642
2025-07-18 21:22:00+00:00,100182.55946663582
2025-07-18 21:23:00+00:00,100180.05177109632
2025-07-18 21:24:00+00:00,100179.84706125635
2025-07-18 21:25:00+00:00,100171.12130432809
2025-07-18 21:26:00+00:00,100156.22866347102
2025-07-18 21:27:00+00:00,100153.18360460163
2025-07-18 21:28:00+00:00,100146.76083337289
2025-07-18 21:29:00+00:00,100156.20307474103
2025-07-18 21:30:00+00:00,100160.68110249014
2025-07-18 21:31:00+00:00,100167.23181736885
2025-07-18 21:32:00+00:00,100165.51737245919
2025-07-18 21:33:00+00:00,100172.45191828781
2025-07-18 21:34:00+00:00,100176.18787286709
2025-07-18 21:35:00+00:00,100178.49085856663
2025-07-18 21:36:00+00:00,100171.94014368793
2025-07-18 21:37:00+00:00,100186.679252165
2025-07-18 21:38:00+00:00,100165.03118658929
2025-07-18 21:39:00+00:00,100166.25944562905
2025-07-18 21:40:00+00:00,100173.44987875762
2025-07-18 21:41:00+00:00,100172.63103939779
2025-07-18 21:42:00+00:00,100182.86653139576
2025-07-18 21:43:00+00:00,100165.54296118919
2025-07-18 21:44:00+00:00,100177.49289809683
2025-07-18 21:45:00+00:00,100175.80404191716
2025-07-18 21:46:00+00:00,100175.80404191716
2025-07-18 21:47:00+00:00,100189.00782659455
2025-07-18 21:48:00+00:00,100183.1991848857
2025-07-18 21:49:00+00:00,100176.95553476692
2025-07-18 21:50:00+00:00,100169.76510163836
2025-07-18 21:51:00+00:00,100143.58783085352
2025-07-18 21:52:00+00:00,100158.04546330066
2025-07-18 21:53:00+00:00,100142.43633800375
2025-07-18 21:54:00+00:00,100132.73820933566
2025-07-18 21:55:00+00:00,100128.10664920657
2025-07-18 21:56:00+00:00,100127.18545492676
2025-07-18 21:57:00+00:00,100119.8926668782
2025-07-18 21:58:00+00:00,100140.72189309409
2025-07-18 21:59:00+00:00,100143.30635482358
2025-07-18 22:00:00+00:00,100128.08106047657
2025-07-18 22:01:00+00:00,100125.4965987471
2025-07-18 22:02:00+00:00,100135.6041470951
2025-07-18 22:03:00+00:00,100124.01245240739
2025-07-18 22:04:00+00:00,100094.63659037318
2025-07-18 22:05:00+00:00,100096.22309163287
2025-07-18 22:06:00+00:00,100094.35511434324
2025-07-18 22:07:00+00:00,100070.8134827479
2025-07-18 22:08:00+00:00,100079.97424808607
2025-07-18 22:09:00+00:00,100084.60580821516
2025-07-18 22:10:00+00:00,100091.94977372371
2025-07-18 22:11:00+00:00,100107.12389061072
2025-07-18 22:12:00+00:00,100121.19769210793
2025-07-18 22:13:00+00:00,100125.16394525715
2025-07-18 22:14:00+00:00,100126.57132540688
2025-07-18 22:15:00+00:00,100135.27149360516
2025-07-18 22:16:00+00:00,100133.32675012555
2025-07-18 22:17:00+00:00,100144.48343640334
2025-07-18 22:18:00+00:00,100146.50494607294
2025-07-18 22:19:00+00:00,100147.04230940284
2025-07-18 22:20:00+00:00,100158.30135060061
2025-07-18 22:21:00+00:00,100156.305429661
2025-07-18 22:22:00+00:00,100151.46915969197
2025-07-18 22:23:00+00:00,100158.94106885049
2025-07-18 22:24:00+00:00,100165.33825134923
2025-07-18 22:25:00+00:00,100205.89638839122
2025-07-18 22:26:00+00:00,100192.8461360938
2025-07-18 22:27:00+00:00,100200.24127906233
2025-07-18 22:28:00+00:00,100208.96703599062
2025-07-18 22:29:00+00:00,100195.60971893325
2025-07-18 22:30:00+00:00,100196.68444559304
2025-07-18 22:31:00+00:00,100181.84298219596
2025-07-18 22:32:00+00:00,100188.98223786455
2025-07-18 22:33:00+00:00,100181.30561886607
2025-07-18 22:34:00+00:00,100186.44895359506
2025-07-18 22:35:00+00:00,100185.93717899515
2025-07-18 22:36:00+00:00,100186.44895359506
2025-07-18 22:37:00+00:00,100193.10202339375
2025-07-18 22:38:00+00:00,100194.09998386355
2025-07-18 22:39:00+00:00,100197.19622019294
2025-07-18 22:40:00+00:00,100193.40908815368
2025-07-18 22:41:00+00:00,100181.28003013608
2025-07-18 22:42:00+00:00,100194.15116132353
2025-07-18 22:43:00+00:00,100188.36810834467
2025-07-18 22:44:00+00:00,100170.71188464816
2025-07-18 22:45:00+00:00,100176.87876857695
2025-07-18 22:46:00+00:00,100180.89619918616
2025-07-18 22:47:00+00:00,100143.35753228357
2025-07-18 22:48:00+00:00,100150.62473160213
2025-07-18 22:49:00+00:00,100156.74043807092
2025-07-18 22:50:00+00:00,100146.50494607294
2025-07-18 22:51:00+00:00,100133.14762901558
2025-07-18 22:52:00+00:00,100123.32155669753
2025-07-18 22:53:00+00:00,100132.71262060567
2025-07-18 22:54:00+00:00,100137.75360041467
2025-07-18 22:55:00+00:00,100144.99521100325
2025-07-18 22:56:00+00:00,100136.80681740487
2025-07-18 22:57:00+00:00,100140.69630436409
2025-07-18 22:58:00+00:00,100148.04026987264
2025-07-18 22:59:00+00:00,100147.01672067284
2025-07-18 23:00:00+00:00,100140.38923960415
2025-07-18 23:01:00+00:00,100126.57132540688
2025-07-18 23:02:00+00:00,100123.9356862174
2025-07-18 23:03:00+00:00,100121.96535400779
2025-07-18 23:04:00+00:00,100111.19249867991
2025-07-18 23:05:00+00:00,100110.06659456014
2025-07-18 23:06:00+00:00,100106.43299490085
2025-07-18 23:07:00+00:00,100109.93865091016
2025-07-18 23:08:00+00:00,100093.61304117339
2025-07-18 23:09:00+00:00,100115.69611515902
2025-07-18 23:10:00+00:00,100104.48825142124
2025-07-18 23:11:00+00:00,100121.93976527778
2025-07-18 23:12:00+00:00,100123.50067780749
2025-07-18 23:13:00+00:00,100132.84056425565
2025-07-18 23:14:00+00:00,100140.54277198412
2025-07-18 23:15:00+00:00,100133.40351631553
2025-07-18 23:16:00+00:00,100158.01987457067
2025-07-18 23:17:00+00:00,100160.86022360012
2025-07-18 23:18:00+00:00,100173.16840272768
2025-07-18 23:19:00+00:00,100184.40185519547
2025-07-18 23:20:00+00:00,100179.28410919648
2025-07-18 23:21:00+00:00,100178.1326163467
2025-07-18 23:22:00+00:00,100192.59024879384
2025-07-18 23:23:00+00:00,100185.39981566527
2025-07-18 23:24:00+00:00,100185.96276772516
2025-07-18 23:25:00+00:00,100185.55334804523
2025-07-18 23:26:00+00:00,100166.9759300689
2025-07-18 23:27:00+00:00,100178.43968110664
2025-07-18 23:28:00+00:00,100182.55946663582
2025-07-18 23:29:00+00:00,100183.86449186556
2025-07-18 23:30:00+00:00,100195.66089639324
2025-07-18 23:31:00+00:00,100198.73154399263
2025-07-18 23:32:00+00:00,100200.24127906233
2025-07-18 23:33:00+00:00,100197.60563987285
2025-07-18 23:34:00+00:00,100198.4500679627
2025-07-18 23:35:00+00:00,100195.25147671331
2025-07-18 23:36:00+00:00,100181.33120759607
2025-07-18 23:37:00+00:00,100190.54315039425
2025-07-18 23:38:00+00:00,100190.56873912425
2025-07-18 23:39:00+00:00,100185.47658185524
2025-07-18 23:40:00+00:00,100194.09998386355
2025-07-18 23:41:00+00:00,100185.86041280517
2025-07-18 23:42:00+00:00,100195.14912179334
2025-07-18 23:43:00+00:00,100192.12965165393
2025-07-18 23:44:00+00:00,100192.10406292394
2025-07-18 23:45:00+00:00,100189.41724627448
2025-07-18 23:46:00+00:00,100195.14912179334
2025-07-18 23:47:00+00:00,100200.70187620225
2025-07-18 23:48:00+00:00,100213.5474186597
2025-07-18 23:49:00+00:00,100216.6180662591
2025-07-18 23:50:00+00:00,100222.247586858
2025-07-18 23:51:00+00:00,100227.39092158698
2025-07-18 23:52:00+00:00,100206.94552632101
2025-07-18 23:53:00+00:00,100206.43375172111
2025-07-18 23:54:00+00:00,100199.19214113255
2025-07-18 23:55:00+00:00,100206.4849291811
2025-07-18 23:56:00+00:00,100206.4849291811
2025-07-18 23:57:00+00:00,100206.4849291811
2025-07-18 23:58:00+00:00,100208.68555996066
2025-07-18 23:59:00+00:00,100207.94348679081
2025-07-19 00:00:00+00:00,100205.4102025213
2025-07-19 00:01:00+00:00,100205.4102025213
2025-07-19 00:02:00+00:00,100196.91474416299
2025-07-19 00:03:00+00:00,100209.42763313052
2025-07-19 00:04:00+00:00,100205.89638839122
2025-07-19 00:05:00+00:00,100192.8461360938
2025-07-19 00:06:00+00:00,100203.05603936178
2025-07-19 00:07:00+00:00,100201.80219159203
2025-07-19 00:08:00+00:00,100200.52275509227
2025-07-19 00:09:00+00:00,100191.02933626415
2025-07-19 00:10:00+00:00,100189.21253643451
2025-07-19 00:11:00+00:00,100193.15320085373
2025-07-19 00:12:00+00:00,100199.01302002258
2025-07-19 00:13:00+00:00,100194.3558711635
2025-07-19 00:14:00+00:00,100208.86468107064
2025-07-19 00:15:00+00:00,100202.9025069818
2025-07-19 00:16:00+00:00,100205.87079966122
2025-07-19 00:17:00+00:00,100200.26686779232
2025-07-19 00:18:00+00:00,100201.29041699212
2025-07-19 00:19:00+00:00,100197.96388209278
2025-07-19 00:20:00+00:00,100204.56577443148
2025-07-19 00:21:00+00:00,100212.83093421985
2025-07-19 00:22:00+00:00,100211.78179629006
2025-07-19 00:23:00+00:00,100214.6221453195
2025-07-19 00:24:00+00:00,100218.6651646587
2025-07-19 00:25:00+00:00,100213.0356440598
2025-07-19 00:26:00+00:00,100213.24035389978
2025-07-19 00:27:00+00:00,100215.87599308926
2025-07-19 00:28:00+00:00,100216.6180662591
2025-07-19 00:29:00+00:00,100216.6436549891
2025-07-19 00:30:00+00:00,100221.27521511818
2025-07-19 00:31:00+00:00,100220.6866743283
2025-07-19 00:32:00+00:00,100231.28040854621
2025-07-19 00:33:00+00:00,100235.04195185546
2025-07-19 00:34:00+00:00,100221.01932781824
2025-07-19 00:35:00+00:00,100200.75305366224
2025-07-19 00:36:00+00:00,100204.82166173143
2025-07-19 00:37:00+00:00,100216.18305784918
2025-07-19 00:38:00+00:00,100208.65997123066
2025-07-19 00:39:00+00:00,100203.08162809178
2025-07-19 00:40:00+00:00,100212.03768359001
2025-07-19 00:41:00+00:00,100208.42967266071
2025-07-19 00:42:00+00:00,100205.97315458121
2025-07-19 00:43:00+00:00,100195.63530766324
2025-07-19 00:44:00+00:00,100204.13076602157
2025-07-19 00:45:00+00:00,100189.18694770451
2025-07-19 00:46:00+00:00,100193.15320085373
2025-07-19 00:47:00+00:00,100191.23404610412
2025-07-19 00:48:00+00:00,100198.75713272263
2025-07-19 00:49:00+00:00,100192.51348260386
2025-07-19 00:50:00+00:00,100196.68444559304
2025-07-19 00:51:00+00:00,100186.96072819496
2025-07-19 00:52:00+00:00,100199.34567351251
2025-07-19 00:53:00+00:00,100207.96907552081
2025-07-19 00:54:00+00:00,100192.10406292394
2025-07-19 00:55:00+00:00,100185.45099312525
2025-07-19 00:56:00+00:00,100156.22866347102
2025-07-19 00:57:00+00:00,100169.0230284685
2025-07-19 00:58:00+00:00,100169.0230284685
2025-07-19 00:59:00+00:00,100159.32489980041
2025-07-19 01:00:00+00:00,100152.16005540182
2025-07-19 01:01:00+00:00,100146.223470043
2025-07-19 01:02:00+00:00,100144.35549275337
2025-07-19 01:03:00+00:00,100142.97370133364
2025-07-19 01:04:00+00:00,100137.19064835478
2025-07-19 01:05:00+00:00,100141.25925642397
2025-07-19 01:06:00+00:00,100132.73820933566
2025-07-19 01:07:00+00:00,100132.17525727577
2025-07-19 01:08:00+00:00,100158.81312520051
2025-07-19 01:09:00+00:00,100183.89008059556
2025-07-19 01:10:00+00:00,100177.44172063684
2025-07-19 01:11:00+00:00,100182.58505536582
2025-07-19 01:12:00+00:00,100188.98223786455
2025-07-19 01:13:00+00:00,100197.19622019294
2025-07-19 01:14:00+00:00,100203.08162809178
2025-07-19 01:15:00+00:00,100218.56280973871
2025-07-19 01:16:00+00:00,100210.04176265039
2025-07-19 01:17:00+00:00,100194.15116132353
2025-07-19 01:18:00+00:00,100208.45526139071
2025-07-19 01:19:00+00:00,100215.90158181924
2025-07-19 01:20:00+00:00,100222.7081839979
2025-07-19 01:21:00+00:00,100227.237389207
2025-07-19 01:22:00+00:00,100222.7593614579
2025-07-19 01:23:00+00:00,100220.99373908824
2025-07-19 01:24:00+00:00,100230.56392410635
2025-07-19 01:25:00+00:00,100217.99985767883
2025-07-19 01:26:00+00:00,100208.96703599062
2025-07-19 01:27:00+00:00,100217.129840859
2025-07-19 01:28:00+00:00,100220.99373908824
2025-07-19 01:29:00+00:00,100224.14115287762
2025-07-19 01:30:00+00:00,100215.85040435925
2025-07-19 01:31:00+00:00,100213.31712008975
2025-07-19 01:32:00+00:00,100211.65385264008
2025-07-19 01:33:00+00:00,100216.6436549891
2025-07-19 01:34:00+00:00,100213.21476516977
2025-07-19 01:35:00+00:00,100220.73785178829
2025-07-19 01:36:00+00:00,100223.29672478778
2025-07-19 01:37:00+00:00,100224.80645985749
2025-07-19 01:38:00+00:00,100224.80645985749
2025-07-19 01:39:00+00:00,100228.64476935673
2025-07-19 01:40:00+00:00,100234.01840265567
2025-07-19 01:41:00+00:00,100239.03379373468
2025-07-19 01:42:00+00:00,100234.70929836553
2025-07-19 01:43:00+00:00,100225.36941191737
2025-07-19 01:44:00+00:00,100233.48103932576
2025-07-19 01:45:00+00:00,100214.6221453195
2025-07-19 01:46:00+00:00,100228.2097609468
2025-07-19 01:47:00+00:00,100240.13410912445
2025-07-19 01:48:00+00:00,100227.00709063705
2025-07-19 01:49:00+00:00,100234.65812090554
2025-07-19 01:50:00+00:00,100227.05826809704
2025-07-19 01:51:00+00:00,100243.71653132375
2025-07-19 01:52:00+00:00,100241.4647230842
2025-07-19 01:53:00+00:00,100242.74415958393
2025-07-19 01:54:00+00:00,100242.76974831393
2025-07-19 01:55:00+00:00,100244.10036227368
2025-07-19 01:56:00+00:00,100230.97334378626
2025-07-19 01:57:00+00:00,100236.27021089522
2025-07-19 01:58:00+00:00,100231.63865076614
2025-07-19 01:59:00+00:00,100235.73284756532
2025-07-19 02:00:00+00:00,100238.67555151475
2025-07-19 02:01:00+00:00,100244.27948338364
2025-07-19 02:02:00+00:00,100244.56095941359
2025-07-19 02:03:00+00:00,100248.85986605274
2025-07-19 02:04:00+00:00,100213.70095103967
2025-07-19 02:05:00+00:00,100221.01932781824
2025-07-19 02:06:00+00:00,100210.83501328024
2025-07-19 02:07:00+00:00,100237.08905025506
2025-07-19 02:08:00+00:00,100226.70002587711
2025-07-19 02:09:00+00:00,100221.58227987812
2025-07-19 02:10:00+00:00,100226.59767095713
2025-07-19 02:11:00+00:00,100229.61714109653
2025-07-19 02:12:00+00:00,100225.34382318737
2025-07-19 02:13:00+00:00,100232.45749012598
2025-07-19 02:14:00+00:00,100237.44729247499
2025-07-19 02:15:00+00:00,100224.85763731747
2025-07-19 02:16:00+00:00,100224.80645985749
2025-07-19 02:17:00+00:00,100232.48307885596
2025-07-19 02:18:00+00:00,100232.50866758596
2025-07-19 02:19:00+00:00,100246.35217051323
2025-07-19 02:20:00+00:00,100235.04195185546
2025-07-19 02:21:00+00:00,100242.69298212396
2025-07-19 02:22:00+00:00,100250.49754477241
2025-07-19 02:23:00+00:00,100239.54556833458
2025-07-19 02:24:00+00:00,100243.81888624372
2025-07-19 02:25:00+00:00,100232.89249853589
2025-07-19 02:26:00+00:00,100225.7020654073
2025-07-19 02:27:00+00:00,100234.04399138567
2025-07-19 02:28:00+00:00,100229.89861712648
2025-07-19 02:29:00+00:00,100221.24962638819
2025-07-19 02:30:00+00:00,100235.42578280538
2025-07-19 02:31:00+00:00,100244.79125798354
2025-07-19 02:32:00+00:00,100250.34401239244
2025-07-19 02:33:00+00:00,100243.12799053386
2025-07-19 02:34:00+00:00,100249.34605192264
2025-07-19 02:35:00+00:00,100265.2366532495
2025-07-19 02:36:00+00:00,100266.72079958921
2025-07-19 02:37:00+00:00,100245.40538750342
2025-07-19 02:38:00+00:00,100252.49346571202
2025-07-19 02:39:00+00:00,100250.42077858243
2025-07-19 02:40:00+00:00,100246.27540432324
2025-07-19 02:41:00+00:00,100257.56003425102
2025-07-19 02:42:00+00:00,100266.7719770492
2025-07-19 02:43:00+00:00,100256.56207378121
2025-07-19 02:44:00+00:00,100261.47510994025
2025-07-19 02:45:00+00:00,100265.2366532495
2025-07-19 02:46:00+00:00,100276.8539366672
2025-07-19 02:47:00+00:00,100284.12113598577
2025-07-19 02:48:00+00:00,100282.63698964607
2025-07-19 02:49:00+00:00,100276.03509730737
2025-07-19 02:50:00+00:00,100279.84781807661
2025-07-19 02:51:00+00:00,100281.15284330636
2025-07-19 02:52:00+00:00,100285.68204851546
2025-07-19 02:53:00+00:00,100290.85097197445
2025-07-19 02:54:00+00:00,100291.43951276432
2025-07-19 02:55:00+00:00,100301.59823857232
2025-07-19 02:56:00+00:00,100298.29729240297
2025-07-19 02:57:00+00:00,100270.91735130838
2025-07-19 02:58:00+00:00,100273.8856439878
2025-07-19 02:59:00+00:00,100278.87544633681
2025-07-19 03:00:00+00:00,100280.51312505649
2025-07-19 03:01:00+00:00,100280.10370537656
2025-07-19 03:02:00+00:00,100270.55910908844
2025-07-19 03:03:00+00:00,100272.887683518
2025-07-19 03:04:00+00:00,100272.887683518
2025-07-19 03:05:00+00:00,100277.77513094702
2025-07-19 03:06:00+00:00,100276.00950857738
2025-07-19 03:07:00+00:00,100276.41892825729
2025-07-19 03:08:00+00:00,100269.17731766873
2025-07-19 03:09:00+00:00,100263.77809563979
2025-07-19 03:10:00+00:00,100264.75046737959
2025-07-19 03:11:00+00:00,100268.02582481895
2025-07-19 03:12:00+00:00,100273.19474827792
2025-07-19 03:13:00+00:00,100273.75770033782
2025-07-19 03:14:00+00:00,100281.9205052062
2025-07-19 03:15:00+00:00,100273.93682144777
2025-07-19 03:16:00+00:00,100275.03713683756
2025-07-19 03:17:00+00:00,100284.73526550565
2025-07-19 03:18:00+00:00,100276.26539587733
2025-07-19 03:19:00+00:00,100284.19790217576
2025-07-19 03:20:00+00:00,100288.93181722482
2025-07-19 03:21:00+00:00,100291.26039165436
2025-07-19 03:22:00+00:00,100289.5715354747
2025-07-19 03:23:00+00:00,100290.39037483453
2025-07-19 03:24:00+00:00,100298.55317970293
2025-07-19 03:25:00+00:00,100299.03936557283
2025-07-19 03:26:00+00:00,100299.06495430283
2025-07-19 03:27:00+00:00,100292.89807037404
2025-07-19 03:28:00+00:00,100294.43339417374
2025-07-19 03:29:00+00:00,100292.92365910404
2025-07-19 03:30:00+00:00,100284.0187810658
2025-07-19 03:31:00+00:00,100292.05364228421
2025-07-19 03:32:00+00:00,100292.41188450414
2025-07-19 03:33:00+00:00,100298.55317970293
2025-07-19 03:34:00+00:00,100299.03936557283
2025-07-19 03:35:00+00:00,100292.89807037404
2025-07-19 03:36:00+00:00,100293.94720830384
2025-07-19 03:37:00+00:00,100315.79998371951
2025-07-19 03:38:00+00:00,100311.8337305703
2025-07-19 03:39:00+00:00,100315.44174149958
2025-07-19 03:40:00+00:00,100319.84300305872
2025-07-19 03:41:00+00:00,100319.81741432872
2025-07-19 03:42:00+00:00,100315.67204006953
2025-07-19 03:43:00+00:00,100307.91865488107
2025-07-19 03:44:00+00:00,100304.92477347166
2025-07-19 03:45:00+00:00,100312.16638406023
2025-07-19 03:46:00+00:00,100310.7845926405
2025-07-19 03:47:00+00:00,100310.8101813705
2025-07-19 03:48:00+00:00,100306.58804092134
2025-07-19 03:49:00+00:00,100295.86636305346
2025-07-19 03:50:00+00:00,100282.17639250615
2025-07-19 03:51:00+00:00,100284.76085423565
2025-07-19 03:52:00+00:00,100289.29005944476
2025-07-19 03:53:00+00:00,100288.29209897495
2025-07-19 03:54:00+00:00,100295.20105607358
2025-07-19 03:55:00+00:00,100299.55114017273
2025-07-19 03:56:00+00:00,100301.62382730232
2025-07-19 03:57:00+00:00,100301.31676254238
2025-07-19 03:58:00+00:00,100313.34346564
2025-07-19 03:59:00+00:00,100317.20736386924
2025-07-19 04:00:00+00:00,100300.7026330225
2025-07-19 04:01:00+00:00,100294.43339417374
2025-07-19 04:02:00+00:00,100293.48661116393
2025-07-19 04:03:00+00:00,100292.89807037404
2025-07-19 04:04:00+00:00,100303.90122427186
2025-07-19 04:05:00+00:00,100317.87267084912
2025-07-19 04:06:00+00:00,100312.8572797701
2025-07-19 04:07:00+00:00,100306.20420997142
2025-07-19 04:08:00+00:00,100311.3219559704
2025-07-19 04:09:00+00:00,100320.02212416868
2025-07-19 04:10:00+00:00,100311.3219559704
2025-07-19 04:11:00+00:00,100309.17250265082
2025-07-19 04:12:00+00:00,100305.71802410152
2025-07-19 04:13:00+00:00,100312.8572797701
2025-07-19 04:14:00+00:00,100320.27801146863
2025-07-19 04:15:00+00:00,100325.16545889767
2025-07-19 04:16:00+00:00,100325.13987016768
2025-07-19 04:17:00+00:00,100309.37721249078
2025-07-19 04:18:00+00:00,100302.08442444222
2025-07-19 04:19:00+00:00,100297.27374320317
2025-07-19 04:20:00+00:00,100297.50404177312
2025-07-19 04:21:00+00:00,100296.58284749331
2025-07-19 04:22:00+00:00,100292.97483656403
2025-07-19 04:23:00+00:00,100285.70763724546
2025-07-19 04:24:00+00:00,100284.40261201572
2025-07-19 04:25:00+00:00,100283.17435297596
2025-07-19 04:26:00+00:00,100282.5346347261
2025-07-19 04:27:00+00:00,100282.09962631617
2025-07-19 04:28:00+00:00,100278.31249427692
2025-07-19 04:29:00+00:00,100276.49569444728
2025-07-19 04:30:00+00:00,100288.29209897495
2025-07-19 04:31:00+00:00,100304.66888617171
2025-07-19 04:32:00+00:00,100301.08646397242
2025-07-19 04:33:00+00:00,100307.7395337711
2025-07-19 04:34:00+00:00,100311.8337305703
2025-07-19 04:35:00+00:00,100309.27485757081
2025-07-19 04:36:00+00:00,100289.41800309473
2025-07-19 04:37:00+00:00,100281.10166584636
2025-07-19 04:38:00+00:00,100260.96333534035
2025-07-19 04:39:00+00:00,100280.07811664656
2025-07-19 04:40:00+00:00,100289.36682563473
2025-07-19 04:41:00+00:00,100288.77828484486
2025-07-19 04:42:00+00:00,100284.17231344576
2025-07-19 04:43:00+00:00,100282.12521504617
2025-07-19 04:44:00+00:00,100262.03806200012
2025-07-19 04:45:00+00:00,100245.30303258344
2025-07-19 04:46:00+00:00,100265.7484278494
2025-07-19 04:47:00+00:00,100248.37368018283
2025-07-19 04:48:00+00:00,100244.27948338364
2025-07-19 04:49:00+00:00,100256.05029918131
2025-07-19 04:50:00+00:00,100263.16396611992
2025-07-19 04:51:00+00:00,100263.1895548499
2025-07-19 04:52:00+00:00,100268.51201068885
2025-07-19 04:53:00+00:00,100269.89380210858
2025-07-19 04:54:00+00:00,100268.30730084889
2025-07-19 04:55:00+00:00,100261.7054085102
2025-07-19 04:56:00+00:00,100252.97965158192
2025-07-19 04:57:00+00:00,100259.09535805072
2025-07-19 04:58:00+00:00,100258.02063139093
2025-07-19 04:59:00+00:00,100259.04418059072
2025-07-19 05:00:00+00:00,100270.89176257838
2025-07-19 05:01:00+00:00,100270.35439924849
2025-07-19 05:02:00+00:00,100261.93570708015
2025-07-19 05:03:00+00:00,100262.85690135998
2025-07-19 05:04:00+00:00,100267.84670370899
2025-07-19 05:05:00+00:00,100255.74323442137
2025-07-19 05:06:00+00:00,100256.71560616119
2025-07-19 05:07:00+00:00,100261.6798197802
2025-07-19 05:08:00+00:00,100247.88749431292
2025-07-19 05:09:00+00:00,100247.70837320296
2025-07-19 05:10:00+00:00,100247.73396193296
2025-07-19 05:11:00+00:00,100243.20475672385
2025-07-19 05:12:00+00:00,100245.66127480337
2025-07-19 05:13:00+00:00,100247.29895352304
2025-07-19 05:14:00+00:00,100243.25593418384
2025-07-19 05:15:00+00:00,100243.25593418384
2025-07-19 05:16:00+00:00,100245.27744385344
2025-07-19 05:17:00+00:00,100259.40242281066
2025-07-19 05:18:00+00:00,100251.13726302228
2025-07-19 05:19:00+00:00,100252.85170793194
2025-07-19 05:20:00+00:00,100262.95925627995
2025-07-19 05:21:00+00:00,100251.46991651221
2025-07-19 05:22:00+00:00,100251.46991651221
2025-07-19 05:23:00+00:00,100254.51497538162
2025-07-19 05:24:00+00:00,100256.69001743119
2025-07-19 05:25:00+00:00,100258.25092996088
2025-07-19 05:26:00+00:00,100254.51497538162
2025-07-19 05:27:00+00:00,100262.72895771
2025-07-19 05:28:00+00:00,100260.14449598051
2025-07-19 05:29:00+00:00,100261.1680451803
2025-07-19 05:30:00+00:00,100255.05233871151
2025-07-19 05:31:00+00:00,100260.96333534035
2025-07-19 05:32:00+00:00,100268.07700227894
2025-07-19 05:33:00+00:00,100271.91531177818
2025-07-19 05:34:00+00:00,100272.42708637808
2025-07-19 05:35:00+00:00,100279.02897871679
2025-07-19 05:36:00+00:00,100279.54075331667
2025-07-19 05:37:00+00:00,100286.24500057535
2025-07-19 05:38:00+00:00,100286.44971041531
2025-07-19 05:39:00+00:00,100287.29413850515
2025-07-19 05:40:00+00:00,100282.63698964607
2025-07-19 05:41:00+00:00,100293.38425624394
2025-07-19 05:42:00+00:00,100298.52759097292
2025-07-19 05:43:00+00:00,100292.15599720419
2025-07-19 05:44:00+00:00,100295.91754051344
2025-07-19 05:45:00+00:00,100290.36478610453
2025-07-19 05:46:00+00:00,100282.66257837607
2025-07-19 05:47:00+00:00,100298.52759097292
2025-07-19 05:48:00+00:00,100289.85301150465
2025-07-19 05:49:00+00:00,100289.29005944476
2025-07-19 05:50:00+00:00,100281.12725457636
2025-07-19 05:51:00+00:00,100276.57246063725
2025-07-19 05:52:00+00:00,100274.42300731769
2025-07-19 05:53:00+00:00,100285.60528232547
2025-07-19 05:54:00+00:00,100278.56838157687
2025-07-19 05:55:00+00:00,100283.17435297596
2025-07-19 05:56:00+00:00,100284.04436979578
2025-07-19 05:57:00+00:00,100283.17435297596
2025-07-19 05:58:00+00:00,100283.17435297596
2025-07-19 05:59:00+00:00,100278.08219570696
2025-07-19 06:00:00+00:00,100278.03101824697
2025-07-19 06:01:00+00:00,100275.01154810758
2025-07-19 06:02:00+00:00,100276.8539366672
2025-07-19 06:03:00+00:00,100283.4558290059
2025-07-19 06:04:00+00:00,100278.05660697697
2025-07-19 06:05:00+00:00,100279.08015617676
2025-07-19 06:06:00+00:00,100283.14876424597
2025-07-19 06:07:00+00:00,100288.26651024495
2025-07-19 06:08:00+00:00,100288.26651024495
2025-07-19 06:09:00+00:00,100293.71690973388
2025-07-19 06:10:00+00:00,100295.22664480358
2025-07-19 06:11:00+00:00,100288.34327643494
2025-07-19 06:12:00+00:00,100289.31564817474
2025-07-19 06:13:00+00:00,100289.34123690474
2025-07-19 06:14:00+00:00,100278.05660697697
2025-07-19 06:15:00+00:00,100278.05660697697
2025-07-19 06:16:00+00:00,100271.40353717828
2025-07-19 06:17:00+00:00,100275.70244381743
2025-07-19 06:18:00+00:00,100275.70244381743
2025-07-19 06:19:00+00:00,100276.00950857738
2025-07-19 06:20:00+00:00,100276.00950857738
2025-07-19 06:21:00+00:00,100266.89992069917
2025-07-19 06:22:00+00:00,100272.24796526812
2025-07-19 06:23:00+00:00,100269.86821337859
2025-07-19 06:24:00+00:00,100263.2151435799
2025-07-19 06:25:00+00:00,100268.33288957889
2025-07-19 06:26:00+00:00,100267.30934037908
2025-07-19 06:27:00+00:00,100259.6838988406
2025-07-19 06:28:00+00:00,100251.46991651221
2025-07-19 06:29:00+00:00,100243.10240180387
2025-07-19 06:30:00+00:00,100246.94071130312
2025-07-19 06:31:00+00:00,100255.48734712142
2025-07-19 06:32:00+00:00,100243.30711164384
2025-07-19 06:33:00+00:00,100248.75751113275
2025-07-19 06:34:00+00:00,100263.11278865993
2025-07-19 06:35:00+00:00,100266.74638831921
2025-07-19 06:36:00+00:00,100267.2837516491
2025-07-19 06:37:00+00:00,100265.36459689948
2025-07-19 06:38:00+00:00,100269.3052613187
2025-07-19 06:39:00+00:00,100269.45879369866
2025-07-19 06:40:00+00:00,100251.46991651221
2025-07-19 06:41:00+00:00,100249.16693081267
2025-07-19 06:42:00+00:00,100244.27948338364
2025-07-19 06:43:00+00:00,100248.50162383281
2025-07-19 06:44:00+00:00,100251.44432778223
2025-07-19 06:45:00+00:00,100259.32565662067
2025-07-19 06:46:00+00:00,100263.2151435799
2025-07-19 06:47:00+00:00,100259.65831011061
2025-07-19 06:48:00+00:00,100260.63068185041
2025-07-19 06:49:00+00:00,100261.6798197802
2025-07-19 06:50:00+00:00,100268.33288957889
2025-07-19 06:51:00+00:00,100265.2622419795
2025-07-19 06:52:00+00:00,100265.2622419795
2025-07-19 06:53:00+00:00,100265.87637149937
2025-07-19 06:54:00+00:00,100260.06772979052
2025-07-19 06:55:00+00:00,100264.2131040497
2025-07-19 06:56:00+00:00,100264.7248786496
2025-07-19 06:57:00+00:00,100271.3267709883
2025-07-19 06:58:00+00:00,100268.81907544879
2025-07-19 06:59:00+00:00,100267.82111497899
2025-07-19 07:00:00+00:00,100271.40353717828
2025-07-19 07:01:00+00:00,100275.49773397748
2025-07-19 07:02:00+00:00,100275.49773397748
2025-07-19 07:03:00+00:00,100275.49773397748
2025-07-19 07:04:00+00:00,100280.61547997646
2025-07-19 07:05:00+00:00,100285.0423302656
2025-07-19 07:06:00+00:00,100285.0423302656
2025-07-19 07:07:00+00:00,100287.26854977515
2025-07-19 07:08:00+00:00,100291.54186768431
2025-07-19 07:09:00+00:00,100289.85301150465
2025-07-19 07:10:00+00:00,100289.05976087479
2025-07-19 07:11:00+00:00,100285.0423302656
2025-07-19 07:12:00+00:00,100285.70763724546
2025-07-19 07:13:00+00:00,100289.80183404464
2025-07-19 07:14:00+00:00,100289.80183404464
2025-07-19 07:15:00+00:00,100289.85301150465
2025-07-19 07:16:00+00:00,100289.85301150465
2025-07-19 07:17:00+00:00,100289.75065658466
2025-07-19 07:18:00+00:00,100295.48253210353
2025-07-19 07:19:00+00:00,100300.54910064253
2025-07-19 07:20:00+00:00,100300.06291477263
2025-07-19 07:21:00+00:00,100300.06291477263
2025-07-19 07:22:00+00:00,100301.08646397242
2025-07-19 07:23:00+00:00,100307.7395337711
2025-07-19 07:24:00+00:00,100309.27485757081
2025-07-19 07:25:00+00:00,100306.2553874314
2025-07-19 07:26:00+00:00,100298.60435716291
2025-07-19 07:27:00+00:00,100298.04140510302
2025-07-19 07:28:00+00:00,100290.74861705446
2025-07-19 07:29:00+00:00,100297.50404177312
2025-07-19 07:30:00+00:00,100291.38833530433
2025-07-19 07:31:00+00:00,100279.31045474672
2025-07-19 07:32:00+00:00,100277.62159856706
2025-07-19 07:33:00+00:00,100284.19790217576
2025-07-19 07:34:00+00:00,100283.4302402759
2025-07-19 07:35:00+00:00,100275.3442015975
2025-07-19 07:36:00+00:00,100277.51924364708
2025-07-19 07:37:00+00:00,100277.51924364708
2025-07-19 07:38:00+00:00,100281.07607711638
2025-07-19 07:39:00+00:00,100281.05048838638
2025-07-19 07:40:00+00:00,100279.51516458669
2025-07-19 07:41:00+00:00,100273.47622430787
2025-07-19 07:42:00+00:00,100270.45675416847
2025-07-19 07:43:00+00:00,100269.61232607864
2025-07-19 07:44:00+00:00,100269.58673734864
2025-07-19 07:45:00+00:00,100278.84985760681
2025-07-19 07:46:00+00:00,100275.80479873742
2025-07-19 07:47:00+00:00,100275.8303874674
2025-07-19 07:48:00+00:00,100269.7658584586
2025-07-19 07:49:00+00:00,100272.58061875805
2025-07-19 07:50:00+00:00,100272.58061875805
2025-07-19 07:51:00+00:00,100275.21625794753
2025-07-19 07:52:00+00:00,100275.21625794753
2025-07-19 07:53:00+00:00,100273.68093414784
2025-07-19 07:54:00+00:00,100272.19678780812
2025-07-19 07:55:00+00:00,100265.36459689948
2025-07-19 07:56:00+00:00,100263.2407323099
2025-07-19 07:57:00+00:00,100268.99819655876
2025-07-19 07:58:00+00:00,100268.87025290879
2025-07-19 07:59:00+00:00,100268.87025290879
2025-07-19 08:00:00+00:00,100274.24388620773
2025-07-19 08:01:00+00:00,100271.94090050817
2025-07-19 08:02:00+00:00,100273.16915954794
2025-07-19 08:03:00+00:00,100279.08015617676
2025-07-19 08:04:00+00:00,100291.13244800438
2025-07-19 08:05:00+00:00,100294.71487020368
2025-07-19 08:06:00+00:00,100293.79367592387
2025-07-19 08:07:00+00:00,100291.41392403434
2025-07-19 08:08:00+00:00,100291.41392403434
2025-07-19 08:09:00+00:00,100285.4773386755
2025-07-19 08:10:00+00:00,100279.84781807661
2025-07-19 08:11:00+00:00,100260.6818593104
2025-07-19 08:12:00+00:00,100253.00524031192
2025-07-19 08:13:00+00:00,100251.44432778223
2025-07-19 08:14:00+00:00,100243.69094259375
2025-07-19 08:15:00+00:00,100247.32454225303
2025-07-19 08:16:00+00:00,100239.23850357463
2025-07-19 08:17:00+00:00,100247.70837320296
2025-07-19 08:18:00+00:00,100245.78921845334
2025-07-19 08:19:00+00:00,100240.9273597543
2025-07-19 08:20:00+00:00,100245.73804099335
2025-07-19 08:21:00+00:00,100251.95610238213
2025-07-19 08:22:00+00:00,100257.58562298102
2025-07-19 08:23:00+00:00,100254.46379792163
2025-07-19 08:24:00+00:00,100240.56911753437
2025-07-19 08:25:00+00:00,100246.81276765314
2025-07-19 08:26:00+00:00,100251.44432778223
2025-07-19 08:27:00+00:00,100247.40130844302
2025-07-19 08:28:00+00:00,100250.90696445233
2025-07-19 08:29:00+00:00,100250.5231335024
2025-07-19 08:30:00+00:00,100241.9509089541
2025-07-19 08:31:00+00:00,100233.78810408572
2025-07-19 08:32:00+00:00,100238.49643040478
2025-07-19 08:33:00+00:00,100226.7512033371
2025-07-19 08:34:00+00:00,100216.23423530918
2025-07-19 08:35:00+00:00,100225.93236397726
2025-07-19 08:36:00+00:00,100230.41039172639
2025-07-19 08:37:00+00:00,100236.06550105526
2025-07-19 08:38:00+00:00,100238.52201913478
2025-07-19 08:39:00+00:00,100237.60082485495
2025-07-19 08:40:00+00:00,100243.38387783381
2025-07-19 08:41:00+00:00,100238.3684867548
2025-07-19 08:42:00+00:00,100237.72876850492
2025-07-19 08:43:00+00:00,100242.48827228398
2025-07-19 08:44:00+00:00,100247.86190558293
2025-07-19 08:45:00+00:00,100237.57523612496
2025-07-19 08:46:00+00:00,100246.78717892314
2025-07-19 08:47:00+00:00,100249.37164065264
2025-07-19 08:48:00+00:00,100251.67462635218
2025-07-19 08:49:00+00:00,100259.99096360053
2025-07-19 08:50:00+00:00,100242.23238498405
2025-07-19 08:51:00+00:00,100227.44209904697
2025-07-19 08:52:00+00:00,100233.48103932576
2025-07-19 08:53:00+00:00,100223.32231351778
2025-07-19 08:54:00+00:00,100241.92532022411
2025-07-19 08:55:00+00:00,100255.51293585142
2025-07-19 08:56:00+00:00,100261.44952121025
2025-07-19 08:57:00+00:00,100264.26428150969
2025-07-19 08:58:00+00:00,100259.1209467807
2025-07-19 08:59:00+00:00,100251.95610238213
2025-07-19 09:00:00+00:00,100249.72988287256
2025-07-19 09:01:00+00:00,100252.23757841207
2025-07-19 09:02:00+00:00,100248.34809145283
2025-07-19 09:03:00+00:00,100256.05029918131
2025-07-19 09:04:00+00:00,100254.51497538162
2025-07-19 09:05:00+00:00,100257.04825965111
2025-07-19 09:06:00+00:00,100260.11890725051
2025-07-19 09:07:00+00:00,100263.7269181798
2025-07-19 09:08:00+00:00,100266.7719770492
2025-07-19 09:09:00+00:00,100263.85486182978
2025-07-19 09:10:00+00:00,100258.09739758092
2025-07-19 09:11:00+00:00,100267.2837516491
2025-07-19 09:12:00+00:00,100265.05753213953
2025-07-19 09:13:00+00:00,100267.02786434915
2025-07-19 09:14:00+00:00,100259.81184249057
2025-07-19 09:15:00+00:00,100261.42393248025
2025-07-19 09:16:00+00:00,100267.79552624898
2025-07-19 09:17:00+00:00,100267.82111497899
2025-07-19 09:18:00+00:00,100267.30934037908
2025-07-19 09:19:00+00:00,100267.30934037908
2025-07-19 09:20:00+00:00,100265.00635467954
2025-07-19 09:21:00+00:00,100269.10055147874
2025-07-19 09:22:00+00:00,100270.17527813853
2025-07-19 09:23:00+00:00,100274.03917636776
2025-07-19 09:24:00+00:00,100276.00950857738
2025-07-19 09:25:00+00:00,100276.00950857738
2025-07-19 09:26:00+00:00,100278.36367173691
2025-07-19 09:27:00+00:00,100280.4107701365
2025-07-19 09:28:00+00:00,100284.4793782057
2025-07-19 09:29:00+00:00,100279.10574490676
2025-07-19 09:30:00+00:00,100289.29005944476
2025-07-19 09:31:00+00:00,100290.0577213446
2025-07-19 09:32:00+00:00,100288.36886516493
2025-07-19 09:33:00+00:00,100288.29209897495
2025-07-19 09:34:00+00:00,100283.96760360581
2025-07-19 09:35:00+00:00,100288.36886516493
2025-07-19 09:36:00+00:00,100294.43339417374
2025-07-19 09:37:00+00:00,100291.84893244425
2025-07-19 09:38:00+00:00,100294.43339417374
2025-07-19 09:39:00+00:00,100294.40780544374
2025-07-19 09:40:00+00:00,100297.42727558315
2025-07-19 09:41:00+00:00,100299.88379366265
2025-07-19 09:42:00+00:00,100304.2338777618
2025-07-19 09:43:00+00:00,100304.15711157181
2025-07-19 09:44:00+00:00,100304.66888617171
2025-07-19 09:45:00+00:00,100304.64329744171
2025-07-19 09:46:00+00:00,100304.66888617171
2025-07-19 09:47:00+00:00,100304.92477347166
2025-07-19 09:48:00+00:00,100309.24926884081
2025-07-19 09:49:00+00:00,100308.48160694096
2025-07-19 09:50:00+00:00,100293.077191484
2025-07-19 09:51:00+00:00,100286.39853295533
2025-07-19 09:52:00+00:00,100282.17639250615
2025-07-19 09:53:00+00:00,100281.35755314631
2025-07-19 09:54:00+00:00,100276.75158174723
2025-07-19 09:55:00+00:00,100280.10370537656
2025-07-19 09:56:00+00:00,100280.07811664656
2025-07-19 09:57:00+00:00,100286.73118644525
2025-07-19 09:58:00+00:00,100286.27058930535
2025-07-19 09:59:00+00:00,100286.09146819537
2025-07-19 10:00:00+00:00,100289.5971242047
2025-07-19 10:01:00+00:00,100288.82946230484
2025-07-19 10:02:00+00:00,100288.80387357484
2025-07-19 10:03:00+00:00,100296.35254892336
2025-07-19 10:04:00+00:00,100281.28078695634
2025-07-19 10:05:00+00:00,100286.21941184535
2025-07-19 10:06:00+00:00,100275.03713683756
2025-07-19 10:07:00+00:00,100276.9307028572
2025-07-19 10:08:00+00:00,100276.90511412719
2025-07-19 10:09:00+00:00,100271.3523597183
2025-07-19 10:10:00+00:00,100283.19994170596
2025-07-19 10:11:00+00:00,100284.96556407561
2025-07-19 10:12:00+00:00,100283.12317551597
2025-07-19 10:13:00+00:00,100284.65849931567
2025-07-19 10:14:00+00:00,100284.14672471577
2025-07-19 10:15:00+00:00,100283.71171630586
2025-07-19 10:16:00+00:00,100291.79775498426
2025-07-19 10:17:00+00:00,100291.82334371425
2025-07-19 10:18:00+00:00,100291.84893244425
2025-07-19 10:19:00+00:00,100288.80387357484
2025-07-19 10:20:00+00:00,100295.43135464354
2025-07-19 10:21:00+00:00,100299.03936557283
2025-07-19 10:22:00+00:00,100300.52351191253
2025-07-19 10:23:00+00:00,100295.94312924343
2025-07-19 10:24:00+00:00,100301.06087524243
2025-07-19 10:25:00+00:00,100299.03936557283
2025-07-19 10:26:00+00:00,100298.22052621299
2025-07-19 10:27:00+00:00,100303.90122427186
2025-07-19 10:28:00+00:00,100307.7395337711
2025-07-19 10:29:00+00:00,100309.24926884081
2025-07-19 10:30:00+00:00,100309.7866321707
2025-07-19 10:31:00+00:00,100307.35570282118
2025-07-19 10:32:00+00:00,100307.2277591712
2025-07-19 10:33:00+00:00,100307.2533479012
2025-07-19 10:34:00+00:00,100307.20217044122
2025-07-19 10:35:00+00:00,100307.20217044122
2025-07-19 10:36:00+00:00,100307.20217044122
2025-07-19 10:37:00+00:00,100303.46621586196
2025-07-19 10:38:00+00:00,100304.02916792184
2025-07-19 10:39:00+00:00,100308.76308297091
2025-07-19 10:40:00+00:00,100335.70801565559
2025-07-19 10:41:00+00:00,100345.58526543363
2025-07-19 10:42:00+00:00,100341.54224609444
2025-07-19 10:43:00+00:00,100335.50330581563
2025-07-19 10:44:00+00:00,100336.37332263545
2025-07-19 10:45:00+00:00,100333.81444963596
2025-07-19 10:46:00+00:00,100328.21051776706
2025-07-19 10:47:00+00:00,100323.14394922806
2025-07-19 10:48:00+00:00,100322.17157748826
2025-07-19 10:49:00+00:00,100319.51034956878
2025-07-19 10:50:00+00:00,100320.04771289868
2025-07-19 10:51:00+00:00,100323.11836049808
2025-07-19 10:52:00+00:00,100320.02212416868
2025-07-19 10:53:00+00:00,100317.97502576909
2025-07-19 10:54:00+00:00,100321.55744796837
2025-07-19 10:55:00+00:00,100313.9064176999
2025-07-19 10:56:00+00:00,100320.04771289868
2025-07-19 10:57:00+00:00,100320.63625368856
2025-07-19 10:58:00+00:00,100328.21051776706
2025-07-19 10:59:00+00:00,100338.42042103504
2025-07-19 11:00:00+00:00,100331.28116536647
2025-07-19 11:01:00+00:00,100342.33549672428
2025-07-19 11:02:00+00:00,100342.51461783424
2025-07-19 11:03:00+00:00,100345.61085416363
2025-07-19 11:04:00+00:00,100348.65591303303
2025-07-19 11:05:00+00:00,100340.95370530455
2025-07-19 11:06:00+00:00,100347.65795256323
2025-07-19 11:07:00+00:00,100347.63236383323
2025-07-19 11:08:00+00:00,100348.65591303303
2025-07-19 11:09:00+00:00,100331.28116536647
2025-07-19 11:10:00+00:00,100324.70486175775
2025-07-19 11:11:00+00:00,100322.55540843817
2025-07-19 11:12:00+00:00,100313.8808289699
2025-07-19 11:13:00+00:00,100306.7415733013
2025-07-19 11:14:00+00:00,100303.13356237202
2025-07-19 11:15:00+00:00,100280.64106870646
2025-07-19 11:16:00+00:00,100273.93682144777
2025-07-19 11:17:00+00:00,100272.93886097797
2025-07-19 11:18:00+00:00,100297.47845304314
2025-07-19 11:19:00+00:00,100307.20217044122
2025-07-19 11:20:00+00:00,100322.04363383829
2025-07-19 11:21:00+00:00,100325.03751524769
2025-07-19 11:22:00+00:00,100336.32214517547
2025-07-19 11:23:00+00:00,100335.88713676555
2025-07-19 11:24:00+00:00,100332.45824694623
2025-07-19 11:25:00+00:00,100336.39891136545
2025-07-19 11:26:00+00:00,100330.79497949655
2025-07-19 11:27:00+00:00,100338.42042103504
2025-07-19 11:28:00+00:00,100342.46344037425
2025-07-19 11:29:00+00:00,100345.58526543363
2025-07-19 11:30:00+00:00,100333.55856233601
2025-07-19 11:31:00+00:00,100335.19624105569
2025-07-19 11:32:00+00:00,100334.78682137578
2025-07-19 11:33:00+00:00,100333.30267503606
2025-07-19 11:34:00+00:00,100335.17065232569
2025-07-19 11:35:00+00:00,100335.34977343565
2025-07-19 11:36:00+00:00,100332.6373680562
2025-07-19 11:37:00+00:00,100335.37536216565
2025-07-19 11:38:00+00:00,100341.26077006449
2025-07-19 11:39:00+00:00,100340.97929403454
2025-07-19 11:40:00+00:00,100333.609739796
2025-07-19 11:41:00+00:00,100333.02119900612
2025-07-19 11:42:00+00:00,100333.02119900612
2025-07-19 11:43:00+00:00,100324.80721667774
2025-07-19 11:44:00+00:00,100335.78478184558
2025-07-19 11:45:00+00:00,100335.81037057556
2025-07-19 11:46:00+00:00,100332.30471456626
2025-07-19 11:47:00+00:00,100320.76419733853
2025-07-19 11:48:00+00:00,100325.13987016768
2025-07-19 11:49:00+00:00,100315.67204006953
2025-07-19 11:50:00+00:00,100304.15711157181
2025-07-19 11:51:00+00:00,100310.09369693065
2025-07-19 11:52:00+00:00,100311.8081418403
2025-07-19 11:53:00+00:00,100310.11928566064
2025-07-19 11:54:00+00:00,100310.04251947065
2025-07-19 11:55:00+00:00,100300.57468937253
2025-07-19 11:56:00+00:00,100307.12540425123
2025-07-19 11:57:00+00:00,100307.15099298122
2025-07-19 11:58:00+00:00,100303.10797364202
2025-07-19 11:59:00+00:00,100308.73749424091
2025-07-19 12:00:00+00:00,100308.76308297091
2025-07-19 12:01:00+00:00,100309.7866321707
2025-07-19 12:02:00+00:00,100303.64533697191
2025-07-19 12:03:00+00:00,100302.77532015208
2025-07-19 12:04:00+00:00,100303.15915110201
2025-07-19 12:05:00+00:00,100290.90214943443
2025-07-19 12:06:00+00:00,100290.90214943443
2025-07-19 12:07:00+00:00,100286.29617803534
2025-07-19 12:08:00+00:00,100291.77216625426
2025-07-19 12:09:00+00:00,100294.81722512367
2025-07-19 12:10:00+00:00,100288.29209897495
2025-07-19 12:11:00+00:00,100293.46102243393
2025-07-19 12:12:00+00:00,100285.55410486548
2025-07-19 12:13:00+00:00,100267.05345307913
2025-07-19 12:14:00+00:00,100277.28894507712
2025-07-19 12:15:00+00:00,100272.70856240802
2025-07-19 12:16:00+00:00,100270.63587527843
2025-07-19 12:17:00+00:00,100264.7248786496
2025-07-19 12:18:00+00:00,100279.10574490676
2025-07-19 12:19:00+00:00,100268.48642195886
2025-07-19 12:20:00+00:00,100271.40353717828
2025-07-19 12:21:00+00:00,100274.98595937758
2025-07-19 12:22:00+00:00,100285.70763724546
2025-07-19 12:23:00+00:00,100291.84893244425
2025-07-19 12:24:00+00:00,100292.23276339416
2025-07-19 12:25:00+00:00,100300.60027810252
2025-07-19 12:26:00+00:00,100305.69243537151
2025-07-19 12:27:00+00:00,100305.69243537151
2025-07-19 12:28:00+00:00,100305.66684664151
2025-07-19 12:29:00+00:00,100278.4404379269
2025-07-19 12:30:00+00:00,100289.31564817474
2025-07-19 12:31:00+00:00,100272.45267510807
2025-07-19 12:32:00+00:00,100268.66554306883
2025-07-19 12:33:00+00:00,100283.22553043594
2025-07-19 12:34:00+00:00,100286.21941184535
2025-07-19 12:35:00+00:00,100286.24500057535
2025-07-19 12:36:00+00:00,100268.66554306883
2025-07-19 12:37:00+00:00,100279.56634204667
2025-07-19 12:38:00+00:00,100273.45063557787
2025-07-19 12:39:00+00:00,100266.56726720923
2025-07-19 12:40:00+00:00,100273.3482806579
2025-07-19 12:41:00+00:00,100264.49458007964
2025-07-19 12:42:00+00:00,100267.71876005901
2025-07-19 12:43:00+00:00,100258.14857504089
2025-07-19 12:44:00+00:00,100259.86301995056
2025-07-19 12:45:00+00:00,100259.6071326506
2025-07-19 12:46:00+00:00,100272.17119907813
2025-07-19 12:47:00+00:00,100275.98391984738
2025-07-19 12:48:00+00:00,100276.00950857738
2025-07-19 12:49:00+00:00,100281.81815028623
2025-07-19 12:50:00+00:00,100284.27466836575
2025-07-19 12:51:00+00:00,100276.62363809726
2025-07-19 12:52:00+00:00,100279.89899553661
2025-07-19 12:53:00+00:00,100284.93997534561
2025-07-19 12:54:00+00:00,100288.29209897495
2025-07-19 12:55:00+00:00,100288.29209897495
2025-07-19 12:56:00+00:00,100283.66053884586
2025-07-19 12:57:00+00:00,100280.15488283655
2025-07-19 12:58:00+00:00,100280.12929410656
2025-07-19 12:59:00+00:00,100287.24296104515
2025-07-19 13:00:00+00:00,100284.22349090574
2025-07-19 13:01:00+00:00,100284.22349090574
2025-07-19 13:02:00+00:00,100290.0577213446
2025-07-19 13:03:00+00:00,100292.94924783403
2025-07-19 13:04:00+00:00,100290.85097197445
2025-07-19 13:05:00+00:00,100286.24500057535
2025-07-19 13:06:00+00:00,100273.98799890777
2025-07-19 13:07:00+00:00,100273.96241017777
2025-07-19 13:08:00+00:00,100268.33288957889
2025-07-19 13:09:00+00:00,100269.35643877869
2025-07-19 13:10:00+00:00,100286.42412168531
2025-07-19 13:11:00+00:00,100279.10574490676
2025-07-19 13:12:00+00:00,100286.44971041531
2025-07-19 13:13:00+00:00,100282.40669107612
2025-07-19 13:14:00+00:00,100286.70559771526
2025-07-19 13:15:00+00:00,100285.80999216544
2025-07-19 13:16:00+00:00,100292.94924783403
2025-07-19 13:17:00+00:00,100291.84893244425
2025-07-19 13:18:00+00:00,100291.46510149432
2025-07-19 13:19:00+00:00,100296.40372638335
2025-07-19 13:20:00+00:00,100292.36070704414
2025-07-19 13:21:00+00:00,100286.37294422532
2025-07-19 13:22:00+00:00,100282.15080377617
2025-07-19 13:23:00+00:00,100292.38629577414
2025-07-19 13:24:00+00:00,100289.21329325477
2025-07-19 13:25:00+00:00,100292.38629577414
2025-07-19 13:26:00+00:00,100290.36478610453
2025-07-19 13:27:00+00:00,100290.46714102452
2025-07-19 13:28:00+00:00,100290.21125372457
2025-07-19 13:29:00+00:00,100296.45490384333
2025-07-19 13:30:00+00:00,100296.42931511335
2025-07-19 13:31:00+00:00,100301.06087524243
2025-07-19 13:32:00+00:00,100303.41503840196
2025-07-19 13:33:00+00:00,100302.54502158213
2025-07-19 13:34:00+00:00,100302.54502158213
2025-07-19 13:35:00+00:00,100304.46417633175
2025-07-19 13:36:00+00:00,100304.28505522179
2025-07-19 13:37:00+00:00,100304.15711157181
2025-07-19 13:38:00+00:00,100305.61566918153
2025-07-19 13:39:00+00:00,100305.61566918153
2025-07-19 13:40:00+00:00,100303.95240173186
2025-07-19 13:41:00+00:00,100296.48049257333
2025-07-19 13:42:00+00:00,100287.44767088511
2025-07-19 13:43:00+00:00,100290.33919737455
2025-07-19 13:44:00+00:00,100295.12428988359
2025-07-19 13:45:00+00:00,100293.66573227389
2025-07-19 13:46:00+00:00,100293.43543370394
2025-07-19 13:47:00+00:00,100293.43543370394
2025-07-19 13:48:00+00:00,100287.26854977515
2025-07-19 13:49:00+00:00,100273.60416795785
2025-07-19 13:50:00+00:00,100270.30322178849
2025-07-19 13:51:00+00:00,100274.96037064758
2025-07-19 13:52:00+00:00,100270.40557670848
2025-07-19 13:53:00+00:00,100261.55187613022
2025-07-19 13:54:00+00:00,100259.09535805072
2025-07-19 13:55:00+00:00,100256.07588791131
2025-07-19 13:56:00+00:00,100251.70021508218
2025-07-19 13:57:00+00:00,100246.09628321328
2025-07-19 13:58:00+00:00,100265.7740165794
2025-07-19 13:59:00+00:00,100275.42096778749
2025-07-19 14:00:00+00:00,100283.17435297596
2025-07-19 14:01:00+00:00,100268.53759941885
2025-07-19 14:02:00+00:00,100268.84466417879
2025-07-19 14:03:00+00:00,100272.40149764808
2025-07-19 14:04:00+00:00,100284.17231344576
2025-07-19 14:05:00+00:00,100278.56838157687
2025-07-19 14:06:00+00:00,100275.44655651748
2025-07-19 14:07:00+00:00,100263.2151435799
2025-07-19 14:08:00+00:00,100268.84466417879
2025-07-19 14:09:00+00:00,100253.49142618182
2025-07-19 14:10:00+00:00,100251.95610238213
2025-07-19 14:11:00+00:00,100250.29283493245
2025-07-19 14:12:00+00:00,100246.32658178323
2025-07-19 14:13:00+00:00,100243.61417640376
2025-07-19 14:14:00+00:00,100238.29172056483
2025-07-19 14:15:00+00:00,100258.09739758092
2025-07-19 14:16:00+00:00,100254.07996697171
2025-07-19 14:17:00+00:00,100259.6071326506
2025-07-19 14:18:00+00:00,100258.50681726083
2025-07-19 14:19:00+00:00,100263.7269181798
2025-07-19 14:20:00+00:00,100254.54056411161
2025-07-19 14:21:00+00:00,100245.27744385344
2025-07-19 14:22:00+00:00,100249.88341525252
2025-07-19 14:23:00+00:00,100260.14449598051
2025-07-19 14:24:00+00:00,100257.76474409098
2025-07-19 14:25:00+00:00,100247.35013098303
2025-07-19 14:26:00+00:00,100235.3234278854
2025-07-19 14:27:00+00:00,100235.52813772537
2025-07-19 14:28:00+00:00,100210.29764995034
2025-07-19 14:29:00+00:00,100193.61379799365
2025-07-19 14:30:00+00:00,100220.50755321834
2025-07-19 14:31:00+00:00,100206.43375172111
2025-07-19 14:32:00+00:00,100195.66089639324
2025-07-19 14:33:00+00:00,100196.22384845313
2025-07-19 14:34:00+00:00,100193.10202339375
2025-07-19 14:35:00+00:00,100188.00986612475
2025-07-19 14:36:00+00:00,100193.43467688368
2025-07-19 14:37:00+00:00,100209.09497964059
2025-07-19 14:38:00+00:00,100178.82351205657
2025-07-19 14:39:00+00:00,100164.4426457994
2025-07-19 14:40:00+00:00,100149.60118240233
2025-07-19 14:41:00+00:00,100156.94514791088
2025-07-19 14:42:00+00:00,100160.32286027021
2025-07-19 14:43:00+00:00,100161.85818406992
2025-07-19 14:44:00+00:00,100173.6289998676
2025-07-19 14:45:00+00:00,100188.34251961469
2025-07-19 14:46:00+00:00,100174.78049271736
2025-07-19 14:47:00+00:00,100182.84094266576
2025-07-19 14:48:00+00:00,100149.37088383238
2025-07-19 14:49:00+00:00,100172.47750701781
2025-07-19 14:50:00+00:00,100166.9759300689
2025-07-19 14:51:00+00:00,100171.73543384796
2025-07-19 14:52:00+00:00,100170.0209889383
2025-07-19 14:53:00+00:00,100158.09664076066
2025-07-19 14:54:00+00:00,100163.26556421963
2025-07-19 14:55:00+00:00,100156.7916155309
2025-07-19 14:56:00+00:00,100150.11295700223
2025-07-19 14:57:00+00:00,100146.78642210289
2025-07-19 14:58:00+00:00,100137.29300327477
2025-07-19 14:59:00+00:00,100141.6686761039
2025-07-19 15:00:00+00:00,100151.11091747203
2025-07-19 15:01:00+00:00,100160.86022360012
2025-07-19 15:02:00+00:00,100158.30135060061
2025-07-19 15:03:00+00:00,100172.09367606789
2025-07-19 15:04:00+00:00,100172.0424986079
2025-07-19 15:05:00+00:00,100172.01690987792
2025-07-19 15:06:00+00:00,100178.77233459658
2025-07-19 15:07:00+00:00,100184.65774249542
2025-07-19 15:08:00+00:00,100181.63827235601
2025-07-19 15:09:00+00:00,100201.31600572212
2025-07-19 15:10:00+00:00,100213.16358770977
2025-07-19 15:11:00+00:00,100211.93532867002
2025-07-19 15:12:00+00:00,100209.5043993205
2025-07-19 15:13:00+00:00,100202.13484508196
2025-07-19 15:14:00+00:00,100201.80219159203
2025-07-19 15:15:00+00:00,100218.84428576866
2025-07-19 15:16:00+00:00,100237.62641358495
2025-07-19 15:17:00+00:00,100260.45156074045
2025-07-19 15:18:00+00:00,100272.17119907813
2025-07-19 15:19:00+00:00,100259.37683408066
2025-07-19 15:20:00+00:00,100268.35847830889
2025-07-19 15:21:00+00:00,100272.52944129806
2025-07-19 15:22:00+00:00,100267.18139672911
2025-07-19 15:23:00+00:00,100271.3779484483
2025-07-19 15:24:00+00:00,100270.91735130838
2025-07-19 15:25:00+00:00,100268.84466417879
2025-07-19 15:26:00+00:00,100262.2171831101
2025-07-19 15:27:00+00:00,100263.29190976988
2025-07-19 15:28:00+00:00,100274.98595937758
2025-07-19 15:29:00+00:00,100273.96241017777
2025-07-19 15:30:00+00:00,100274.14153128774
2025-07-19 15:31:00+00:00,100280.23164902654
2025-07-19 15:32:00+00:00,100256.35736394125
2025-07-19 15:33:00+00:00,100263.2151435799
2025-07-19 15:34:00+00:00,100263.7013294498
2025-07-19 15:35:00+00:00,100257.07384838111
2025-07-19 15:36:00+00:00,100261.06569026032
2025-07-19 15:37:00+00:00,100278.15896189694
2025-07-19 15:38:00+00:00,100280.10370537656
2025-07-19 15:39:00+00:00,100270.89176257838
2025-07-19 15:40:00+00:00,100281.12725457636
2025-07-19 15:41:00+00:00,100286.21941184535
2025-07-19 15:42:00+00:00,100281.12725457636
2025-07-19 15:43:00+00:00,100275.75362127743
2025-07-19 15:44:00+00:00,100280.76901235644
2025-07-19 15:45:00+00:00,100274.73007207763
2025-07-19 15:46:00+00:00,100272.96444970797
2025-07-19 15:47:00+00:00,100262.2171831101
2025-07-19 15:48:00+00:00,100266.79756577918
2025-07-19 15:49:00+00:00,100269.33085004869
2025-07-19 15:50:00+00:00,100258.55799472082
2025-07-19 15:51:00+00:00,100241.9509089541
2025-07-19 15:52:00+00:00,100238.11259945485
2025-07-19 15:53:00+00:00,100247.32454225303
2025-07-19 15:54:00+00:00,100247.14542114307
2025-07-19 15:55:00+00:00,100249.93459271253
2025-07-19 15:56:00+00:00,100246.86394511313
2025-07-19 15:57:00+00:00,100244.02359608369
2025-07-19 15:58:00+00:00,100244.02359608369
2025-07-19 15:59:00+00:00,100238.16377691485
2025-07-19 16:00:00+00:00,100235.83520248531
2025-07-19 16:01:00+00:00,100226.59767095713
2025-07-19 16:02:00+00:00,100213.24035389978
2025-07-19 16:03:00+00:00,100198.52683415267
2025-07-19 16:04:00+00:00,100192.02729673396
2025-07-19 16:05:00+00:00,100187.7539788248
2025-07-19 16:06:00+00:00,100203.23516047174
2025-07-19 16:07:00+00:00,100194.48381481347
2025-07-19 16:08:00+00:00,100197.75917225282
2025-07-19 16:09:00+00:00,100195.43059782329
2025-07-19 16:10:00+00:00,100198.55242288267
2025-07-19 16:11:00+00:00,100193.43467688368
2025-07-19 16:12:00+00:00,100204.38665332152
2025-07-19 16:13:00+00:00,100198.73154399263
2025-07-19 16:14:00+00:00,100198.55242288267
2025-07-19 16:15:00+00:00,100187.88192247477
2025-07-19 16:16:00+00:00,100208.19937409076
2025-07-19 16:17:00+00:00,100192.43671641388
2025-07-19 16:18:00+00:00,100200.54834382227
2025-07-19 16:19:00+00:00,100210.22088376037
2025-07-19 16:20:00+00:00,100197.14504273294
2025-07-19 16:21:00+00:00,100212.31915961995
2025-07-19 16:22:00+00:00,100215.33862975935
2025-07-19 16:23:00+00:00,100206.43375172111
2025-07-19 16:24:00+00:00,100212.01209486001
2025-07-19 16:25:00+00:00,100212.03768359001
2025-07-19 16:26:00+00:00,100214.46861293953
2025-07-19 16:27:00+00:00,100234.04399138567
2025-07-19 16:28:00+00:00,100263.85486182978
2025-07-19 16:29:00+00:00,100252.97965158192
2025-07-19 16:30:00+00:00,100254.25908808167
2025-07-19 16:31:00+00:00,100265.2622419795
2025-07-19 16:32:00+00:00,100261.14245645031
2025-07-19 16:33:00+00:00,100251.70021508218
2025-07-19 16:34:00+00:00,100229.97538331646
2025-07-19 16:35:00+00:00,100240.18528658446
2025-07-19 16:36:00+00:00,100253.49142618182
2025-07-19 16:37:00+00:00,100240.21087531444
2025-07-19 16:38:00+00:00,100252.621409362
2025-07-19 16:39:00+00:00,100246.30099305324
2025-07-19 16:40:00+00:00,100229.97538331646
2025-07-19 16:41:00+00:00,100226.64884841713
2025-07-19 16:42:00+00:00,100242.9488694239
2025-07-19 16:43:00+00:00,100245.81480718334
2025-07-19 16:44:00+00:00,100245.81480718334
2025-07-19 16:45:00+00:00,100249.39722938262
2025-07-19 16:46:00+00:00,100249.39722938262
2025-07-19 16:47:00+00:00,100261.6798197802
2025-07-19 16:48:00+00:00,100262.14041692011
2025-07-19 16:49:00+00:00,100255.56411331141
2025-07-19 16:50:00+00:00,100254.6173303016
2025-07-19 16:51:00+00:00,100244.4586044936
2025-07-19 16:52:00+00:00,100239.75027817453
2025-07-19 16:53:00+00:00,100231.45952965616
2025-07-19 16:54:00+00:00,100237.11463898505
2025-07-19 16:55:00+00:00,100238.62437405475
2025-07-19 16:56:00+00:00,100238.31730929481
2025-07-19 16:57:00+00:00,100223.29672478778
2025-07-19 16:58:00+00:00,100224.60175001752
2025-07-19 16:59:00+00:00,100219.10017306861
2025-07-19 17:00:00+00:00,100213.36829754974
2025-07-19 17:01:00+00:00,100211.52590899011
2025-07-19 17:02:00+00:00,100212.06327232
2025-07-19 17:03:00+00:00,100219.68871385849
2025-07-19 17:04:00+00:00,100210.0929401104
2025-07-19 17:05:00+00:00,100203.9004674516
2025-07-19 17:06:00+00:00,100201.80219159203
2025-07-19 17:07:00+00:00,100201.06011842217
2025-07-19 17:08:00+00:00,100201.67424794205
2025-07-19 17:09:00+00:00,100205.66608982126
2025-07-19 17:10:00+00:00,100197.47769622288
2025-07-19 17:11:00+00:00,100201.80219159203
2025-07-19 17:12:00+00:00,100204.13076602157
2025-07-19 17:13:00+00:00,100194.66293592344
2025-07-19 17:14:00+00:00,100196.19825972314
2025-07-19 17:15:00+00:00,100204.36106459152
2025-07-19 17:16:00+00:00,100196.71003432304
2025-07-19 17:17:00+00:00,100198.24535812273
2025-07-19 17:18:00+00:00,100203.08162809178
2025-07-19 17:19:00+00:00,100193.12761212373
2025-07-19 17:20:00+00:00,100193.10202339375
2025-07-19 17:21:00+00:00,100201.23923953214
2025-07-19 17:22:00+00:00,100191.56669959406
2025-07-19 17:23:00+00:00,100190.49197293425
2025-07-19 17:24:00+00:00,100188.2913421547
2025-07-19 17:25:00+00:00,100182.27799060589
2025-07-19 17:26:00+00:00,100182.43152298585
2025-07-19 17:27:00+00:00,100174.83167017734
2025-07-19 17:28:00+00:00,100184.17155662552
2025-07-19 17:29:00+00:00,100182.66182155581
2025-07-19 17:30:00+00:00,100182.66182155581
2025-07-19 17:31:00+00:00,100177.21142206687
2025-07-19 17:32:00+00:00,100178.26055999668
2025-07-19 17:33:00+00:00,100173.47546748762
2025-07-19 17:34:00+00:00,100173.42429002763
2025-07-19 17:35:00+00:00,100172.37515209784
2025-07-19 17:36:00+00:00,100167.28299482884
2025-07-19 17:37:00+00:00,100163.41909659961
2025-07-19 17:38:00+00:00,100159.60637583036
2025-07-19 17:39:00+00:00,100160.8858123301
2025-07-19 17:40:00+00:00,100160.86022360012
2025-07-19 17:41:00+00:00,100165.36384007923
2025-07-19 17:42:00+00:00,100167.4365272088
2025-07-19 17:43:00+00:00,100168.74155243856
2025-07-19 17:44:00+00:00,100177.21142206687
2025-07-19 17:45:00+00:00,100188.7263505646
2025-07-19 17:46:00+00:00,100177.87672904675
2025-07-19 17:47:00+00:00,100178.77233459658
2025-07-19 17:48:00+00:00,100181.30561886607
2025-07-19 17:49:00+00:00,100169.25332703846
2025-07-19 17:50:00+00:00,100170.94218321811
2025-07-19 17:51:00+00:00,100185.93717899515
2025-07-19 17:52:00+00:00,100185.1951058253
2025-07-19 17:53:00+00:00,100185.47658185524
2025-07-19 17:54:00+00:00,100185.45099312525
2025-07-19 17:55:00+00:00,100173.50105621762
2025-07-19 17:56:00+00:00,100156.84279299091
2025-07-19 17:57:00+00:00,100170.76306210816
2025-07-19 17:58:00+00:00,100174.1151857375
2025-07-19 17:59:00+00:00,100176.44376016704
2025-07-19 18:00:00+00:00,100161.3719982
2025-07-19 18:01:00+00:00,100183.83890313558
2025-07-19 18:02:00+00:00,100184.32508900548
2025-07-19 18:03:00+00:00,100178.54203602663
2025-07-19 18:04:00+00:00,100181.84298219596
2025-07-19 18:05:00+00:00,100200.01098049237
2025-07-19 18:06:00+00:00,100204.9751941114
2025-07-19 18:07:00+00:00,100205.66608982126
2025-07-19 18:08:00+00:00,100208.9926247206
2025-07-19 18:09:00+00:00,100198.55242288267
2025-07-19 18:10:00+00:00,100208.40408393073
2025-07-19 18:11:00+00:00,100205.38461379132
2025-07-19 18:12:00+00:00,100210.9885456602
2025-07-19 18:13:00+00:00,100210.9885456602
2025-07-19 18:14:00+00:00,100210.0929401104
2025-07-19 18:15:00+00:00,100218.17897878878
2025-07-19 18:16:00+00:00,100211.52590899011
2025-07-19 18:17:00+00:00,100215.0571537294
2025-07-19 18:18:00+00:00,100203.08162809178
2025-07-19 18:19:00+00:00,100184.37626646546
2025-07-19 18:20:00+00:00,100200.26686779232
2025-07-19 18:21:00+00:00,100202.82574079183
2025-07-19 18:22:00+00:00,100219.48400401854
2025-07-19 18:23:00+00:00,100210.63030344028
2025-07-19 18:24:00+00:00,100218.6651646587
2025-07-19 18:25:00+00:00,100216.89954228904
2025-07-19 18:26:00+00:00,100209.68352043047
2025-07-19 18:27:00+00:00,100215.0827424594
2025-07-19 18:28:00+00:00,100207.40612346091
2025-07-19 18:29:00+00:00,100203.38869285172
2025-07-19 18:30:00+00:00,100214.0847819896
2025-07-19 18:31:00+00:00,100220.96815035824
2025-07-19 18:32:00+00:00,100218.43486608873
2025-07-19 18:33:00+00:00,100217.6672041889
2025-07-19 18:34:00+00:00,100221.40315876815
2025-07-19 18:35:00+00:00,100210.80942455024
2025-07-19 18:36:00+00:00,100220.71226305829
2025-07-19 18:37:00+00:00,100220.71226305829
2025-07-19 18:38:00+00:00,100221.60786860812
2025-07-19 18:39:00+00:00,100230.46156918636
2025-07-19 18:40:00+00:00,100230.94775505627
2025-07-19 18:41:00+00:00,100221.09609400822
2025-07-19 18:42:00+00:00,100220.22607718839
2025-07-19 18:43:00+00:00,100220.25166591839
2025-07-19 18:44:00+00:00,100208.94144726061
2025-07-19 18:45:00+00:00,100217.59043799891
2025-07-19 18:46:00+00:00,100214.46861293953
2025-07-19 18:47:00+00:00,100193.92086275358
2025-07-19 18:48:00+00:00,100200.16451287235
2025-07-19 18:49:00+00:00,100195.12353306334
2025-07-19 18:50:00+00:00,100194.94441195339
2025-07-19 18:51:00+00:00,100192.53907133386
2025-07-19 18:52:00+00:00,100201.26482826212
2025-07-19 18:53:00+00:00,100195.66089639324
2025-07-19 18:54:00+00:00,100197.19622019294
2025-07-19 18:55:00+00:00,100193.2555557737
2025-07-19 18:56:00+00:00,100192.18082911393
2025-07-19 18:57:00+00:00,100186.73042962501
2025-07-19 18:58:00+00:00,100183.89008059556
2025-07-19 18:59:00+00:00,100188.95664913456
2025-07-19 19:00:00+00:00,100188.54722945465
2025-07-19 19:01:00+00:00,100189.46842373446
2025-07-19 19:02:00+00:00,100203.05603936178
2025-07-19 19:03:00+00:00,100194.12557259353
2025-07-19 19:04:00+00:00,100191.05492499415
2025-07-19 19:05:00+00:00,100185.57893677523
2025-07-19 19:06:00+00:00,100153.69537920153
2025-07-19 19:07:00+00:00,100150.11295700223
2025-07-19 19:08:00+00:00,100153.18360460163
2025-07-19 19:09:00+00:00,100140.90101420405
2025-07-19 19:10:00+00:00,100146.53053480294
2025-07-19 19:11:00+00:00,100132.20084600577
2025-07-19 19:12:00+00:00,100147.27260797279
2025-07-19 19:13:00+00:00,100151.90416810187
2025-07-19 19:14:00+00:00,100156.7916155309
2025-07-19 19:15:00+00:00,100167.23181736885
2025-07-19 19:16:00+00:00,100171.556312738
2025-07-19 19:17:00+00:00,100171.32601416804
2025-07-19 19:18:00+00:00,100172.83574923774
2025-07-19 19:19:00+00:00,100170.35364242824
2025-07-19 19:20:00+00:00,100171.58190146799
2025-07-19 19:21:00+00:00,100167.4877046688
2025-07-19 19:22:00+00:00,100171.09571559809
2025-07-19 19:23:00+00:00,100174.44783922743
2025-07-19 19:24:00+00:00,100174.44783922743
2025-07-19 19:25:00+00:00,100168.5624313286
2025-07-19 19:26:00+00:00,100177.6464304768
2025-07-19 19:27:00+00:00,100178.03026142673
2025-07-19 19:28:00+00:00,100187.2933816849
2025-07-19 19:29:00+00:00,100187.08867184493
2025-07-19 19:30:00+00:00,100190.15931944433
2025-07-19 19:31:00+00:00,100192.59024879384
2025-07-19 19:32:00+00:00,100193.61379799365
2025-07-19 19:33:00+00:00,100197.9382933628
2025-07-19 19:34:00+00:00,100199.24331859253
2025-07-19 19:35:00+00:00,100205.74285601125
2025-07-19 19:36:00+00:00,100211.62826391008
2025-07-19 19:37:00+00:00,100219.71430258849
2025-07-19 19:38:00+00:00,100219.71430258849
2025-07-19 19:39:00+00:00,100224.80645985749
2025-07-19 19:40:00+00:00,100222.78495018788
2025-07-19 19:41:00+00:00,100228.44005951677
2025-07-19 19:42:00+00:00,100248.88545478272
2025-07-19 19:43:00+00:00,100260.1956734405
2025-07-19 19:44:00+00:00,100255.51293585142
2025-07-19 19:45:00+00:00,100249.93459271253
2025-07-19 19:46:00+00:00,100233.50662805577
2025-07-19 19:47:00+00:00,100228.38888205678
2025-07-19 19:48:00+00:00,100230.94775505627
2025-07-19 19:49:00+00:00,100234.01840265567
2025-07-19 19:50:00+00:00,100238.59878532476
2025-07-19 19:51:00+00:00,100239.64792325455
2025-07-19 19:52:00+00:00,100222.78495018788
2025-07-19 19:53:00+00:00,100219.81665750846
2025-07-19 19:54:00+00:00,100226.08589635722
2025-07-19 19:55:00+00:00,100235.06754058546
2025-07-19 19:56:00+00:00,100222.29876431798
2025-07-19 19:57:00+00:00,100225.36941191737
2025-07-19 19:58:00+00:00,100223.80849938768
2025-07-19 19:59:00+00:00,100226.34178365718
2025-07-19 20:00:00+00:00,100223.29672478778
2025-07-19 20:01:00+00:00,100216.6436549891
2025-07-19 20:02:00+00:00,100218.40927735875
2025-07-19 20:03:00+00:00,100223.52702335773
2025-07-19 20:04:00+00:00,100220.25166591839
2025-07-19 20:05:00+00:00,100230.02656077646
2025-07-19 20:06:00+00:00,100243.76770878374
2025-07-19 20:07:00+00:00,100255.41058093144
2025-07-19 20:08:00+00:00,100246.35217051323
2025-07-19 20:09:00+00:00,100238.64996278475
2025-07-19 20:10:00+00:00,100234.3254674156
2025-07-19 20:11:00+00:00,100241.20883578424
2025-07-19 20:12:00+00:00,100237.370526285
2025-07-19 20:13:00+00:00,100229.43801998657
2025-07-19 20:14:00+00:00,100228.59359189673
2025-07-19 20:15:00+00:00,100213.5730073897
2025-07-19 20:16:00+00:00,100213.5730073897
2025-07-19 20:17:00+00:00,100200.85540858221
2025-07-19 20:18:00+00:00,100199.78068192242
2025-07-19 20:19:00+00:00,100211.29561042014
2025-07-19 20:20:00+00:00,100210.14411757038
2025-07-19 20:21:00+00:00,100212.01209486001
2025-07-19 20:22:00+00:00,100211.50032026011
2025-07-19 20:23:00+00:00,100210.63030344028
2025-07-19 20:24:00+00:00,100219.50959274852
2025-07-19 20:25:00+00:00,100206.30580807113
2025-07-19 20:26:00+00:00,100214.23831436958
2025-07-19 20:27:00+00:00,100219.68871385849
2025-07-19 20:28:00+00:00,100226.85355825708
2025-07-19 20:29:00+00:00,100226.41854984716
2025-07-19 20:30:00+00:00,100226.39296111718
2025-07-19 20:31:00+00:00,100216.87395355904
2025-07-19 20:32:00+00:00,100217.155429589
2025-07-19 20:33:00+00:00,100214.1103707196
2025-07-19 20:34:00+00:00,100214.1103707196
2025-07-19 20:35:00+00:00,100215.38980721934
2025-07-19 20:36:00+00:00,100209.60675424049
2025-07-19 20:37:00+00:00,100217.155429589
2025-07-19 20:38:00+00:00,100216.6436549891
2025-07-19 20:39:00+00:00,100215.15950864939
2025-07-19 20:40:00+00:00,100217.6672041889
2025-07-19 20:41:00+00:00,100219.20252798859
2025-07-19 20:42:00+00:00,100218.33251116876
2025-07-19 20:43:00+00:00,100220.6610855983
2025-07-19 20:44:00+00:00,100220.43078702835
2025-07-19 20:45:00+00:00,100214.5709678595
2025-07-19 20:46:00+00:00,100219.68871385849
2025-07-19 20:47:00+00:00,100219.68871385849
2025-07-19 20:48:00+00:00,100229.92420585647
2025-07-19 20:49:00+00:00,100234.55576598555
2025-07-19 20:50:00+00:00,100231.45952965616
2025-07-19 20:51:00+00:00,100233.53221678577
2025-07-19 20:52:00+00:00,100235.04195185546
2025-07-19 20:53:00+00:00,100224.49939509755
2025-07-19 20:54:00+00:00,100227.36533285698
2025-07-19 20:55:00+00:00,100220.30284337838
2025-07-19 20:56:00+00:00,100204.4378307815
2025-07-19 20:57:00+00:00,100171.09571559809
2025-07-19 20:58:00+00:00,100158.32693933061
2025-07-19 20:59:00+00:00,100151.90416810187
2025-07-19 21:00:00+00:00,100147.04230940284
2025-07-19 21:01:00+00:00,100176.69964746697
2025-07-19 21:02:00+00:00,100158.50606044057
2025-07-19 21:03:00+00:00,100152.69741873172
2025-07-19 21:04:00+00:00,100145.04638846323
2025-07-19 21:05:00+00:00,100151.290038582
2025-07-19 21:06:00+00:00,100161.34640947002
2025-07-19 21:07:00+00:00,100154.18156507143
2025-07-19 21:08:00+00:00,100174.67813779738
2025-07-19 21:09:00+00:00,100163.85410500952
2025-07-19 21:10:00+00:00,100178.77233459658
2025-07-19 21:11:00+00:00,100178.77233459658
2025-07-19 21:12:00+00:00,100134.04323456541
2025-07-19 21:13:00+00:00,100117.89674593859
2025-07-19 21:14:00+00:00,100123.57744399748
2025-07-19 21:15:00+00:00,100141.28484515398
2025-07-19 21:16:00+00:00,100112.7789999396
2025-07-19 21:17:00+00:00,100101.00818414193
2025-07-19 21:18:00+00:00,100096.88839861273
2025-07-19 21:19:00+00:00,100081.76545918573
2025-07-19 21:20:00+00:00,100111.93457184976
2025-07-19 21:21:00+00:00,100072.86058114748
2025-07-19 21:22:00+00:00,100069.04786037824
2025-07-19 21:23:00+00:00,100078.23421444642
2025-07-19 21:24:00+00:00,100052.69666191147
2025-07-19 21:25:00+00:00,100045.71093862285
2025-07-19 21:26:00+00:00,100054.41110682112
2025-07-19 21:27:00+00:00,100071.09495877783
2025-07-19 21:28:00+00:00,100102.54350794162
2025-07-19 21:29:00+00:00,100144.99521100325
2025-07-19 21:30:00+00:00,100094.84130021314
2025-07-19 21:31:00+00:00,100081.53516061578
2025-07-19 21:32:00+00:00,100085.09199408507
2025-07-19 21:33:00+00:00,100094.32952561326
2025-07-19 21:34:00+00:00,100106.10034141093
2025-07-19 21:35:00+00:00,100116.8220192788
2025-07-19 21:36:00+00:00,100123.98686367739
2025-07-19 21:37:00+00:00,100104.30913031127
2025-07-19 21:38:00+00:00,100102.00614461173
2025-07-19 21:39:00+00:00,100116.79643054881
2025-07-19 21:40:00+00:00,100104.10442047131
2025-07-19 21:41:00+00:00,100102.44115302165
2025-07-19 21:42:00+00:00,100103.02969381152
2025-07-19 21:43:00+00:00,100093.0500891135
2025-07-19 21:44:00+00:00,100091.0285794439
2025-07-19 21:45:00+00:00,100100.95700668194
2025-07-19 21:46:00+00:00,100111.47397470986
2025-07-19 21:47:00+00:00,100115.15875182913
2025-07-19 21:48:00+00:00,100118.58764164845
2025-07-19 21:49:00+00:00,100122.09329765776
2025-07-19 21:50:00+00:00,100125.5221874771
2025-07-19 21:51:00+00:00,100130.58875601608
2025-07-19 21:52:00+00:00,100128.87431110643
2025-07-19 21:53:00+00:00,100147.14466432281
2025-07-19 21:54:00+00:00,100140.54277198412
2025-07-19 21:55:00+00:00,100147.01672067284
2025-07-19 21:56:00+00:00,100146.76083337289
2025-07-19 21:57:00+00:00,100149.06381907244
2025-07-19 21:58:00+00:00,100160.32286027021
2025-07-19 21:59:00+00:00,100146.01876020303
2025-07-19 22:00:00+00:00,100135.78326820506
2025-07-19 22:01:00+00:00,100129.64197300628
2025-07-19 22:02:00+00:00,100118.8691176784
2025-07-19 22:03:00+00:00,100118.89470640839
2025-07-19 22:04:00+00:00,100106.30505125088
2025-07-19 22:05:00+00:00,100119.48324719828
2025-07-19 22:06:00+00:00,100132.17525727577
2025-07-19 22:07:00+00:00,100126.69926905686
2025-07-19 22:08:00+00:00,100137.77918914467
2025-07-19 22:09:00+00:00,100143.02487879363
2025-07-19 22:10:00+00:00,100152.7741849217
2025-07-19 22:11:00+00:00,100165.4406062692
2025-07-19 22:12:00+00:00,100167.35976101883
2025-07-19 22:13:00+00:00,100161.16728836004
2025-07-19 22:14:00+00:00,100163.90528246951
2025-07-19 22:15:00+00:00,100155.99836490107
2025-07-19 22:16:00+00:00,100157.76398727072
2025-07-19 22:17:00+00:00,100164.41705706941
2025-07-19 22:18:00+00:00,100171.07012686809
2025-07-19 22:19:00+00:00,100168.92067354852
2025-07-19 22:20:00+00:00,100173.0660478077
2025-07-19 22:21:00+00:00,100146.47935734295
2025-07-19 22:22:00+00:00,100151.90416810187
2025-07-19 22:23:00+00:00,100158.30135060061
2025-07-19 22:24:00+00:00,100162.9584994597
2025-07-19 22:25:00+00:00,100162.9584994597
2025-07-19 22:26:00+00:00,100152.16005540182
2025-07-19 22:27:00+00:00,100160.80904614012
2025-07-19 22:28:00+00:00,100160.34844900022
2025-07-19 22:29:00+00:00,100150.62473160213
2025-07-19 22:30:00+00:00,100152.67183000172
2025-07-19 22:31:00+00:00,100157.76398727072
2025-07-19 22:32:00+00:00,100154.18156507143
2025-07-19 22:33:00+00:00,100152.67183000172
2025-07-19 22:34:00+00:00,100163.36791913962
2025-07-19 22:35:00+00:00,100163.39350786961
2025-07-19 22:36:00+00:00,100162.90732199971
2025-07-19 22:37:00+00:00,100162.08848263987
2025-07-19 22:38:00+00:00,100157.27780140082
2025-07-19 22:39:00+00:00,100158.78753647051
2025-07-19 22:40:00+00:00,100163.36791913962
2025-07-19 22:41:00+00:00,100177.21142206687
2025-07-19 22:42:00+00:00,100173.68017732758
2025-07-19 22:43:00+00:00,100184.88804106537
2025-07-19 22:44:00+00:00,100182.32916806587
2025-07-19 22:45:00+00:00,100180.05177109632
2025-07-19 22:46:00+00:00,100175.21550112727
2025-07-19 22:47:00+00:00,100180.81943299617
2025-07-19 22:48:00+00:00,100180.53795696622
2025-07-19 22:49:00+00:00,100182.86653139576
2025-07-19 22:50:00+00:00,100178.03026142673
2025-07-19 22:51:00+00:00,100179.53999649642
2025-07-19 22:52:00+00:00,100179.56558522642
2025-07-19 22:53:00+00:00,100185.60452550522
2025-07-19 22:54:00+00:00,100185.14392836532
2025-07-19 22:55:00+00:00,100178.18379380669
2025-07-19 22:56:00+00:00,100175.82963064715
2025-07-19 22:57:00+00:00,100175.82963064715
2025-07-19 22:58:00+00:00,100171.09571559809
2025-07-19 22:59:00+00:00,100170.14893258827
2025-07-19 23:00:00+00:00,100165.9779695991
2025-07-19 23:01:00+00:00,100160.8858123301
2025-07-19 23:02:00+00:00,100164.4682345294
2025-07-19 23:03:00+00:00,100168.33213275863
2025-07-19 23:04:00+00:00,100175.0363800173
2025-07-19 23:05:00+00:00,100173.6289998676
2025-07-19 23:06:00+00:00,100177.18583333689
2025-07-19 23:07:00+00:00,100183.89008059556
2025-07-19 23:08:00+00:00,100177.74878539678
2025-07-19 23:09:00+00:00,100178.72115713658
2025-07-19 23:10:00+00:00,100171.60749019799
2025-07-19 23:11:00+00:00,100179.77029506638
2025-07-19 23:12:00+00:00,100185.29746074529
2025-07-19 23:13:00+00:00,100190.54315039425
2025-07-19 23:14:00+00:00,100201.52071556207
2025-07-19 23:15:00+00:00,100188.16339850472
2025-07-19 23:16:00+00:00,100190.15931944433
2025-07-19 23:17:00+00:00,100182.61064409581
2025-07-19 23:18:00+00:00,100178.79792332657
2025-07-19 23:19:00+00:00,100178.79792332657
2025-07-19 23:20:00+00:00,100170.48158607821
2025-07-19 23:21:00+00:00,100172.32397463784
2025-07-19 23:22:00+00:00,100170.09775512828
2025-07-19 23:23:00+00:00,100166.51533292899
2025-07-19 23:24:00+00:00,100171.07012686809
2025-07-19 23:25:00+00:00,100165.00559785929
2025-07-19 23:26:00+00:00,100157.81516473071
2025-07-19 23:27:00+00:00,100176.18787286709
2025-07-19 23:28:00+00:00,100171.76102257796
2025-07-19 23:29:00+00:00,100171.91455495793
2025-07-19 23:30:00+00:00,100181.56150616602
2025-07-19 23:31:00+00:00,100184.04361297554
2025-07-19 23:32:00+00:00,100184.14596789551
2025-07-19 23:33:00+00:00,100190.2872630943
2025-07-19 23:34:00+00:00,100196.68444559304
2025-07-19 23:35:00+00:00,100206.38257426112
2025-07-19 23:36:00+00:00,100197.37534130289
2025-07-19 23:37:00+00:00,100186.47454232506
2025-07-19 23:38:00+00:00,100179.74470633638
2025-07-19 23:39:00+00:00,100183.89008059556
2025-07-19 23:40:00+00:00,100183.89008059556
2025-07-19 23:41:00+00:00,100174.19195192748
2025-07-19 23:42:00+00:00,100174.65254906738
2025-07-19 23:43:00+00:00,100176.72523619697
2025-07-19 23:44:00+00:00,100174.44783922743
2025-07-19 23:45:00+00:00,100174.57578287741
2025-07-19 23:46:00+00:00,100182.58505536582
2025-07-19 23:47:00+00:00,100176.18787286709
2025-07-19 23:48:00+00:00,100190.00578706435
2025-07-19 23:49:00+00:00,100181.43356251605
2025-07-19 23:50:00+00:00,100179.77029506638
2025-07-19 23:51:00+00:00,100189.00782659455
2025-07-19 23:52:00+00:00,100190.00578706435
2025-07-19 23:53:00+00:00,100182.81535393577
2025-07-19 23:54:00+00:00,100187.98427739475
2025-07-19 23:55:00+00:00,100194.12557259353
2025-07-19 23:56:00+00:00,100194.09998386355
2025-07-19 23:57:00+00:00,100196.09590480315
2025-07-19 23:58:00+00:00,100196.09590480315
2025-07-19 23:59:00+00:00,100183.42948345565
2025-07-20 00:00:00+00:00,100186.98631692494
2025-07-20 00:01:00+00:00,100182.25240187588
2025-07-20 00:02:00+00:00,100187.16543803492
2025-07-20 00:03:00+00:00,100187.70280136481
2025-07-20 00:04:00+00:00,100174.67813779738
2025-07-20 00:05:00+00:00,100169.07420592848
2025-07-20 00:06:00+00:00,100174.5246054174
2025-07-20 00:07:00+00:00,100166.28503435904
2025-07-20 00:08:00+00:00,100161.3719982
2025-07-20 00:09:00+00:00,100157.78957600071
2025-07-20 00:10:00+00:00,100154.36068618139
2025-07-20 00:11:00+00:00,100148.06585860264
2025-07-20 00:12:00+00:00,100146.76083337289
2025-07-20 00:13:00+00:00,100156.48455077097
2025-07-20 00:14:00+00:00,100148.06585860264
2025-07-20 00:15:00+00:00,100148.09144733264
2025-07-20 00:16:00+00:00,100158.27576187062
2025-07-20 00:17:00+00:00,100166.464155469
2025-07-20 00:18:00+00:00,100167.25740609886
2025-07-20 00:19:00+00:00,100170.50717480821
2025-07-20 00:20:00+00:00,100169.30450449845
2025-07-20 00:21:00+00:00,100166.9759300689
2025-07-20 00:22:00+00:00,100165.82443721913
2025-07-20 00:23:00+00:00,100169.5348030684
2025-07-20 00:24:00+00:00,100161.8837727999
2025-07-20 00:25:00+00:00,100152.69741873172
2025-07-20 00:26:00+00:00,100161.8837727999
2025-07-20 00:27:00+00:00,100140.33806214416
2025-07-20 00:28:00+00:00,100144.53461386333
2025-07-20 00:29:00+00:00,100136.83240613485
2025-07-20 00:30:00+00:00,100142.89693514365
2025-07-20 00:31:00+00:00,100138.85391580446
2025-07-20 00:32:00+00:00,100138.29096374457
2025-07-20 00:33:00+00:00,100149.57559367234
2025-07-20 00:34:00+00:00,100149.11499653243
2025-07-20 00:35:00+00:00,100155.64012268114
2025-07-20 00:36:00+00:00,100156.20307474103
2025-07-20 00:37:00+00:00,100163.39350786961
2025-07-20 00:38:00+00:00,100167.4877046688
2025-07-20 00:39:00+00:00,100162.16524882986
2025-07-20 00:40:00+00:00,100157.30339013081
2025-07-20 00:41:00+00:00,100154.48862983136
2025-07-20 00:42:00+00:00,100152.21123286182
2025-07-20 00:43:00+00:00,100141.6430873739
2025-07-20 00:44:00+00:00,100142.97370133364
2025-07-20 00:45:00+00:00,100146.76083337289
2025-07-20 00:46:00+00:00,100153.2859595216
2025-07-20 00:47:00+00:00,100159.01783504047
2025-07-20 00:48:00+00:00,100172.88692669774
2025-07-20 00:49:00+00:00,100173.6289998676
2025-07-20 00:50:00+00:00,100171.07012686809
2025-07-20 00:51:00+00:00,100190.03137579435
2025-07-20 00:52:00+00:00,100208.96703599062
2025-07-20 00:53:00+00:00,100203.79811253163
2025-07-20 00:54:00+00:00,100208.17378536076
2025-07-20 00:55:00+00:00,100225.08793588742
2025-07-20 00:56:00+00:00,100219.71430258849
2025-07-20 00:57:00+00:00,100223.55261208773
2025-07-20 00:58:00+00:00,100208.45526139071
2025-07-20 00:59:00+00:00,100210.19529503037
2025-07-20 01:00:00+00:00,100198.70595526263
2025-07-20 01:01:00+00:00,100207.43171219091
2025-07-20 01:02:00+00:00,100206.89434886102
2025-07-20 01:03:00+00:00,100217.20660704898
2025-07-20 01:04:00+00:00,100221.27521511818
2025-07-20 01:05:00+00:00,100232.48307885596
2025-07-20 01:06:00+00:00,100231.99689298606
2025-07-20 01:07:00+00:00,100228.38888205678
2025-07-20 01:08:00+00:00,100233.02044218587
2025-07-20 01:09:00+00:00,100227.67239761692
2025-07-20 01:10:00+00:00,100223.93644303766
2025-07-20 01:11:00+00:00,100208.55761631069
2025-07-20 01:12:00+00:00,100225.2414682674
2025-07-20 01:13:00+00:00,100226.7767920671
2025-07-20 01:14:00+00:00,100223.83408811767
2025-07-20 01:15:00+00:00,100233.50662805577
2025-07-20 01:16:00+00:00,100234.04399138567
2025-07-20 01:17:00+00:00,100239.64792325455
2025-07-20 01:18:00+00:00,100238.64996278475
2025-07-20 01:19:00+00:00,100231.99689298606
2025-07-20 01:20:00+00:00,100240.59470626437
2025-07-20 01:21:00+00:00,100249.72988287256
2025-07-20 01:22:00+00:00,100257.58562298102
2025-07-20 01:23:00+00:00,100259.6071326506
2025-07-20 01:24:00+00:00,100255.00116125152
2025-07-20 01:25:00+00:00,100247.478074633
2025-07-20 01:26:00+00:00,100253.28671634186
2025-07-20 01:27:00+00:00,100232.12483663604
2025-07-20 01:28:00+00:00,100228.69594681672
2025-07-20 01:29:00+00:00,100223.32231351778
2025-07-20 01:30:00+00:00,100226.08589635722
2025-07-20 01:31:00+00:00,100232.50866758596
2025-07-20 01:32:00+00:00,100232.48307885596
2025-07-20 01:33:00+00:00,100230.94775505627
2025-07-20 01:34:00+00:00,100237.60082485495
2025-07-20 01:35:00+00:00,100235.06754058546
2025-07-20 01:36:00+00:00,100218.94664068863
2025-07-20 01:37:00+00:00,100218.71634211869
2025-07-20 01:38:00+00:00,100222.247586858
2025-07-20 01:39:00+00:00,100221.24962638819
2025-07-20 01:40:00+00:00,100229.94979458647
2025-07-20 01:41:00+00:00,100234.4022336056
2025-07-20 01:42:00+00:00,100224.85763731747
2025-07-20 01:43:00+00:00,100231.68982822612
2025-07-20 01:44:00+00:00,100226.11148508723
2025-07-20 01:45:00+00:00,100231.22923108621
2025-07-20 01:46:00+00:00,100234.55576598555
2025-07-20 01:47:00+00:00,100235.55372645536
2025-07-20 01:48:00+00:00,100232.96926472586
2025-07-20 01:49:00+00:00,100227.16062301701
2025-07-20 01:50:00+00:00,100228.64476935673
2025-07-20 01:51:00+00:00,100228.69594681672
2025-07-20 01:52:00+00:00,100226.16266254721
2025-07-20 01:53:00+00:00,100226.16266254721
2025-07-20 01:54:00+00:00,100210.5279485203
2025-07-20 01:55:00+00:00,100206.40816299111
2025-07-20 01:56:00+00:00,100214.51979039951
2025-07-20 01:57:00+00:00,100211.03972312021
2025-07-20 01:58:00+00:00,100211.0141343902
2025-07-20 01:59:00+00:00,100211.0141343902
2025-07-20 02:00:00+00:00,100187.42132533487
2025-07-20 02:01:00+00:00,100200.85540858221
2025-07-20 02:02:00+00:00,100204.84725046142
2025-07-20 02:03:00+00:00,100211.29561042014
2025-07-20 02:04:00+00:00,100199.9598030324
2025-07-20 02:05:00+00:00,100194.63734719343
2025-07-20 02:06:00+00:00,100192.59024879384
2025-07-20 02:07:00+00:00,100192.59024879384
2025-07-20 02:08:00+00:00,100187.49809152485
2025-07-20 02:09:00+00:00,100184.32508900548
2025-07-20 02:10:00+00:00,100177.44172063684
2025-07-20 02:11:00+00:00,100180.05177109632
2025-07-20 02:12:00+00:00,100190.7478602342
2025-07-20 02:13:00+00:00,100195.37942036329
2025-07-20 02:14:00+00:00,100199.75509319243
2025-07-20 02:15:00+00:00,100199.75509319243
2025-07-20 02:16:00+00:00,100202.82574079183
2025-07-20 02:17:00+00:00,100204.36106459152
2025-07-20 02:18:00+00:00,100206.56169537109
2025-07-20 02:19:00+00:00,100194.12557259353
2025-07-20 02:20:00+00:00,100191.56669959406
2025-07-20 02:21:00+00:00,100199.32008478252
2025-07-20 02:22:00+00:00,100203.97723364159
2025-07-20 02:23:00+00:00,100198.06623701277
2025-07-20 02:24:00+00:00,100201.21365080214
2025-07-20 02:25:00+00:00,100191.56669959406
2025-07-20 02:26:00+00:00,100187.52368025485
2025-07-20 02:27:00+00:00,100186.47454232506
2025-07-20 02:28:00+00:00,100178.79792332657
2025-07-20 02:29:00+00:00,100174.5501941474
2025-07-20 02:30:00+00:00,100182.35475679586
2025-07-20 02:31:00+00:00,100192.99966847376
2025-07-20 02:32:00+00:00,100189.49401246445
2025-07-20 02:33:00+00:00,100197.3497525729
2025-07-20 02:34:00+00:00,100204.36106459152
2025-07-20 02:35:00+00:00,100192.99966847376
2025-07-20 02:36:00+00:00,100203.08162809178
2025-07-20 02:37:00+00:00,100197.65681733284
2025-07-20 02:38:00+00:00,100199.08978621256
2025-07-20 02:39:00+00:00,100199.19214113255
2025-07-20 02:40:00+00:00,100193.15320085373
2025-07-20 02:41:00+00:00,100197.17063146294
2025-07-20 02:42:00+00:00,100193.43467688368
2025-07-20 02:43:00+00:00,100193.12761212373
2025-07-20 02:44:00+00:00,100195.37942036329
2025-07-20 02:45:00+00:00,100196.65885686304
2025-07-20 02:46:00+00:00,100221.94052209804
2025-07-20 02:47:00+00:00,100223.78291065768
2025-07-20 02:48:00+00:00,100229.25889887661
2025-07-20 02:49:00+00:00,100217.43690561893
2025-07-20 02:50:00+00:00,100217.99985767883
2025-07-20 02:51:00+00:00,100205.87079966122
2025-07-20 02:52:00+00:00,100213.5730073897
2025-07-20 02:53:00+00:00,100216.46453387913
2025-07-20 02:54:00+00:00,100223.29672478778
2025-07-20 02:55:00+00:00,100217.155429589
2025-07-20 02:56:00+00:00,100216.92513101904
2025-07-20 02:57:00+00:00,100220.20048845839
2025-07-20 02:58:00+00:00,100218.53722100872
2025-07-20 02:59:00+00:00,100222.81053891788
2025-07-20 03:00:00+00:00,100227.64680888693
2025-07-20 03:01:00+00:00,100233.35309567579
2025-07-20 03:02:00+00:00,100241.31119070422
2025-07-20 03:03:00+00:00,100250.44636731243
2025-07-20 03:04:00+00:00,100237.65200231495
2025-07-20 03:05:00+00:00,100233.78810408572
2025-07-20 03:06:00+00:00,100236.3725658152
2025-07-20 03:07:00+00:00,100236.3725658152
2025-07-20 03:08:00+00:00,100234.01840265567
2025-07-20 03:09:00+00:00,100228.69594681672
2025-07-20 03:10:00+00:00,100228.59359189673
2025-07-20 03:11:00+00:00,100225.34382318737
2025-07-20 03:12:00+00:00,100225.39500064738
2025-07-20 03:13:00+00:00,100227.05826809704
2025-07-20 03:14:00+00:00,100222.47788542794
2025-07-20 03:15:00+00:00,100217.129840859
2025-07-20 03:16:00+00:00,100218.46045481873
2025-07-20 03:17:00+00:00,100219.48400401854
2025-07-20 03:18:00+00:00,100221.94052209804
2025-07-20 03:19:00+00:00,100220.40519829835
2025-07-20 03:20:00+00:00,100224.80645985749
2025-07-20 03:21:00+00:00,100225.83000905727
2025-07-20 03:22:00+00:00,100225.83000905727
2025-07-20 03:23:00+00:00,100220.73785178829
2025-07-20 03:24:00+00:00,100215.46657340933
2025-07-20 03:25:00+00:00,100170.55835226818
2025-07-20 03:26:00+00:00,100192.56466006384
2025-07-20 03:27:00+00:00,100204.36106459152
2025-07-20 03:28:00+00:00,100205.38461379132
2025-07-20 03:29:00+00:00,100199.70391573245
2025-07-20 03:30:00+00:00,100224.80645985749
2025-07-20 03:31:00+00:00,100236.11667851525
2025-07-20 03:32:00+00:00,100227.39092158698
2025-07-20 03:33:00+00:00,100221.94052209804
2025-07-20 03:34:00+00:00,100221.55669114813
2025-07-20 03:35:00+00:00,100262.34512676008
2025-07-20 03:36:00+00:00,100249.39722938262
2025-07-20 03:37:00+00:00,100257.96945393094
2025-07-20 03:38:00+00:00,100263.2151435799
2025-07-20 03:39:00+00:00,100260.09331852052
2025-07-20 03:40:00+00:00,100253.74731348177
2025-07-20 03:41:00+00:00,100250.39518985242
2025-07-20 03:42:00+00:00,100230.43598045637
2025-07-20 03:43:00+00:00,100219.1513505286
2025-07-20 03:44:00+00:00,100225.34382318737
2025-07-20 03:45:00+00:00,100218.40927735875
2025-07-20 03:46:00+00:00,100208.9926247206
2025-07-20 03:47:00+00:00,100208.45526139071
2025-07-20 03:48:00+00:00,100215.44098467933
2025-07-20 03:49:00+00:00,100224.67851620751
2025-07-20 03:50:00+00:00,100213.5730073897
2025-07-20 03:51:00+00:00,100213.0356440598
2025-07-20 03:52:00+00:00,100215.64569451929
2025-07-20 03:53:00+00:00,100206.40816299111
2025-07-20 03:54:00+00:00,100215.6201057893
2025-07-20 03:55:00+00:00,100211.52590899011
2025-07-20 03:56:00+00:00,100208.45526139071
2025-07-20 03:57:00+00:00,100217.155429589
2025-07-20 03:58:00+00:00,100222.247586858
2025-07-20 03:59:00+00:00,100217.02748593902
2025-07-20 04:00:00+00:00,100217.02748593902
2025-07-20 04:01:00+00:00,100212.52386945991
2025-07-20 04:02:00+00:00,100220.48196448834
2025-07-20 04:03:00+00:00,100210.5279485203
2025-07-20 04:04:00+00:00,100202.18602254195
2025-07-20 04:05:00+00:00,100217.155429589
2025-07-20 04:06:00+00:00,100205.66608982126
2025-07-20 04:07:00+00:00,100217.6416154589
2025-07-20 04:08:00+00:00,100208.48085012072
2025-07-20 04:09:00+00:00,100202.33955492193
2025-07-20 04:10:00+00:00,100207.66201076086
2025-07-20 04:11:00+00:00,100209.55557678049
2025-07-20 04:12:00+00:00,100205.89638839122
2025-07-20 04:13:00+00:00,100207.94348679081
2025-07-20 04:14:00+00:00,100205.89638839122
2025-07-20 04:15:00+00:00,100203.33751539173
2025-07-20 04:16:00+00:00,100200.47157763228
2025-07-20 04:17:00+00:00,100213.5730073897
2025-07-20 04:18:00+00:00,100209.40204440053
2025-07-20 04:19:00+00:00,100209.37645567053
2025-07-20 04:20:00+00:00,100226.87914698708
2025-07-20 04:21:00+00:00,100230.94775505627
2025-07-20 04:22:00+00:00,100238.11259945485
2025-07-20 04:23:00+00:00,100247.32454225303
2025-07-20 04:24:00+00:00,100240.9529484843
2025-07-20 04:25:00+00:00,100240.9785372143
2025-07-20 04:26:00+00:00,100242.462683554
2025-07-20 04:27:00+00:00,100241.20883578424
2025-07-20 04:28:00+00:00,100244.25389465364
2025-07-20 04:29:00+00:00,100246.12187194327
2025-07-20 04:30:00+00:00,100246.09628321328
2025-07-20 04:31:00+00:00,100250.42077858243
2025-07-20 04:32:00+00:00,100249.14134208267
2025-07-20 04:33:00+00:00,100247.11983241308
2025-07-20 04:34:00+00:00,100239.21291484464
2025-07-20 04:35:00+00:00,100237.65200231495
2025-07-20 04:36:00+00:00,100224.85763731747
2025-07-20 04:37:00+00:00,100224.55057255753
2025-07-20 04:38:00+00:00,100220.73785178829
2025-07-20 04:39:00+00:00,100216.6692437191
2025-07-20 04:40:00+00:00,100220.99373908824
2025-07-20 04:41:00+00:00,100220.99373908824
2025-07-20 04:42:00+00:00,100213.0612327898
2025-07-20 04:43:00+00:00,100209.47881059052
2025-07-20 04:44:00+00:00,100210.73265836026
2025-07-20 04:45:00+00:00,100210.96295693022
2025-07-20 04:46:00+00:00,100212.03768359001
2025-07-20 04:47:00+00:00,100223.80849938768
2025-07-20 04:48:00+00:00,100222.170820668
2025-07-20 04:49:00+00:00,100213.0612327898
2025-07-20 04:50:00+00:00,100222.170820668
2025-07-20 04:51:00+00:00,100219.20252798859
2025-07-20 04:52:00+00:00,100223.50143462775
2025-07-20 04:53:00+00:00,100221.24962638819
2025-07-20 04:54:00+00:00,100221.24962638819
2025-07-20 04:55:00+00:00,100215.1083311894
2025-07-20 04:56:00+00:00,100209.47881059052
2025-07-20 04:57:00+00:00,100223.32231351778
2025-07-20 04:58:00+00:00,100213.95683833963
2025-07-20 04:59:00+00:00,100212.65181310989
2025-07-20 05:00:00+00:00,100214.0847819896
2025-07-20 05:01:00+00:00,100209.37645567053
2025-07-20 05:02:00+00:00,100209.5043993205
2025-07-20 05:03:00+00:00,100209.52998805049
2025-07-20 05:04:00+00:00,100209.52998805049
2025-07-20 05:05:00+00:00,100206.22904188116
2025-07-20 05:06:00+00:00,100203.54222523168
2025-07-20 05:07:00+00:00,100198.60360034266
2025-07-20 05:08:00+00:00,100195.40500909329
2025-07-20 05:09:00+00:00,100188.8031167546
2025-07-20 05:10:00+00:00,100188.57281818464
2025-07-20 05:11:00+00:00,100188.59840691464
2025-07-20 05:12:00+00:00,100195.14912179334
2025-07-20 05:13:00+00:00,100195.12353306334
2025-07-20 05:14:00+00:00,100197.73358352283
2025-07-20 05:15:00+00:00,100197.75917225282
2025-07-20 05:16:00+00:00,100201.08570715218
2025-07-20 05:17:00+00:00,100202.39073238191
2025-07-20 05:18:00+00:00,100191.59228832404
2025-07-20 05:19:00+00:00,100192.07847419394
2025-07-20 05:20:00+00:00,100187.01190565494
2025-07-20 05:21:00+00:00,100182.35475679586
2025-07-20 05:22:00+00:00,100183.53183837564
2025-07-20 05:23:00+00:00,100178.23497126668
2025-07-20 05:24:00+00:00,100176.18787286709
2025-07-20 05:25:00+00:00,100175.01079128732
2025-07-20 05:26:00+00:00,100173.65458859758
2025-07-20 05:27:00+00:00,100172.09367606789
2025-07-20 05:28:00+00:00,100173.57782240759
2025-07-20 05:29:00+00:00,100179.28410919648
2025-07-20 05:30:00+00:00,100179.69352887639
2025-07-20 05:31:00+00:00,100177.85114031675
2025-07-20 05:32:00+00:00,100177.82555158676
2025-07-20 05:33:00+00:00,100178.79792332657
2025-07-20 05:34:00+00:00,100183.60860456561
2025-07-20 05:35:00+00:00,100186.96072819496
2025-07-20 05:36:00+00:00,100186.96072819496
2025-07-20 05:37:00+00:00,100187.98427739475
2025-07-20 05:38:00+00:00,100188.47046326466
2025-07-20 05:39:00+00:00,100196.14708226314
2025-07-20 05:40:00+00:00,100189.51960119445
2025-07-20 05:41:00+00:00,100191.72023197402
2025-07-20 05:42:00+00:00,100199.32008478252
2025-07-20 05:43:00+00:00,100195.14912179334
2025-07-20 05:44:00+00:00,100198.96184256258
2025-07-20 05:45:00+00:00,100202.9536844418
2025-07-20 05:46:00+00:00,100199.26890732252
2025-07-20 05:47:00+00:00,100199.24331859253
2025-07-20 05:48:00+00:00,100203.33751539173
2025-07-20 05:49:00+00:00,100205.35902506132
2025-07-20 05:50:00+00:00,100189.18694770451
2025-07-20 05:51:00+00:00,100192.05288546396
2025-07-20 05:52:00+00:00,100190.3128518243
2025-07-20 05:53:00+00:00,100185.55334804523
2025-07-20 05:54:00+00:00,100193.53703180366
2025-07-20 05:55:00+00:00,100193.12761212373
2025-07-20 05:56:00+00:00,100195.45618655327
2025-07-20 05:57:00+00:00,100194.45822608347
2025-07-20 05:58:00+00:00,100184.93921852535
2025-07-20 05:59:00+00:00,100185.42540439527
2025-07-20 06:00:00+00:00,100181.33120759607
2025-07-20 06:01:00+00:00,100181.84298219596
2025-07-20 06:02:00+00:00,100178.87468951655
2025-07-20 06:03:00+00:00,100181.33120759607
2025-07-20 06:04:00+00:00,100181.33120759607
2025-07-20 06:05:00+00:00,100177.79996285676
2025-07-20 06:06:00+00:00,100177.74878539678
2025-07-20 06:07:00+00:00,100177.54407555681
2025-07-20 06:08:00+00:00,100177.51848682683
2025-07-20 06:09:00+00:00,100178.38850364665
2025-07-20 06:10:00+00:00,100178.74674586658
2025-07-20 06:11:00+00:00,100171.63307892799
2025-07-20 06:12:00+00:00,100170.0465776683
2025-07-20 06:13:00+00:00,100170.0465776683
2025-07-20 06:14:00+00:00,100165.9779695991
2025-07-20 06:15:00+00:00,100166.9759300689
2025-07-20 06:16:00+00:00,100167.0015187989
2025-07-20 06:17:00+00:00,100166.9759300689
2025-07-20 06:18:00+00:00,100173.65458859758
2025-07-20 06:19:00+00:00,100169.63715798839
2025-07-20 06:20:00+00:00,100166.10591324908
2025-07-20 06:21:00+00:00,100163.4702740596
2025-07-20 06:22:00+00:00,100172.09367606789
2025-07-20 06:23:00+00:00,100169.5348030684
2025-07-20 06:24:00+00:00,100178.72115713658
2025-07-20 06:25:00+00:00,100178.31173745666
2025-07-20 06:26:00+00:00,100182.78976520579
2025-07-20 06:27:00+00:00,100189.85225468439
2025-07-20 06:28:00+00:00,100183.81331440558
2025-07-20 06:29:00+00:00,100178.95145570654
2025-07-20 06:30:00+00:00,100177.56966428681
2025-07-20 06:31:00+00:00,100172.14485352789
2025-07-20 06:32:00+00:00,100173.01487034772
2025-07-20 06:33:00+00:00,100176.72523619697
2025-07-20 06:34:00+00:00,100176.72523619697
2025-07-20 06:35:00+00:00,100173.14281399769
2025-07-20 06:36:00+00:00,100181.84298219596
2025-07-20 06:37:00+00:00,100181.84298219596
2025-07-20 06:38:00+00:00,100173.75694351757
2025-07-20 06:39:00+00:00,100172.50309574782
2025-07-20 06:40:00+00:00,100173.70576605757
2025-07-20 06:41:00+00:00,100183.32712853568
2025-07-20 06:42:00+00:00,100183.32712853568
2025-07-20 06:43:00+00:00,100183.35271726566
2025-07-20 06:44:00+00:00,100184.6833312254
2025-07-20 06:45:00+00:00,100190.00578706435
2025-07-20 06:46:00+00:00,100191.2596348341
2025-07-20 06:47:00+00:00,100193.05084593376
2025-07-20 06:48:00+00:00,100191.56669959406
2025-07-20 06:49:00+00:00,100192.56466006384
2025-07-20 06:50:00+00:00,100194.12557259353
2025-07-20 06:51:00+00:00,100195.66089639324
2025-07-20 06:52:00+00:00,100196.55650194307
2025-07-20 06:53:00+00:00,100197.60563987285
2025-07-20 06:54:00+00:00,100193.94645148359
2025-07-20 06:55:00+00:00,100193.94645148359
2025-07-20 06:56:00+00:00,100186.44895359506
2025-07-20 06:57:00+00:00,100180.05177109632
2025-07-20 06:58:00+00:00,100179.1561655465
2025-07-20 06:59:00+00:00,100179.28410919648
2025-07-20 07:00:00+00:00,100180.81943299617
2025-07-20 07:01:00+00:00,100186.44895359506
2025-07-20 07:02:00+00:00,100184.91362979537
2025-07-20 07:03:00+00:00,100194.99558941336
2025-07-20 07:04:00+00:00,100184.42744392547
2025-07-20 07:05:00+00:00,100184.91362979537
2025-07-20 07:06:00+00:00,100190.03137579435
2025-07-20 07:07:00+00:00,100193.58820926365
2025-07-20 07:08:00+00:00,100194.63734719343
2025-07-20 07:09:00+00:00,100188.44487453466
2025-07-20 07:10:00+00:00,100187.47250279486
2025-07-20 07:11:00+00:00,100183.63419329561
2025-07-20 07:12:00+00:00,100184.91362979537
2025-07-20 07:13:00+00:00,100186.44895359506
2025-07-20 07:14:00+00:00,100186.44895359506
2025-07-20 07:15:00+00:00,100192.71819244382
2025-07-20 07:16:00+00:00,100192.74378117382
2025-07-20 07:17:00+00:00,100197.70799479283
2025-07-20 07:18:00+00:00,100203.31192666173
2025-07-20 07:19:00+00:00,100200.98335223219
2025-07-20 07:20:00+00:00,100205.61491236127
2025-07-20 07:21:00+00:00,100209.45322186052
2025-07-20 07:22:00+00:00,100205.35902506132
2025-07-20 07:23:00+00:00,100206.91993759101
2025-07-20 07:24:00+00:00,100210.9885456602
2025-07-20 07:25:00+00:00,100206.61287283107
2025-07-20 07:26:00+00:00,100212.95887786982
2025-07-20 07:27:00+00:00,100219.71430258849
2025-07-20 07:28:00+00:00,100226.34178365718
2025-07-20 07:29:00+00:00,100241.66943292416
2025-07-20 07:30:00+00:00,100242.18120752406
2025-07-20 07:31:00+00:00,100249.72988287256
2025-07-20 07:32:00+00:00,100250.42077858243
2025-07-20 07:33:00+00:00,100250.42077858243
2025-07-20 07:34:00+00:00,100248.75751113275
2025-07-20 07:35:00+00:00,100236.29579962522
2025-07-20 07:36:00+00:00,100231.89453806609
2025-07-20 07:37:00+00:00,100234.53017725557
2025-07-20 07:38:00+00:00,100239.03379373468
2025-07-20 07:39:00+00:00,100234.04399138567
2025-07-20 07:40:00+00:00,100230.97334378626
2025-07-20 07:41:00+00:00,100237.14022771505
2025-07-20 07:42:00+00:00,100229.46360871656
2025-07-20 07:43:00+00:00,100257.07384838111
2025-07-20 07:44:00+00:00,100280.53871378647
2025-07-20 07:45:00+00:00,100267.05345307913
2025-07-20 07:46:00+00:00,100271.7617793982
2025-07-20 07:47:00+00:00,100269.22849512871
2025-07-20 07:48:00+00:00,100267.82111497899
2025-07-20 07:49:00+00:00,100255.56411331141
2025-07-20 07:50:00+00:00,100246.30099305324
2025-07-20 07:51:00+00:00,100247.29895352304
2025-07-20 07:52:00+00:00,100237.65200231495
2025-07-20 07:53:00+00:00,100237.11463898505
2025-07-20 07:54:00+00:00,100233.53221678577
2025-07-20 07:55:00+00:00,100227.39092158698
2025-07-20 07:56:00+00:00,100233.53221678577
2025-07-20 07:57:00+00:00,100228.92624538667
2025-07-20 07:58:00+00:00,100231.99689298606
2025-07-20 07:59:00+00:00,100229.38684252658
2025-07-20 08:00:00+00:00,100238.62437405475
2025-07-20 08:01:00+00:00,100242.74415958393
2025-07-20 08:02:00+00:00,100245.78921845334
2025-07-20 08:03:00+00:00,100271.96648923817
2025-07-20 08:04:00+00:00,100280.10370537656
2025-07-20 08:05:00+00:00,100281.61344044626
2025-07-20 08:06:00+00:00,100276.67481555724
2025-07-20 08:07:00+00:00,100275.13949175755
2025-07-20 08:08:00+00:00,100280.51312505649
2025-07-20 08:09:00+00:00,100286.24500057535
2025-07-20 08:10:00+00:00,100285.70763724546
2025-07-20 08:11:00+00:00,100283.9420148758
2025-07-20 08:12:00+00:00,100287.24296104515
2025-07-20 08:13:00+00:00,100288.80387357484
2025-07-20 08:14:00+00:00,100288.77828484486
2025-07-20 08:15:00+00:00,100289.67389039468
2025-07-20 08:16:00+00:00,100283.86524868582
2025-07-20 08:17:00+00:00,100281.12725457636
2025-07-20 08:18:00+00:00,100277.54483237707
2025-07-20 08:19:00+00:00,100277.03305777717
2025-07-20 08:20:00+00:00,100269.33085004869
2025-07-20 08:21:00+00:00,100263.7269181798
2025-07-20 08:22:00+00:00,100266.2857911793
2025-07-20 08:23:00+00:00,100266.72079958921
2025-07-20 08:24:00+00:00,100267.84670370899
2025-07-20 08:25:00+00:00,100266.2602024493
2025-07-20 08:26:00+00:00,100265.7996053094
2025-07-20 08:27:00+00:00,100266.08108133933
2025-07-20 08:28:00+00:00,100265.7996053094
2025-07-20 08:29:00+00:00,100269.84262464859
2025-07-20 08:30:00+00:00,100268.81907544879
2025-07-20 08:31:00+00:00,100265.87637149937
2025-07-20 08:32:00+00:00,100261.93570708015
2025-07-20 08:33:00+00:00,100263.1895548499
2025-07-20 08:34:00+00:00,100264.7248786496
2025-07-20 08:35:00+00:00,100264.7248786496
2025-07-20 08:36:00+00:00,100261.85894089018
2025-07-20 08:37:00+00:00,100262.70336898
2025-07-20 08:38:00+00:00,100274.96037064758
2025-07-20 08:39:00+00:00,100281.38314187631
2025-07-20 08:40:00+00:00,100275.21625794753
2025-07-20 08:41:00+00:00,100273.42504684789
2025-07-20 08:42:00+00:00,100258.09739758092
2025-07-20 08:43:00+00:00,100255.51293585142
2025-07-20 08:44:00+00:00,100267.79552624898
2025-07-20 08:45:00+00:00,100259.53036646063
2025-07-20 08:46:00+00:00,100269.84262464859
2025-07-20 08:47:00+00:00,100277.28894507712
2025-07-20 08:48:00+00:00,100285.60528232547
2025-07-20 08:49:00+00:00,100270.3799879785
2025-07-20 08:50:00+00:00,100266.79756577918
2025-07-20 08:51:00+00:00,100274.47418477767
2025-07-20 08:52:00+00:00,100265.56930673943
2025-07-20 08:53:00+00:00,100268.33288957889
2025-07-20 08:54:00+00:00,100268.10259100894
2025-07-20 08:55:00+00:00,100263.44544214985
2025-07-20 08:56:00+00:00,100263.6757407198
2025-07-20 08:57:00+00:00,100268.84466417879
2025-07-20 08:58:00+00:00,100271.07088368834
2025-07-20 08:59:00+00:00,100266.51608974925
2025-07-20 09:00:00+00:00,100285.11909645557
2025-07-20 09:01:00+00:00,100291.87452117424
2025-07-20 09:02:00+00:00,100295.12428988359
2025-07-20 09:03:00+00:00,100285.24704010555
2025-07-20 09:04:00+00:00,100280.33400394651
2025-07-20 09:05:00+00:00,100256.1014766413
2025-07-20 09:06:00+00:00,100258.09739758092
2025-07-20 09:07:00+00:00,100246.37775924322
2025-07-20 09:08:00+00:00,100247.86190558293
2025-07-20 09:09:00+00:00,100246.32658178323
2025-07-20 09:10:00+00:00,100235.63049264534
2025-07-20 09:11:00+00:00,100230.69186775632
2025-07-20 09:12:00+00:00,100229.94979458647
2025-07-20 09:13:00+00:00,100229.92420585647
2025-07-20 09:14:00+00:00,100219.68871385849
2025-07-20 09:15:00+00:00,100224.57616128752
2025-07-20 09:16:00+00:00,100240.15969785445
2025-07-20 09:17:00+00:00,100260.65627058041
2025-07-20 09:18:00+00:00,100270.96852876837
2025-07-20 09:19:00+00:00,100263.80368436978
2025-07-20 09:20:00+00:00,100253.00524031192
2025-07-20 09:21:00+00:00,100237.11463898505
2025-07-20 09:22:00+00:00,100247.27336479304
2025-07-20 09:23:00+00:00,100238.21495437484
2025-07-20 09:24:00+00:00,100241.18324705424
2025-07-20 09:25:00+00:00,100246.32658178323
2025-07-20 09:26:00+00:00,100247.86190558293
2025-07-20 09:27:00+00:00,100241.31119070422
2025-07-20 09:28:00+00:00,100235.42578280538
2025-07-20 09:29:00+00:00,100225.83000905727
2025-07-20 09:30:00+00:00,100237.60082485495
2025-07-20 09:31:00+00:00,100241.18324705424
2025-07-20 09:32:00+00:00,100246.30099305324
2025-07-20 09:33:00+00:00,100247.22218733306
2025-07-20 09:34:00+00:00,100247.22218733306
2025-07-20 09:35:00+00:00,100247.37571971303
2025-07-20 09:36:00+00:00,100250.39518985242
2025-07-20 09:37:00+00:00,100254.87321760155
2025-07-20 09:38:00+00:00,100253.92643459173
2025-07-20 09:39:00+00:00,100253.92643459173
2025-07-20 09:40:00+00:00,100252.97965158192
2025-07-20 09:41:00+00:00,100249.5763504926
2025-07-20 09:42:00+00:00,100250.42077858243
2025-07-20 09:43:00+00:00,100250.11371382249
2025-07-20 09:44:00+00:00,100246.19863813327
2025-07-20 09:45:00+00:00,100248.42485764282
2025-07-20 09:46:00+00:00,100250.42077858243
2025-07-20 09:47:00+00:00,100241.74619911413
2025-07-20 09:48:00+00:00,100237.62641358495
2025-07-20 09:49:00+00:00,100234.24870122562
2025-07-20 09:50:00+00:00,100234.63253217554
2025-07-20 09:51:00+00:00,100233.09720837584
2025-07-20 09:52:00+00:00,100230.12891569643
2025-07-20 09:53:00+00:00,100229.43801998657
2025-07-20 09:54:00+00:00,100224.85763731747
2025-07-20 09:55:00+00:00,100229.46360871656
2025-07-20 09:56:00+00:00,100225.90677524726
2025-07-20 09:57:00+00:00,100227.36533285698
2025-07-20 09:58:00+00:00,100224.93440350746
2025-07-20 09:59:00+00:00,100204.36106459152
2025-07-20 10:00:00+00:00,100204.94960538141
2025-07-20 10:01:00+00:00,100222.78495018788
2025-07-20 10:02:00+00:00,100222.78495018788
2025-07-20 10:03:00+00:00,100214.03360452961
2025-07-20 10:04:00+00:00,100217.078663399
2025-07-20 10:05:00+00:00,100223.27113605778
2025-07-20 10:06:00+00:00,100213.67536230967
2025-07-20 10:07:00+00:00,100204.89842792142
2025-07-20 10:08:00+00:00,100199.26890732252
2025-07-20 10:09:00+00:00,100206.0243320412
2025-07-20 10:10:00+00:00,100204.36106459152
2025-07-20 10:11:00+00:00,100203.4142815817
2025-07-20 10:12:00+00:00,100203.77252380163
2025-07-20 10:13:00+00:00,100212.03768359001
2025-07-20 10:14:00+00:00,100210.68148090027
2025-07-20 10:15:00+00:00,100216.6180662591
2025-07-20 10:16:00+00:00,100221.27521511818
2025-07-20 10:17:00+00:00,100220.48196448834
2025-07-20 10:18:00+00:00,100214.41743547954
2025-07-20 10:19:00+00:00,100212.03768359001
2025-07-20 10:20:00+00:00,100207.30376854094
2025-07-20 10:21:00+00:00,100205.84521093123
2025-07-20 10:22:00+00:00,100210.5023597903
2025-07-20 10:23:00+00:00,100212.90770040984
2025-07-20 10:24:00+00:00,100213.0612327898
2025-07-20 10:25:00+00:00,100215.64569451929
2025-07-20 10:26:00+00:00,100216.18305784918
2025-07-20 10:27:00+00:00,100218.12780132881
2025-07-20 10:28:00+00:00,100223.11760367782
2025-07-20 10:29:00+00:00,100217.155429589
2025-07-20 10:30:00+00:00,100214.23831436958
2025-07-20 10:31:00+00:00,100221.94052209804
2025-07-20 10:32:00+00:00,100218.81869703866
2025-07-20 10:33:00+00:00,100224.83204858747
2025-07-20 10:34:00+00:00,100225.83000905727
2025-07-20 10:35:00+00:00,100225.83000905727
2025-07-20 10:36:00+00:00,100225.83000905727
2025-07-20 10:37:00+00:00,100223.80849938768
2025-07-20 10:38:00+00:00,100224.32027398757
2025-07-20 10:39:00+00:00,100221.24962638819
2025-07-20 10:40:00+00:00,100215.64569451929
2025-07-20 10:41:00+00:00,100216.49012260913
2025-07-20 10:42:00+00:00,100213.5985961197
2025-07-20 10:43:00+00:00,100220.25166591839
2025-07-20 10:44:00+00:00,100217.74397037888
2025-07-20 10:45:00+00:00,100202.05807889198
2025-07-20 10:46:00+00:00,100201.26482826212
2025-07-20 10:47:00+00:00,100205.87079966122
2025-07-20 10:48:00+00:00,100205.89638839122
2025-07-20 10:49:00+00:00,100207.38053473092
2025-07-20 10:50:00+00:00,100212.11444978
2025-07-20 10:51:00+00:00,100202.31396619193
2025-07-20 10:52:00+00:00,100199.49920589248
2025-07-20 10:53:00+00:00,100196.65885686304
2025-07-20 10:54:00+00:00,100196.71003432304
2025-07-20 10:55:00+00:00,100198.24535812273
2025-07-20 10:56:00+00:00,100197.73358352283
2025-07-20 10:57:00+00:00,100201.26482826212
2025-07-20 10:58:00+00:00,100199.06419748257
2025-07-20 10:59:00+00:00,100198.75713272263
2025-07-20 11:00:00+00:00,100201.29041699212
2025-07-20 11:01:00+00:00,100202.33955492193
2025-07-20 11:02:00+00:00,100204.69371808146
2025-07-20 11:03:00+00:00,100210.45118233032
2025-07-20 11:04:00+00:00,100213.34270881975
2025-07-20 11:05:00+00:00,100206.91993759101
2025-07-20 11:06:00+00:00,100212.72857929987
2025-07-20 11:07:00+00:00,100210.5791259803
2025-07-20 11:08:00+00:00,100204.87283919142
2025-07-20 11:09:00+00:00,100204.87283919142
2025-07-20 11:10:00+00:00,100191.05492499415
2025-07-20 11:11:00+00:00,100190.08255325434
2025-07-20 11:12:00+00:00,100201.26482826212
2025-07-20 11:13:00+00:00,100199.26890732252
2025-07-20 11:14:00+00:00,100204.30988713153
2025-07-20 11:15:00+00:00,100200.82981985222
2025-07-20 11:16:00+00:00,100200.80423112222
2025-07-20 11:17:00+00:00,100200.80423112222
2025-07-20 11:18:00+00:00,100206.5105179111
2025-07-20 11:19:00+00:00,100206.5105179111
2025-07-20 11:20:00+00:00,100216.41335641914
2025-07-20 11:21:00+00:00,100199.57597208247
2025-07-20 11:22:00+00:00,100190.03137579435
2025-07-20 11:23:00+00:00,100194.8420570334
2025-07-20 11:24:00+00:00,100199.11537494256
2025-07-20 11:25:00+00:00,100199.24331859253
2025-07-20 11:26:00+00:00,100200.31804525232
2025-07-20 11:27:00+00:00,100191.36198975408
2025-07-20 11:28:00+00:00,100191.56669959406
2025-07-20 11:29:00+00:00,100193.10202339375
2025-07-20 11:30:00+00:00,100187.06308311493
2025-07-20 11:31:00+00:00,100184.29950027549
2025-07-20 11:32:00+00:00,100190.61991658423
2025-07-20 11:33:00+00:00,100191.05492499415
2025-07-20 11:34:00+00:00,100202.31396619193
2025-07-20 11:35:00+00:00,100208.48085012072
2025-07-20 11:36:00+00:00,100206.91993759101
2025-07-20 11:37:00+00:00,100197.22180892293
2025-07-20 11:38:00+00:00,100197.58005114287
2025-07-20 11:39:00+00:00,100198.80831018262
2025-07-20 11:40:00+00:00,100193.63938672363
2025-07-20 11:41:00+00:00,100194.15116132353
2025-07-20 11:42:00+00:00,100194.48381481347
2025-07-20 11:43:00+00:00,100196.17267099314
2025-07-20 11:44:00+00:00,100205.35902506132
2025-07-20 11:45:00+00:00,100212.67740183987
2025-07-20 11:46:00+00:00,100213.5730073897
2025-07-20 11:47:00+00:00,100228.67035808672
2025-07-20 11:48:00+00:00,100235.09312931546
2025-07-20 11:49:00+00:00,100243.28152291384
2025-07-20 11:50:00+00:00,100224.32027398757
2025-07-20 11:51:00+00:00,100222.78495018788
2025-07-20 11:52:00+00:00,100218.99781814864
2025-07-20 11:53:00+00:00,100207.45730092091
2025-07-20 11:54:00+00:00,100195.81442877321
2025-07-20 11:55:00+00:00,100190.85021515419
2025-07-20 11:56:00+00:00,100185.27187201529
2025-07-20 11:57:00+00:00,100179.33528665645
2025-07-20 11:58:00+00:00,100189.03341532455
2025-07-20 11:59:00+00:00,100196.65885686304
2025-07-20 12:00:00+00:00,100181.66386108601
2025-07-20 12:01:00+00:00,100160.29727154021
2025-07-20 12:02:00+00:00,100153.66979047153
2025-07-20 12:03:00+00:00,100155.71688887113
2025-07-20 12:04:00+00:00,100166.9503413389
2025-07-20 12:05:00+00:00,100175.70168699717
2025-07-20 12:06:00+00:00,100193.66497545363
2025-07-20 12:07:00+00:00,100214.5709678595
2025-07-20 12:08:00+00:00,100217.181018319
2025-07-20 12:09:00+00:00,100218.46045481873
2025-07-20 12:10:00+00:00,100200.77864239222
2025-07-20 12:11:00+00:00,100191.56669959406
2025-07-20 12:12:00+00:00,100186.96072819496
2025-07-20 12:13:00+00:00,100194.61175846345
2025-07-20 12:14:00+00:00,100200.47157763228
2025-07-20 12:15:00+00:00,100180.07735982632
2025-07-20 12:16:00+00:00,100193.12761212373
2025-07-20 12:17:00+00:00,100211.52590899011
2025-07-20 12:18:00+00:00,100218.6395759287
2025-07-20 12:19:00+00:00,100209.47881059052
2025-07-20 12:20:00+00:00,100212.24239342997
2025-07-20 12:21:00+00:00,100221.73581225809
2025-07-20 12:22:00+00:00,100223.78291065768
2025-07-20 12:23:00+00:00,100224.55057255753
2025-07-20 12:24:00+00:00,100232.89249853589
2025-07-20 12:25:00+00:00,100234.01840265567
2025-07-20 12:26:00+00:00,100219.73989131849
2025-07-20 12:27:00+00:00,100190.85021515419
2025-07-20 12:28:00+00:00,100189.11018151452
2025-07-20 12:29:00+00:00,100183.89008059556
2025-07-20 12:30:00+00:00,100182.58505536582
2025-07-20 12:31:00+00:00,100192.99966847376
2025-07-20 12:32:00+00:00,100188.52164072465
2025-07-20 12:33:00+00:00,100184.47862138544
2025-07-20 12:34:00+00:00,100190.56873912425
2025-07-20 12:35:00+00:00,100191.771409434
2025-07-20 12:36:00+00:00,100198.70595526263
2025-07-20 12:37:00+00:00,100195.60971893325
2025-07-20 12:38:00+00:00,100194.09998386355
2025-07-20 12:39:00+00:00,100187.72839009481
2025-07-20 12:40:00+00:00,100196.14708226314
2025-07-20 12:41:00+00:00,100181.89415965596
2025-07-20 12:42:00+00:00,100183.40389472566
2025-07-20 12:43:00+00:00,100190.18490817433
2025-07-20 12:44:00+00:00,100188.98223786455
2025-07-20 12:45:00+00:00,100186.98631692494
2025-07-20 12:46:00+00:00,100190.03137579435
2025-07-20 12:47:00+00:00,100188.52164072465
2025-07-20 12:48:00+00:00,100184.40185519547
2025-07-20 12:49:00+00:00,100198.73154399263
2025-07-20 12:50:00+00:00,100212.14003850998
2025-07-20 12:51:00+00:00,100239.18732611465
2025-07-20 12:52:00+00:00,100249.34605192264
2025-07-20 12:53:00+00:00,100265.82519403938
2025-07-20 12:54:00+00:00,100254.25908808167
2025-07-20 12:55:00+00:00,100251.90492492213
2025-07-20 12:56:00+00:00,100236.06550105526
2025-07-20 12:57:00+00:00,100244.27948338364
2025-07-20 12:58:00+00:00,100240.62029499435
2025-07-20 12:59:00+00:00,100247.37571971303
2025-07-20 13:00:00+00:00,100257.81592155097
2025-07-20 13:01:00+00:00,100276.54687190727
2025-07-20 13:02:00+00:00,100265.7740165794
2025-07-20 13:03:00+00:00,100263.2151435799
2025-07-20 13:04:00+00:00,100255.53852458141
2025-07-20 13:05:00+00:00,100255.33381474146
2025-07-20 13:06:00+00:00,100264.75046737959
2025-07-20 13:07:00+00:00,100269.86821337859
2025-07-20 13:08:00+00:00,100263.2151435799
2025-07-20 13:09:00+00:00,100260.88656915036
2025-07-20 13:10:00+00:00,100257.07384838111
2025-07-20 13:11:00+00:00,100250.49754477241
2025-07-20 13:12:00+00:00,100259.6327213806
2025-07-20 13:13:00+00:00,100265.7740165794
2025-07-20 13:14:00+00:00,100260.1700847105
2025-07-20 13:15:00+00:00,100249.39722938262
2025-07-20 13:16:00+00:00,100250.29283493245
2025-07-20 13:17:00+00:00,100253.67054729178
2025-07-20 13:18:00+00:00,100249.39722938262
2025-07-20 13:19:00+00:00,100261.39834375026
2025-07-20 13:20:00+00:00,100268.51201068885
2025-07-20 13:21:00+00:00,100263.26632103989
2025-07-20 13:22:00+00:00,100259.1209467807
2025-07-20 13:23:00+00:00,100254.51497538162
2025-07-20 13:24:00+00:00,100260.55391566042
2025-07-20 13:25:00+00:00,100248.60397875278
2025-07-20 13:26:00+00:00,100252.00727984212
2025-07-20 13:27:00+00:00,100261.37275502026
2025-07-20 13:28:00+00:00,100256.53648505121
2025-07-20 13:29:00+00:00,100256.6132512412
2025-07-20 13:30:00+00:00,100258.58358345082
2025-07-20 13:31:00+00:00,100259.1465355107
2025-07-20 13:32:00+00:00,100255.56411331141
2025-07-20 13:33:00+00:00,100247.35013098303
2025-07-20 13:34:00+00:00,100248.0410266929
2025-07-20 13:35:00+00:00,100253.00524031192
2025-07-20 13:36:00+00:00,100260.1956734405
2025-07-20 13:37:00+00:00,100255.46175839144
2025-07-20 13:38:00+00:00,100252.49346571202
2025-07-20 13:39:00+00:00,100251.72580381217
2025-07-20 13:40:00+00:00,100251.44432778223
2025-07-20 13:41:00+00:00,100254.89880633153
2025-07-20 13:42:00+00:00,100257.66238917099
2025-07-20 13:43:00+00:00,100249.98577017251
2025-07-20 13:44:00+00:00,100258.58358345082
2025-07-20 13:45:00+00:00,100269.33085004869
2025-07-20 13:46:00+00:00,100259.65831011061
2025-07-20 13:47:00+00:00,100258.6347609108
2025-07-20 13:48:00+00:00,100259.6071326506
2025-07-20 13:49:00+00:00,100270.89176257838
2025-07-20 13:50:00+00:00,100275.98391984738
2025-07-20 13:51:00+00:00,100283.14876424597
2025-07-20 13:52:00+00:00,100313.85524023991
2025-07-20 13:53:00+00:00,100312.90845723008
2025-07-20 13:54:00+00:00,100315.03232181967
2025-07-20 13:55:00+00:00,100307.7395337711
2025-07-20 13:56:00+00:00,100311.65460946034
2025-07-20 13:57:00+00:00,100313.36905436999
2025-07-20 13:58:00+00:00,100315.36497530961
2025-07-20 13:59:00+00:00,100328.21051776706
2025-07-20 14:00:00+00:00,100336.91068596535
2025-07-20 14:01:00+00:00,100347.65795256323
2025-07-20 14:02:00+00:00,100364.06032848998
2025-07-20 14:03:00+00:00,100356.86989536141
2025-07-20 14:04:00+00:00,100366.0306606996
2025-07-20 14:05:00+00:00,100365.5188860997
2025-07-20 14:06:00+00:00,100402.90402062231
2025-07-20 14:07:00+00:00,100404.64405426197
2025-07-20 14:08:00+00:00,100416.33810386967
2025-07-20 14:09:00+00:00,100385.50368422575
2025-07-20 14:10:00+00:00,100360.4523175607
2025-07-20 14:11:00+00:00,100320.02212416868
2025-07-20 14:12:00+00:00,100333.84003836595
2025-07-20 14:13:00+00:00,100334.86358756575
2025-07-20 14:14:00+00:00,100368.12893655918
2025-07-20 14:15:00+00:00,100350.3703579427
2025-07-20 14:16:00+00:00,100397.60715351337
2025-07-20 14:17:00+00:00,100396.76272542353
2025-07-20 14:18:00+00:00,100401.93164888251
2025-07-20 14:19:00+00:00,100392.69411735433
2025-07-20 14:20:00+00:00,100398.34922668322
2025-07-20 14:21:00+00:00,100412.47420564044
2025-07-20 14:22:00+00:00,100410.68299454078
2025-07-20 14:23:00+00:00,100397.83745208332
2025-07-20 14:24:00+00:00,100396.78831415353
2025-07-20 14:25:00+00:00,100400.34514762282
2025-07-20 14:26:00+00:00,100387.65313754533
2025-07-20 14:27:00+00:00,100365.31417625974
2025-07-20 14:28:00+00:00,100363.4973764301
2025-07-20 14:29:00+00:00,100390.64701895474
2025-07-20 14:30:00+00:00,100398.93776747311
2025-07-20 14:31:00+00:00,100389.59788102494
2025-07-20 14:32:00+00:00,100371.1228179686
2025-07-20 14:33:00+00:00,100363.54855389008
2025-07-20 14:34:00+00:00,100370.96928558862
2025-07-20 14:35:00+00:00,100365.05828895979
2025-07-20 14:36:00+00:00,100363.0111905602
2025-07-20 14:37:00+00:00,100372.22313335838
2025-07-20 14:38:00+00:00,100375.52407952772
2025-07-20 14:39:00+00:00,100384.53131248595
2025-07-20 14:40:00+00:00,100376.49645126754
2025-07-20 14:41:00+00:00,100384.50572375595
2025-07-20 14:42:00+00:00,100388.34403325518
2025-07-20 14:43:00+00:00,100370.71339828867
2025-07-20 14:44:00+00:00,100374.73082889788
2025-07-20 14:45:00+00:00,100363.5229651601
2025-07-20 14:46:00+00:00,100375.26819222777
2025-07-20 14:47:00+00:00,100367.10538735939
2025-07-20 14:48:00+00:00,100363.5229651601
2025-07-20 14:49:00+00:00,100357.8934445612
2025-07-20 14:50:00+00:00,100366.05624942959
2025-07-20 14:51:00+00:00,100350.70301143262
2025-07-20 14:52:00+00:00,100348.16972716313
2025-07-20 14:53:00+00:00,100336.45008882544
2025-07-20 14:54:00+00:00,100329.20847823686
2025-07-20 14:55:00+00:00,100344.56171623383
2025-07-20 14:56:00+00:00,100353.79924776201
2025-07-20 14:57:00+00:00,100337.44804929524
2025-07-20 14:58:00+00:00,100337.37128310525
2025-07-20 14:59:00+00:00,100343.81964306398
2025-07-20 15:00:00+00:00,100346.65999209342
2025-07-20 15:01:00+00:00,100334.6077002658
2025-07-20 15:02:00+00:00,100321.60862542837
2025-07-20 15:03:00+00:00,100331.81852869636
2025-07-20 15:04:00+00:00,100328.46640506701
2025-07-20 15:05:00+00:00,100320.17565654866
2025-07-20 15:06:00+00:00,100315.95351609949
2025-07-20 15:07:00+00:00,100329.25965569686
2025-07-20 15:08:00+00:00,100324.62809556778
2025-07-20 15:09:00+00:00,100320.55948749857
2025-07-20 15:10:00+00:00,100332.25353710627
2025-07-20 15:11:00+00:00,100333.32826376606
2025-07-20 15:12:00+00:00,100361.27115692054
2025-07-20 15:13:00+00:00,100372.91402906824
2025-07-20 15:14:00+00:00,100394.76680448392
2025-07-20 15:15:00+00:00,100371.19958415857
2025-07-20 15:16:00+00:00,100356.89548409141
2025-07-20 15:17:00+00:00,100364.03473975998
2025-07-20 15:18:00+00:00,100367.05420989939
2025-07-20 15:19:00+00:00,100357.8934445612
2025-07-20 15:20:00+00:00,100365.05828895979
2025-07-20 15:21:00+00:00,100363.47178770011
2025-07-20 15:22:00+00:00,100364.03473975998
2025-07-20 15:23:00+00:00,100364.13709467997
2025-07-20 15:24:00+00:00,100378.33883982716
2025-07-20 15:25:00+00:00,100384.99190962585
2025-07-20 15:26:00+00:00,100367.20774227937
2025-07-20 15:27:00+00:00,100379.36238902697
2025-07-20 15:28:00+00:00,100394.56209464397
2025-07-20 15:29:00+00:00,100406.5887977416
2025-07-20 15:30:00+00:00,100400.78015603274
2025-07-20 15:31:00+00:00,100408.32883138125
2025-07-20 15:32:00+00:00,100398.4771703332
2025-07-20 15:33:00+00:00,100418.84579940917
2025-07-20 15:34:00+00:00,100412.65332675038
2025-07-20 15:35:00+00:00,100399.91013921291
2025-07-20 15:36:00+00:00,100387.03900802544
2025-07-20 15:37:00+00:00,100383.48217455615
2025-07-20 15:38:00+00:00,100385.42691803577
2025-07-20 15:39:00+00:00,100391.54262450457
2025-07-20 15:40:00+00:00,100382.7401013863
2025-07-20 15:41:00+00:00,100385.42691803577
2025-07-20 15:42:00+00:00,100389.06051769505
2025-07-20 15:43:00+00:00,100373.75845715808
2025-07-20 15:44:00+00:00,100379.54151013693
2025-07-20 15:45:00+00:00,100377.82706522726
2025-07-20 15:46:00+00:00,100384.01953788605
2025-07-20 15:47:00+00:00,100384.53131248595
2025-07-20 15:48:00+00:00,100413.77923087016
2025-07-20 15:49:00+00:00,100413.88158579015
2025-07-20 15:50:00+00:00,100423.47735953826
2025-07-20 15:51:00+00:00,100415.74956307978
2025-07-20 15:52:00+00:00,100422.50498779844
2025-07-20 15:53:00+00:00,100419.02492051914
2025-07-20 15:54:00+00:00,100411.1435916807
2025-07-20 15:55:00+00:00,100407.33087091145
2025-07-20 15:56:00+00:00,100388.72786420511
2025-07-20 15:57:00+00:00,100404.490521882
2025-07-20 15:58:00+00:00,100405.43730489182
2025-07-20 15:59:00+00:00,100399.83337302292
2025-07-20 16:00:00+00:00,100407.27969345145
2025-07-20 16:01:00+00:00,100427.95538728737
2025-07-20 16:02:00+00:00,100428.03215347735
2025-07-20 16:03:00+00:00,100438.57471023528
2025-07-20 16:04:00+00:00,100443.92275480423
2025-07-20 16:05:00+00:00,100430.00248568697
2025-07-20 16:06:00+00:00,100401.41987428261
2025-07-20 16:07:00+00:00,100398.32363795322
2025-07-20 16:08:00+00:00,100413.26745627027
2025-07-20 16:09:00+00:00,100388.57433182515
2025-07-20 16:10:00+00:00,100364.75122419985
2025-07-20 16:11:00+00:00,100393.10353703426
2025-07-20 16:12:00+00:00,100408.5591299512
2025-07-20 16:13:00+00:00,100405.4628936218
2025-07-20 16:14:00+00:00,100381.92126202646
2025-07-20 16:15:00+00:00,100376.77792729747
2025-07-20 16:16:00+00:00,100372.76049668828
2025-07-20 16:17:00+00:00,100378.33883982716
2025-07-20 16:18:00+00:00,100368.18011401917
2025-07-20 16:19:00+00:00,100355.8463461616
2025-07-20 16:20:00+00:00,100350.21682556272
2025-07-20 16:21:00+00:00,100352.62216618225
2025-07-20 16:22:00+00:00,100354.41337728189
2025-07-20 16:23:00+00:00,100343.81964306398
2025-07-20 16:24:00+00:00,100348.19531589313
2025-07-20 16:25:00+00:00,100353.79924776201
2025-07-20 16:26:00+00:00,100367.07979862939
2025-07-20 16:27:00+00:00,100358.37963043111
2025-07-20 16:28:00+00:00,100382.45862535635
2025-07-20 16:29:00+00:00,100393.99914258407
2025-07-20 16:30:00+00:00,100393.18030322423
2025-07-20 16:31:00+00:00,100384.01953788605
2025-07-20 16:32:00+00:00,100391.69615688453
2025-07-20 16:33:00+00:00,100387.06459675544
2025-07-20 16:34:00+00:00,100388.57433182515
2025-07-20 16:35:00+00:00,100400.85692222272
2025-07-20 16:36:00+00:00,100388.11373468523
2025-07-20 16:37:00+00:00,100386.04104755564
2025-07-20 16:38:00+00:00,100389.11169515504
2025-07-20 16:39:00+00:00,100391.15879355464
2025-07-20 16:40:00+00:00,100424.83356222798
2025-07-20 16:41:00+00:00,100427.00860427757
2025-07-20 16:42:00+00:00,100432.10076154655
2025-07-20 16:43:00+00:00,100425.98505507776
2025-07-20 16:44:00+00:00,100414.98190117994
2025-07-20 16:45:00+00:00,100408.22647646126
2025-07-20 16:46:00+00:00,100385.2477969258
2025-07-20 16:47:00+00:00,100387.96020230527
2025-07-20 16:48:00+00:00,100388.34403325518
2025-07-20 16:49:00+00:00,100389.41875991499
2025-07-20 16:50:00+00:00,100392.18234275443
2025-07-20 16:51:00+00:00,100388.57433182515
2025-07-20 16:52:00+00:00,100381.43507615656
2025-07-20 16:53:00+00:00,100382.12597186642
2025-07-20 16:54:00+00:00,100380.92330155666
2025-07-20 16:55:00+00:00,100367.0030324394
2025-07-20 16:56:00+00:00,100356.3581207615
2025-07-20 16:57:00+00:00,100360.4779062907
2025-07-20 16:58:00+00:00,100362.47382723031
2025-07-20 16:59:00+00:00,100371.35311653855
2025-07-20 17:00:00+00:00,100339.98133356473
2025-07-20 17:01:00+00:00,100284.22349090574
2025-07-20 17:02:00+00:00,100302.62178777212
2025-07-20 17:03:00+00:00,100308.225719641
2025-07-20 17:04:00+00:00,100307.17658171122
2025-07-20 17:05:00+00:00,100312.88286850009
2025-07-20 17:06:00+00:00,100318.46121163899
2025-07-20 17:07:00+00:00,100312.88286850009
2025-07-20 17:08:00+00:00,100299.34643033276
2025-07-20 17:09:00+00:00,100307.7395337711
2025-07-20 17:10:00+00:00,100286.21941184535
2025-07-20 17:11:00+00:00,100300.11409223262
2025-07-20 17:12:00+00:00,100297.01785590322
2025-07-20 17:13:00+00:00,100306.33215362139
2025-07-20 17:14:00+00:00,100309.8122209007
2025-07-20 17:15:00+00:00,100291.33715784435
2025-07-20 17:16:00+00:00,100298.194937483
2025-07-20 17:17:00+00:00,100311.8081418403
2025-07-20 17:18:00+00:00,100330.99968933652
2025-07-20 17:19:00+00:00,100327.0334361873
2025-07-20 17:20:00+00:00,100337.1153958053
2025-07-20 17:21:00+00:00,100326.77754888734
2025-07-20 17:22:00+00:00,100329.10612331689
2025-07-20 17:23:00+00:00,100311.3219559704
2025-07-20 17:24:00+00:00,100310.04251947065
2025-07-20 17:25:00+00:00,100308.63513932093
2025-07-20 17:26:00+00:00,100306.30656489139
2025-07-20 17:27:00+00:00,100300.57468937253
2025-07-20 17:28:00+00:00,100311.8081418403
2025-07-20 17:29:00+00:00,100308.76308297091
2025-07-20 17:30:00+00:00,100315.64645133955
2025-07-20 17:31:00+00:00,100325.62605603758
2025-07-20 17:32:00+00:00,100323.32307033802
2025-07-20 17:33:00+00:00,100334.6077002658
2025-07-20 17:34:00+00:00,100326.18900809747
2025-07-20 17:35:00+00:00,100314.54613594976
2025-07-20 17:36:00+00:00,100303.10797364202
2025-07-20 17:37:00+00:00,100305.20624950161
2025-07-20 17:38:00+00:00,100310.04251947065
2025-07-20 17:39:00+00:00,100315.64645133955
2025-07-20 17:40:00+00:00,100276.11186349735
2025-07-20 17:41:00+00:00,100259.1209467807
2025-07-20 17:42:00+00:00,100268.81907544879
2025-07-20 17:43:00+00:00,100276.00950857738
2025-07-20 17:44:00+00:00,100280.10370537656
2025-07-20 17:45:00+00:00,100248.37368018283
2025-07-20 17:46:00+00:00,100264.57134626963
2025-07-20 17:47:00+00:00,100259.37683408066
2025-07-20 17:48:00+00:00,100244.30507211364
2025-07-20 17:49:00+00:00,100250.42077858243
2025-07-20 17:50:00+00:00,100254.66850776158
2025-07-20 17:51:00+00:00,100247.83631685293
2025-07-20 17:52:00+00:00,100248.16897034287
2025-07-20 17:53:00+00:00,100233.8136928157
2025-07-20 17:54:00+00:00,100237.60082485495
2025-07-20 17:55:00+00:00,100236.98669533507
2025-07-20 17:56:00+00:00,100232.48307885596
2025-07-20 17:57:00+00:00,100214.28949182956
2025-07-20 17:58:00+00:00,100236.9099291451
2025-07-20 17:59:00+00:00,100227.87710745688
2025-07-20 18:00:00+00:00,100258.09739758092
2025-07-20 18:01:00+00:00,100262.60101406003
2025-07-20 18:02:00+00:00,100267.59081640904
2025-07-20 18:03:00+00:00,100264.00839420974
2025-07-20 18:04:00+00:00,100253.46583745182
2025-07-20 18:05:00+00:00,100265.7740165794
2025-07-20 18:06:00+00:00,100275.98391984738
2025-07-20 18:07:00+00:00,100262.42189295005
2025-07-20 18:08:00+00:00,100266.84874323918
2025-07-20 18:09:00+00:00,100260.65627058041
2025-07-20 18:10:00+00:00,100264.26428150969
2025-07-20 18:11:00+00:00,100262.1660056501
2025-07-20 18:12:00+00:00,100268.2561233889
2025-07-20 18:13:00+00:00,100268.2561233889
2025-07-20 18:14:00+00:00,100275.65126635745
2025-07-20 18:15:00+00:00,100265.72283911941
2025-07-20 18:16:00+00:00,100263.82927309978
2025-07-20 18:17:00+00:00,100255.51293585142
2025-07-20 18:18:00+00:00,100256.81796108116
2025-07-20 18:19:00+00:00,100257.56003425102
2025-07-20 18:20:00+00:00,100248.96222097271
2025-07-20 18:21:00+00:00,100264.2386927797
2025-07-20 18:22:00+00:00,100261.50069867024
2025-07-20 18:23:00+00:00,100272.14561034813
2025-07-20 18:24:00+00:00,100268.33288957889
2025-07-20 18:25:00+00:00,100273.98799890777
2025-07-20 18:26:00+00:00,100271.3011822583
2025-07-20 18:27:00+00:00,100275.49773397748
2025-07-20 18:28:00+00:00,100281.86932774622
2025-07-20 18:29:00+00:00,100276.00950857738
2025-07-20 18:30:00+00:00,100254.25908808167
2025-07-20 18:31:00+00:00,100273.11798208795
2025-07-20 18:32:00+00:00,100257.58562298102
2025-07-20 18:33:00+00:00,100250.42077858243
2025-07-20 18:34:00+00:00,100273.27151446791
2025-07-20 18:35:00+00:00,100275.77921000741
2025-07-20 18:36:00+00:00,100265.7996053094
2025-07-20 18:37:00+00:00,100275.8815649274
2025-07-20 18:38:00+00:00,100265.41577435947
2025-07-20 18:39:00+00:00,100270.8661738484
2025-07-20 18:40:00+00:00,100276.03509730737
2025-07-20 18:41:00+00:00,100274.06476509775
2025-07-20 18:42:00+00:00,100277.05864650717
2025-07-20 18:43:00+00:00,100280.84577854641
2025-07-20 18:44:00+00:00,100285.70763724546
2025-07-20 18:45:00+00:00,100298.50200224292
2025-07-20 18:46:00+00:00,100312.8572797701
2025-07-20 18:47:00+00:00,100324.09073223788
2025-07-20 18:48:00+00:00,100315.9023386395
2025-07-20 18:49:00+00:00,100318.61474401897
2025-07-20 18:50:00+00:00,100325.75399968756
2025-07-20 18:51:00+00:00,100333.25149757607
2025-07-20 18:52:00+00:00,100331.25557663647
2025-07-20 18:53:00+00:00,100335.86154803555
2025-07-20 18:54:00+00:00,100331.25557663647
2025-07-20 18:55:00+00:00,100333.81444963596
2025-07-20 18:56:00+00:00,100320.53389876858
2025-07-20 18:57:00+00:00,100313.3946431
2025-07-20 18:58:00+00:00,100317.82149338911
2025-07-20 18:59:00+00:00,100316.43970196939
2025-07-20 19:00:00+00:00,100317.94943703909
2025-07-20 19:01:00+00:00,100324.60250683778
2025-07-20 19:02:00+00:00,100330.76939076657
2025-07-20 19:03:00+00:00,100329.25965569686
2025-07-20 19:04:00+00:00,100339.95574483475
2025-07-20 19:05:00+00:00,100333.584151066
2025-07-20 19:06:00+00:00,100322.14598875826
2025-07-20 19:07:00+00:00,100330.74380203657
2025-07-20 19:08:00+00:00,100326.70078269736
2025-07-20 19:09:00+00:00,100350.52389032266
2025-07-20 19:10:00+00:00,100366.84950005944
2025-07-20 19:11:00+00:00,100360.09407534078
2025-07-20 19:12:00+00:00,100357.33049250132
2025-07-20 19:13:00+00:00,100351.77773809241
2025-07-20 19:14:00+00:00,100356.86989536141
2025-07-20 19:15:00+00:00,100366.82391132944
2025-07-20 19:16:00+00:00,100338.1133562751
2025-07-20 19:17:00+00:00,100346.7623470134
2025-07-20 19:18:00+00:00,100351.77773809241
2025-07-20 19:19:00+00:00,100332.84207789614
2025-07-20 19:20:00+00:00,100348.68150176303
2025-07-20 19:21:00+00:00,100346.71116955341
2025-07-20 19:22:00+00:00,100344.56171623383
2025-07-20 19:23:00+00:00,100352.26392396231
2025-07-20 19:24:00+00:00,100356.3581207615
2025-07-20 19:25:00+00:00,100365.23741006975
2025-07-20 19:26:00+00:00,100361.32233438053
2025-07-20 19:27:00+00:00,100358.55875154107
2025-07-20 19:28:00+00:00,100362.75530326024
2025-07-20 19:29:00+00:00,100362.75530326024
2025-07-20 19:30:00+00:00,100362.9856018302
2025-07-20 19:31:00+00:00,100354.82279696182
2025-07-20 19:32:00+00:00,100346.53204844345
2025-07-20 19:33:00+00:00,100354.79720823182
2025-07-20 19:34:00+00:00,100352.75010983221
2025-07-20 19:35:00+00:00,100351.59861698245
2025-07-20 19:36:00+00:00,100335.01711994573
2025-07-20 19:37:00+00:00,100339.11131674491
2025-07-20 19:38:00+00:00,100340.49310816464
2025-07-20 19:39:00+00:00,100339.49514769483
2025-07-20 19:40:00+00:00,100341.95166577435
2025-07-20 19:41:00+00:00,100326.31695174745
2025-07-20 19:42:00+00:00,100324.21867588785
2025-07-20 19:43:00+00:00,100316.92588783929
2025-07-20 19:44:00+00:00,100311.8337305703
2025-07-20 19:45:00+00:00,100318.23091306904
2025-07-20 19:46:00+00:00,100322.04363383829
2025-07-20 19:47:00+00:00,100324.29544207784
2025-07-20 19:48:00+00:00,100324.60250683778
2025-07-20 19:49:00+00:00,100321.55744796837
2025-07-20 19:50:00+00:00,100313.08757834006
2025-07-20 19:51:00+00:00,100314.9043781697
2025-07-20 19:52:00+00:00,100313.36905436999
2025-07-20 19:53:00+00:00,100310.14487439064
2025-07-20 19:54:00+00:00,100307.20217044122
2025-07-20 19:55:00+00:00,100291.92569863424
2025-07-20 19:56:00+00:00,100282.68816710605
2025-07-20 19:57:00+00:00,100279.84781807661
2025-07-20 19:58:00+00:00,100279.84781807661
2025-07-20 19:59:00+00:00,100265.7996053094
2025-07-20 20:00:00+00:00,100259.93978614055
2025-07-20 20:01:00+00:00,100250.44636731243
2025-07-20 20:02:00+00:00,100236.06550105526
2025-07-20 20:03:00+00:00,100224.85763731747
2025-07-20 20:04:00+00:00,100211.50032026011
2025-07-20 20:05:00+00:00,100204.87283919142
2025-07-20 20:06:00+00:00,100235.06754058546
2025-07-20 20:07:00+00:00,100213.80330595965
2025-07-20 20:08:00+00:00,100235.34901661541
2025-07-20 20:09:00+00:00,100228.67035808672
2025-07-20 20:10:00+00:00,100206.35698553112
2025-07-20 20:11:00+00:00,100209.5043993205
2025-07-20 20:12:00+00:00,100209.96499646042
2025-07-20 20:13:00+00:00,100214.5965565895
2025-07-20 20:14:00+00:00,100239.54556833458
2025-07-20 20:15:00+00:00,100258.09739758092
2025-07-20 20:16:00+00:00,100266.2857911793
2025-07-20 20:17:00+00:00,100275.98391984738
2025-07-20 20:18:00+00:00,100270.89176257838
2025-07-20 20:19:00+00:00,100271.40353717828
2025-07-20 20:20:00+00:00,100251.46991651221
2025-07-20 20:21:00+00:00,100227.36533285698
2025-07-20 20:22:00+00:00,100231.86894933609
2025-07-20 20:23:00+00:00,100234.70929836553
2025-07-20 20:24:00+00:00,100236.11667851525
2025-07-20 20:25:00+00:00,100242.71857085395
2025-07-20 20:26:00+00:00,100245.20067766347
2025-07-20 20:27:00+00:00,100232.63661123594
2025-07-20 20:28:00+00:00,100234.27428995562
2025-07-20 20:29:00+00:00,100246.81276765314
2025-07-20 20:30:00+00:00,100257.84151028097
2025-07-20 20:31:00+00:00,100254.48938665162
2025-07-20 20:32:00+00:00,100263.93162801975
2025-07-20 20:33:00+00:00,100265.7484278494
2025-07-20 20:34:00+00:00,100250.67666588238
2025-07-20 20:35:00+00:00,100245.86598464333
2025-07-20 20:36:00+00:00,100243.48623275378
2025-07-20 20:37:00+00:00,100255.53852458141
2025-07-20 20:38:00+00:00,100259.73507630058
2025-07-20 20:39:00+00:00,100261.01451280034
2025-07-20 20:40:00+00:00,100259.30006789067
2025-07-20 20:41:00+00:00,100267.02786434915
2025-07-20 20:42:00+00:00,100266.82315450918
2025-07-20 20:43:00+00:00,100266.82315450918
2025-07-20 20:44:00+00:00,100270.35439924849
2025-07-20 20:45:00+00:00,100276.9307028572
2025-07-20 20:46:00+00:00,100282.09962631617
2025-07-20 20:47:00+00:00,100283.60936138587
2025-07-20 20:48:00+00:00,100286.65442025528
2025-07-20 20:49:00+00:00,100293.40984497394
2025-07-20 20:50:00+00:00,100292.33511831415
2025-07-20 20:51:00+00:00,100286.96148501521
2025-07-20 20:52:00+00:00,100285.40057248552
2025-07-20 20:53:00+00:00,100284.93997534561
2025-07-20 20:54:00+00:00,100265.2622419795
2025-07-20 20:55:00+00:00,100266.79756577918
2025-07-20 20:56:00+00:00,100248.37368018283
2025-07-20 20:57:00+00:00,100254.00320078172
2025-07-20 20:58:00+00:00,100252.69817555198
2025-07-20 20:59:00+00:00,100248.39926891282
2025-07-20 21:00:00+00:00,100241.20883578424
2025-07-20 21:01:00+00:00,100239.64792325455
2025-07-20 21:02:00+00:00,100229.25889887661
2025-07-20 21:03:00+00:00,100227.87710745688
2025-07-20 21:04:00+00:00,100206.5105179111
2025-07-20 21:05:00+00:00,100207.9946642508
2025-07-20 21:06:00+00:00,100199.26890732252
2025-07-20 21:07:00+00:00,100201.08570715218
2025-07-20 21:08:00+00:00,100202.56985349188
2025-07-20 21:09:00+00:00,100191.05492499415
2025-07-20 21:10:00+00:00,100201.26482826212
2025-07-20 21:11:00+00:00,100204.71930681144
2025-07-20 21:12:00+00:00,100204.71930681144
2025-07-20 21:13:00+00:00,100200.67628747225
2025-07-20 21:14:00+00:00,100233.35309567579
2025-07-20 21:15:00+00:00,100213.67536230967
2025-07-20 21:16:00+00:00,100217.6672041889
2025-07-20 21:17:00+00:00,100209.5043993205
2025-07-20 21:18:00+00:00,100204.69371808146
2025-07-20 21:19:00+00:00,100193.20437831372
2025-07-20 21:20:00+00:00,100187.7539788248
2025-07-20 21:21:00+00:00,100188.7263505646
2025-07-20 21:22:00+00:00,100198.21976939273
2025-07-20 21:23:00+00:00,100212.52386945991
2025-07-20 21:24:00+00:00,100221.73581225809
2025-07-20 21:25:00+00:00,100236.55168692517
2025-07-20 21:26:00+00:00,100238.13818818485
2025-07-20 21:27:00+00:00,100248.27132526285
2025-07-20 21:28:00+00:00,100257.58562298102
2025-07-20 21:29:00+00:00,100250.42077858243
2025-07-20 21:30:00+00:00,100264.2386927797
2025-07-20 21:31:00+00:00,100256.79237235116
2025-07-20 21:32:00+00:00,100245.02155655349
2025-07-20 21:33:00+00:00,100254.54056411161
2025-07-20 21:34:00+00:00,100250.44636731243
2025-07-20 21:35:00+00:00,100250.42077858243
2025-07-20 21:36:00+00:00,100233.25074075582
2025-07-20 21:37:00+00:00,100202.54426476188
2025-07-20 21:38:00+00:00,100211.24443296016
2025-07-20 21:39:00+00:00,100222.60582907792
2025-07-20 21:40:00+00:00,100211.27002169016
2025-07-20 21:41:00+00:00,100228.67035808672
2025-07-20 21:42:00+00:00,100229.87302839648
2025-07-20 21:43:00+00:00,100230.23127061641
2025-07-20 21:44:00+00:00,100231.22923108621
2025-07-20 21:45:00+00:00,100231.22923108621
2025-07-20 21:46:00+00:00,100234.93959693548
2025-07-20 21:47:00+00:00,100235.04195185546
2025-07-20 21:48:00+00:00,100235.06754058546
2025-07-20 21:49:00+00:00,100232.45749012598
2025-07-20 21:50:00+00:00,100232.45749012598
2025-07-20 21:51:00+00:00,100236.01432359527
2025-07-20 21:52:00+00:00,100240.10852039445
2025-07-20 21:53:00+00:00,100240.15969785445
2025-07-20 21:54:00+00:00,100231.86894933609
2025-07-20 21:55:00+00:00,100230.51274664636
2025-07-20 21:56:00+00:00,100229.46360871656
2025-07-20 21:57:00+00:00,100227.39092158698
2025-07-20 21:58:00+00:00,100225.67647667731
2025-07-20 21:59:00+00:00,100225.7020654073
2025-07-20 22:00:00+00:00,100165.9779695991
2025-07-20 22:01:00+00:00,100173.16840272768
2025-07-20 22:02:00+00:00,100181.81739346597
2025-07-20 22:03:00+00:00,100184.42744392547
2025-07-20 22:04:00+00:00,100137.34418073476
2025-07-20 22:05:00+00:00,100161.3719982
2025-07-20 22:06:00+00:00,100162.9329107297
2025-07-20 22:07:00+00:00,100111.98574930977
2025-07-20 22:08:00+00:00,100053.46432381132
2025-07-20 22:09:00+00:00,100076.41741461678
2025-07-20 22:10:00+00:00,100022.50196051743
2025-07-20 22:11:00+00:00,100035.44985789487
2025-07-20 22:12:00+00:00,99998.8067965421
2025-07-20 22:13:00+00:00,99973.34601019713
2025-07-20 22:14:00+00:00,99947.1943281423
2025-07-20 22:15:00+00:00,99975.18839875677
2025-07-20 22:16:00+00:00,99859.6296940996
2025-07-20 22:17:00+00:00,99862.0862121791
2025-07-20 22:18:00+00:00,99871.68198592721
2025-07-20 22:19:00+00:00,99952.31207414129
2025-07-20 22:20:00+00:00,99969.22622466795
2025-07-20 22:21:00+00:00,99928.23307921604
2025-07-20 22:22:00+00:00,99940.51566961361
2025-07-20 22:23:00+00:00,99980.22937856578
2025-07-20 22:24:00+00:00,99999.62563590195
2025-07-20 22:25:00+00:00,100037.54813375446
2025-07-20 22:26:00+00:00,100025.31672081687
2025-07-20 22:27:00+00:00,100042.61470229346
2025-07-20 22:28:00+00:00,100026.92881080655
2025-07-20 22:29:00+00:00,100039.16022374414
2025-07-20 22:30:00+00:00,100015.0300513589
2025-07-20 22:31:00+00:00,99999.65122463193
2025-07-20 22:32:00+00:00,100041.56556436367
2025-07-20 22:33:00+00:00,100054.20639698117
2025-07-20 22:34:00+00:00,100051.34045922174
2025-07-20 22:35:00+00:00,100064.87689738907
2025-07-20 22:36:00+00:00,100082.9681294955
2025-07-20 22:37:00+00:00,100079.74394951612
2025-07-20 22:38:00+00:00,100065.6957367489
2025-07-20 22:39:00+00:00,100061.03858788982
2025-07-20 22:40:00+00:00,100071.2740798878
2025-07-20 22:41:00+00:00,100082.81459711552
2025-07-20 22:42:00+00:00,100095.608962113
2025-07-20 22:43:00+00:00,100099.44727161224
2025-07-20 22:44:00+00:00,100123.73097637744
2025-07-20 22:45:00+00:00,100136.52534137492
2025-07-20 22:46:00+00:00,100080.02542554607
2025-07-20 22:47:00+00:00,100116.8476080088
2025-07-20 22:48:00+00:00,100094.43188053323
2025-07-20 22:49:00+00:00,100121.93976527778
2025-07-20 22:50:00+00:00,100131.66348267588
2025-07-20 22:51:00+00:00,100101.95496715175
2025-07-20 22:52:00+00:00,100099.98463494213
2025-07-20 22:53:00+00:00,100112.7789999396
2025-07-20 22:54:00+00:00,100125.03600160718
2025-07-20 22:55:00+00:00,100099.98463494213
2025-07-20 22:56:00+00:00,100095.17395370308
2025-07-20 22:57:00+00:00,100103.25999238149
2025-07-20 22:58:00+00:00,100107.12389061072
2025-07-20 22:59:00+00:00,100093.30597641345
2025-07-20 23:00:00+00:00,100058.50530362032
2025-07-20 23:01:00+00:00,100081.53516061578
2025-07-20 23:02:00+00:00,100062.62508914951
2025-07-20 23:03:00+00:00,100053.36196889133
2025-07-20 23:04:00+00:00,100046.76007655264
2025-07-20 23:05:00+00:00,100028.84796555618
2025-07-20 23:06:00+00:00,100065.95162404884
2025-07-20 23:07:00+00:00,100082.45635489559
2025-07-20 23:08:00+00:00,100097.50252813262
2025-07-20 23:09:00+00:00,100077.41537508658
2025-07-20 23:10:00+00:00,100070.45524052795
2025-07-20 23:11:00+00:00,100078.97628761627
2025-07-20 23:12:00+00:00,100064.59542135912
2025-07-20 23:13:00+00:00,100065.38867198896
2025-07-20 23:14:00+00:00,100066.15633388881
2025-07-20 23:15:00+00:00,100046.24830195274
2025-07-20 23:16:00+00:00,100050.82868462184
2025-07-20 23:17:00+00:00,100076.16152731684
2025-07-20 23:18:00+00:00,100059.29855425017
2025-07-20 23:19:00+00:00,100054.41110682112
2025-07-20 23:20:00+00:00,100068.2290210184
2025-07-20 23:21:00+00:00,100040.3628940539
2025-07-20 23:22:00+00:00,100051.92900001162
2025-07-20 23:23:00+00:00,100033.45393695527
2025-07-20 23:24:00+00:00,100044.68738942305
2025-07-20 23:25:00+00:00,100038.52050549426
2025-07-20 23:26:00+00:00,100054.92288142102
2025-07-20 23:27:00+00:00,100044.12443736316
2025-07-20 23:28:00+00:00,100028.7200219062
2025-07-20 23:29:00+00:00,100027.77323889639
2025-07-20 23:30:00+00:00,100047.78362575243
2025-07-20 23:31:00+00:00,100039.59523215405
2025-07-20 23:32:00+00:00,100037.52254502446
2025-07-20 23:33:00+00:00,100019.610434028
2025-07-20 23:34:00+00:00,100000.13741050185
2025-07-20 23:35:00+00:00,99986.85685963447
2025-07-20 23:36:00+00:00,100012.44558962941
2025-07-20 23:37:00+00:00,100035.3219142449
2025-07-20 23:38:00+00:00,99993.50992943314
2025-07-20 23:39:00+00:00,99992.7934449933
2025-07-20 23:40:00+00:00,100015.66976960878
2025-07-20 23:41:00+00:00,100021.29929020767
2025-07-20 23:42:00+00:00,100061.03858788982
2025-07-20 23:43:00+00:00,100048.88394114222
2025-07-20 23:44:00+00:00,100029.94828094596
2025-07-20 23:45:00+00:00,100047.37420607252
2025-07-20 23:46:00+00:00,100048.11627924237
2025-07-20 23:47:00+00:00,100016.66773007858
2025-07-20 23:48:00+00:00,100015.00446262892
2025-07-20 23:49:00+00:00,100035.44985789487
2025-07-20 23:50:00+00:00,100010.91026582972
2025-07-20 23:51:00+00:00,100017.5889243584
2025-07-20 23:52:00+00:00,100009.91230535992
2025-07-20 23:53:00+00:00,100015.49064849882
2025-07-20 23:54:00+00:00,100015.00446262892
2025-07-20 23:55:00+00:00,100024.03728431714
2025-07-20 23:56:00+00:00,100036.24310852471
2025-07-20 23:57:00+00:00,100040.4140715139
2025-07-20 23:58:00+00:00,100043.12647689335
2025-07-20 23:59:00+00:00,100035.50103535486
2025-07-21 00:00:00+00:00,100006.02281840068
2025-07-21 00:01:00+00:00,100011.16615312967
2025-07-21 00:02:00+00:00,100010.88467709972
2025-07-21 00:03:00+00:00,100031.91861315558
2025-07-21 00:04:00+00:00,100020.1477973579
2025-07-21 00:05:00+00:00,100006.86724649051
2025-07-21 00:06:00+00:00,100011.14056439967
2025-07-21 00:07:00+00:00,100024.31876034707
2025-07-21 00:08:00+00:00,100009.91230535992
2025-07-21 00:09:00+00:00,99996.47822211256
2025-07-21 00:10:00+00:00,99976.10959303658
2025-07-21 00:11:00+00:00,99986.85685963447
2025-07-21 00:12:00+00:00,99954.61505984084
2025-07-21 00:13:00+00:00,99946.73373100239
2025-07-21 00:14:00+00:00,99933.40200267502
2025-07-21 00:15:00+00:00,99942.25570325328
2025-07-21 00:16:00+00:00,99939.51770914381
2025-07-21 00:17:00+00:00,99936.60059392439
2025-07-21 00:18:00+00:00,99918.15111959804
2025-07-21 00:19:00+00:00,99876.8509093862
2025-07-21 00:20:00+00:00,99899.93194384163
2025-07-21 00:21:00+00:00,99892.92063182301
2025-07-21 00:22:00+00:00,99849.9571541615
2025-07-21 00:23:00+00:00,99860.49971091942
2025-07-21 00:24:00+00:00,99907.55738538012
2025-07-21 00:25:00+00:00,99941.1042104035
2025-07-21 00:26:00+00:00,99958.14630458014
2025-07-21 00:27:00+00:00,99958.17189331012
2025-07-21 00:28:00+00:00,99958.22307077012
2025-07-21 00:29:00+00:00,99946.1963676725
2025-07-21 00:30:00+00:00,99952.59355017124
2025-07-21 00:31:00+00:00,99956.3295047505
2025-07-21 00:32:00+00:00,99970.9918470376
2025-07-21 00:33:00+00:00,99943.35601864305
2025-07-21 00:34:00+00:00,99935.16762504468
2025-07-21 00:35:00+00:00,99945.40311704265
2025-07-21 00:36:00+00:00,99907.50620792013
2025-07-21 00:37:00+00:00,99950.52086304165
2025-07-21 00:38:00+00:00,99961.26812963952
2025-07-21 00:39:00+00:00,99958.73484537003
2025-07-21 00:40:00+00:00,100002.56833985136
2025-07-21 00:41:00+00:00,100003.23364683124
2025-07-21 00:42:00+00:00,100012.21529105946
2025-07-21 00:43:00+00:00,99965.77174611864
2025-07-21 00:44:00+00:00,99973.65307495708
2025-07-21 00:45:00+00:00,99938.26386137406
2025-07-21 00:46:00+00:00,99957.42982014027
2025-07-21 00:47:00+00:00,99961.08900852955
2025-07-21 00:48:00+00:00,100005.79251983072
2025-07-21 00:49:00+00:00,100020.1222086279
2025-07-21 00:50:00+00:00,100014.97887389892
2025-07-21 00:51:00+00:00,100018.04952149831
2025-07-21 00:52:00+00:00,100004.48749460098
2025-07-21 00:53:00+00:00,100033.14687219533
2025-07-21 00:54:00+00:00,99997.93677972228
2025-07-21 00:55:00+00:00,99990.92546770367
2025-07-21 00:56:00+00:00,100032.40479902548
2025-07-21 00:57:00+00:00,100038.52050549426
2025-07-21 00:58:00+00:00,100035.50103535486
2025-07-21 00:59:00+00:00,100059.45208663013
2025-07-21 01:00:00+00:00,100051.36604795173
2025-07-21 01:01:00+00:00,100052.36400842153
2025-07-21 01:02:00+00:00,100059.50326409012
2025-07-21 01:03:00+00:00,100070.35288560798
2025-07-21 01:04:00+00:00,100047.78362575243
2025-07-21 01:05:00+00:00,100063.6486383493
2025-07-21 01:06:00+00:00,100058.47971489033
2025-07-21 01:07:00+00:00,100082.55870981557
2025-07-21 01:08:00+00:00,100064.26276786918
2025-07-21 01:09:00+00:00,100050.54720859189
2025-07-21 01:10:00+00:00,100023.39756606726
2025-07-21 01:11:00+00:00,100021.99018591753
2025-07-21 01:12:00+00:00,100031.91861315558
2025-07-21 01:13:00+00:00,100025.26554335689
2025-07-21 01:14:00+00:00,100012.47117835941
2025-07-21 01:15:00+00:00,100034.19601012512
2025-07-21 01:16:00+00:00,100019.0986594281
2025-07-21 01:17:00+00:00,100031.71390331561
2025-07-21 01:18:00+00:00,100022.27166194748
2025-07-21 01:19:00+00:00,100008.4281590202
2025-07-21 01:20:00+00:00,100000.95624986169
2025-07-21 01:21:00+00:00,99985.32153583477
2025-07-21 01:22:00+00:00,99995.04525323285
2025-07-21 01:23:00+00:00,100000.93066113169
2025-07-21 01:24:00+00:00,100004.12925238106
2025-07-21 01:25:00+00:00,99990.7207578637
2025-07-21 01:26:00+00:00,99985.50065694473
2025-07-21 01:27:00+00:00,99996.60616576254
2025-07-21 01:28:00+00:00,100013.31560644924
2025-07-21 01:29:00+00:00,100004.385139681
2025-07-21 01:30:00+00:00,100013.31560644924
2025-07-21 01:31:00+00:00,100011.16615312967
2025-07-21 01:32:00+00:00,100023.55109844722
2025-07-21 01:33:00+00:00,99995.48026164276
2025-07-21 01:34:00+00:00,99966.38587563852
2025-07-21 01:35:00+00:00,99960.75635503963
2025-07-21 01:36:00+00:00,99926.97923144628
2025-07-21 01:37:00+00:00,99931.09901697548
2025-07-21 01:38:00+00:00,99921.75913052732
2025-07-21 01:39:00+00:00,99921.29853338741
2025-07-21 01:40:00+00:00,99937.85444169414
2025-07-21 01:41:00+00:00,99952.2608966813
2025-07-21 01:42:00+00:00,99942.35805817325
2025-07-21 01:43:00+00:00,99955.61302031064
2025-07-21 01:44:00+00:00,99962.52197740927
2025-07-21 01:45:00+00:00,99963.85259136901
2025-07-21 01:46:00+00:00,99966.87206150842
2025-07-21 01:47:00+00:00,99965.56703627868
2025-07-21 01:48:00+00:00,99948.52494210203
2025-07-21 01:49:00+00:00,99988.13629613421
2025-07-21 01:50:00+00:00,99989.97868469385
2025-07-21 01:51:00+00:00,99984.29798663498
2025-07-21 01:52:00+00:00,100004.28278476103
2025-07-21 01:53:00+00:00,100014.90210770893
2025-07-21 01:54:00+00:00,100006.81606903052
2025-07-21 01:55:00+00:00,100020.0966198979
2025-07-21 01:56:00+00:00,100030.12740205592
2025-07-21 01:57:00+00:00,100039.16022374414
2025-07-21 01:58:00+00:00,100048.90952987221
2025-07-21 01:59:00+00:00,100048.26981162233
2025-07-21 02:00:00+00:00,100055.97201935083
2025-07-21 02:01:00+00:00,100067.7428351485
2025-07-21 02:02:00+00:00,100090.15856262407
2025-07-21 02:03:00+00:00,100096.83722115276
2025-07-21 02:04:00+00:00,100101.98055588173
2025-07-21 02:05:00+00:00,100099.49844907223
2025-07-21 02:06:00+00:00,100107.32860045068
2025-07-21 02:07:00+00:00,100114.18638008932
2025-07-21 02:08:00+00:00,100126.28984937693
2025-07-21 02:09:00+00:00,100176.05992921711
2025-07-21 02:10:00+00:00,100194.15116132353
2025-07-21 02:11:00+00:00,100208.83909234064
2025-07-21 02:12:00+00:00,100206.53610664108
2025-07-21 02:13:00+00:00,100221.58227987812
2025-07-21 02:14:00+00:00,100204.36106459152
2025-07-21 02:15:00+00:00,100188.2401646947
2025-07-21 02:16:00+00:00,100169.07420592848
2025-07-21 02:17:00+00:00,100160.8858123301
2025-07-21 02:18:00+00:00,100156.331018391
2025-07-21 02:19:00+00:00,100150.3176668422
2025-07-21 02:20:00+00:00,100158.53164917056
2025-07-21 02:21:00+00:00,100160.3740377302
2025-07-21 02:22:00+00:00,100172.40074082784
2025-07-21 02:23:00+00:00,100165.10795277928
2025-07-21 02:24:00+00:00,100178.77233459658
2025-07-21 02:25:00+00:00,100191.05492499415
2025-07-21 02:26:00+00:00,100209.42763313052
2025-07-21 02:27:00+00:00,100220.71226305829
2025-07-21 02:28:00+00:00,100220.48196448834
2025-07-21 02:29:00+00:00,100234.8116532855
2025-07-21 02:30:00+00:00,100211.52590899011
2025-07-21 02:31:00+00:00,100204.07958856158
2025-07-21 02:32:00+00:00,100212.5494581899
2025-07-21 02:33:00+00:00,100212.72857929987
2025-07-21 02:34:00+00:00,100211.52590899011
2025-07-21 02:35:00+00:00,100223.55261208773
2025-07-21 02:36:00+00:00,100207.40612346091
2025-07-21 02:37:00+00:00,100184.24832281549
2025-07-21 02:38:00+00:00,100184.88804106537
2025-07-21 02:39:00+00:00,100205.35902506132
2025-07-21 02:40:00+00:00,100210.42559360032
2025-07-21 02:41:00+00:00,100214.34066928955
2025-07-21 02:42:00+00:00,100203.4654590417
2025-07-21 02:43:00+00:00,100182.32916806587
2025-07-21 02:44:00+00:00,100188.13780977472
2025-07-21 02:45:00+00:00,100167.53888212879
2025-07-21 02:46:00+00:00,100170.89100575812
2025-07-21 02:47:00+00:00,100180.79384426617
2025-07-21 02:48:00+00:00,100182.12445822591
2025-07-21 02:49:00+00:00,100188.98223786455
2025-07-21 02:50:00+00:00,100202.49308730189
2025-07-21 02:51:00+00:00,100225.59971048732
2025-07-21 02:52:00+00:00,100218.94664068863
2025-07-21 02:53:00+00:00,100218.69075338868
2025-07-21 02:54:00+00:00,100205.4102025213
2025-07-21 02:55:00+00:00,100211.52590899011
2025-07-21 02:56:00+00:00,100224.03879795763
2025-07-21 02:57:00+00:00,100230.94775505627
2025-07-21 02:58:00+00:00,100230.87098886629
2025-07-21 02:59:00+00:00,100274.01358763778
2025-07-21 03:00:00+00:00,100261.1680451803
2025-07-21 03:01:00+00:00,100272.93886097797
2025-07-21 03:02:00+00:00,100302.11001317222
2025-07-21 03:03:00+00:00,100333.25149757607
2025-07-21 03:04:00+00:00,100318.94739750889
2025-07-21 03:05:00+00:00,100339.46955896485
2025-07-21 03:06:00+00:00,100345.09907956373
2025-07-21 03:07:00+00:00,100338.44600976504
2025-07-21 03:08:00+00:00,100344.40818385387
2025-07-21 03:09:00+00:00,100338.93219563494
2025-07-21 03:10:00+00:00,100355.56487013167
2025-07-21 03:11:00+00:00,100334.40299042585
2025-07-21 03:12:00+00:00,100317.8982595791
2025-07-21 03:13:00+00:00,100328.41522760702
2025-07-21 03:14:00+00:00,100336.1430240655
2025-07-21 03:15:00+00:00,100328.18492903707
2025-07-21 03:16:00+00:00,100344.38259512387
2025-07-21 03:17:00+00:00,100352.77569856221
2025-07-21 03:18:00+00:00,100357.4072586913
2025-07-21 03:19:00+00:00,100359.07052614097
2025-07-21 03:20:00+00:00,100356.02546727157
2025-07-21 03:21:00+00:00,100339.6998575348
2025-07-21 03:22:00+00:00,100323.57895763798
2025-07-21 03:23:00+00:00,100324.19308715785
2025-07-21 03:24:00+00:00,100320.4827213086
2025-07-21 03:25:00+00:00,100328.46640506701
2025-07-21 03:26:00+00:00,100337.39687183526
2025-07-21 03:27:00+00:00,100334.32622423586
2025-07-21 03:28:00+00:00,100334.35181296585
2025-07-21 03:29:00+00:00,100350.70301143262
2025-07-21 03:30:00+00:00,100355.76957997162
2025-07-21 03:31:00+00:00,100365.54447482969
2025-07-21 03:32:00+00:00,100372.70931922828
2025-07-21 03:33:00+00:00,100373.22109382818
2025-07-21 03:34:00+00:00,100374.73082889788
2025-07-21 03:35:00+00:00,100381.53743107653
2025-07-21 03:36:00+00:00,100355.30898283172
2025-07-21 03:37:00+00:00,100348.34884827309
2025-07-21 03:38:00+00:00,100330.25761616667
2025-07-21 03:39:00+00:00,100334.35181296585
2025-07-21 03:40:00+00:00,100334.35181296585
2025-07-21 03:41:00+00:00,100323.14394922806
2025-07-21 03:42:00+00:00,100327.23814602726
2025-07-21 03:43:00+00:00,100335.27300724568
2025-07-21 03:44:00+00:00,100334.35181296585
2025-07-21 03:45:00+00:00,100313.98318388988
2025-07-21 03:46:00+00:00,100313.85524023991
2025-07-21 03:47:00+00:00,100321.40391558841
2025-07-21 03:48:00+00:00,100322.58099716817
2025-07-21 03:49:00+00:00,100316.92588783929
2025-07-21 03:50:00+00:00,100309.27485757081
2025-07-21 03:51:00+00:00,100302.87767507207
2025-07-21 03:52:00+00:00,100298.75788954287
2025-07-21 03:53:00+00:00,100292.25835212416
2025-07-21 03:54:00+00:00,100302.59619904212
2025-07-21 03:55:00+00:00,100303.36386094197
2025-07-21 03:56:00+00:00,100317.25854132923
2025-07-21 03:57:00+00:00,100320.76419733853
2025-07-21 03:58:00+00:00,100331.28116536647
2025-07-21 03:59:00+00:00,100326.67519396737
2025-07-21 04:00:00+00:00,100326.16341936747
2025-07-21 04:01:00+00:00,100324.62809556778
2025-07-21 04:02:00+00:00,100308.96779281087
2025-07-21 04:03:00+00:00,100323.06718303807
2025-07-21 04:04:00+00:00,100331.69058504638
2025-07-21 04:05:00+00:00,100322.58099716817
2025-07-21 04:06:00+00:00,100320.50831003858
2025-07-21 04:07:00+00:00,100307.89306615108
2025-07-21 04:08:00+00:00,100300.31880207258
2025-07-21 04:09:00+00:00,100319.9965354387
2025-07-21 04:10:00+00:00,100314.57172467976
2025-07-21 04:11:00+00:00,100319.4847608388
2025-07-21 04:12:00+00:00,100311.57784327035
2025-07-21 04:13:00+00:00,100303.08238491204
2025-07-21 04:14:00+00:00,100318.84504258892
2025-07-21 04:15:00+00:00,100304.97595093165
2025-07-21 04:16:00+00:00,100298.6555346229
2025-07-21 04:17:00+00:00,100303.67092570191
2025-07-21 04:18:00+00:00,100310.8101813705
2025-07-21 04:19:00+00:00,100312.8572797701
2025-07-21 04:20:00+00:00,100309.3516237608
2025-07-21 04:21:00+00:00,100318.9985749689
2025-07-21 04:22:00+00:00,100349.11651017294
2025-07-21 04:23:00+00:00,100358.22609805113
2025-07-21 04:24:00+00:00,100374.83318381786
2025-07-21 04:25:00+00:00,100351.49626206247
2025-07-21 04:26:00+00:00,100356.79312917142
2025-07-21 04:27:00+00:00,100351.80332682241
2025-07-21 04:28:00+00:00,100339.85338991476
2025-07-21 04:29:00+00:00,100337.19216199529
2025-07-21 04:30:00+00:00,100337.88305770516
2025-07-21 04:31:00+00:00,100358.07256567117
2025-07-21 04:32:00+00:00,100357.17696012135
2025-07-21 04:33:00+00:00,100361.4246893005
2025-07-21 04:34:00+00:00,100364.31621578994
2025-07-21 04:35:00+00:00,100357.56079107127
2025-07-21 04:36:00+00:00,100361.88528644042
2025-07-21 04:37:00+00:00,100358.891405031
2025-07-21 04:38:00+00:00,100367.92422671922
2025-07-21 04:39:00+00:00,100369.51072797891
2025-07-21 04:40:00+00:00,100368.6151224291
2025-07-21 04:41:00+00:00,100380.41152695676
2025-07-21 04:42:00+00:00,100386.55282215554
2025-07-21 04:43:00+00:00,100383.48217455615
2025-07-21 04:44:00+00:00,100370.71339828867
2025-07-21 04:45:00+00:00,100362.0132300904
2025-07-21 04:46:00+00:00,100365.46770863971
2025-07-21 04:47:00+00:00,100360.04289788078
2025-07-21 04:48:00+00:00,100361.55263295048
2025-07-21 04:49:00+00:00,100350.72860016262
2025-07-21 04:50:00+00:00,100350.72860016262
2025-07-21 04:51:00+00:00,100343.97317544396
2025-07-21 04:52:00+00:00,100335.19624105569
2025-07-21 04:53:00+00:00,100335.52889454563
2025-07-21 04:54:00+00:00,100326.0610644475
2025-07-21 04:55:00+00:00,100322.37628732822
2025-07-21 04:56:00+00:00,100320.58507622857
2025-07-21 04:57:00+00:00,100310.2728180406
2025-07-21 04:58:00+00:00,100306.71598457132
2025-07-21 04:59:00+00:00,100311.57784327035
2025-07-21 05:00:00+00:00,100306.51127473135
2025-07-21 05:01:00+00:00,100305.18066077161
2025-07-21 05:02:00+00:00,100321.04567336848
2025-07-21 05:03:00+00:00,100324.09073223788
2025-07-21 05:04:00+00:00,100314.08553880986
2025-07-21 05:05:00+00:00,100300.29321334258
2025-07-21 05:06:00+00:00,100286.37294422532
2025-07-21 05:07:00+00:00,100307.71394504112
2025-07-21 05:08:00+00:00,100298.24611494297
2025-07-21 05:09:00+00:00,100291.90010990424
2025-07-21 05:10:00+00:00,100298.22052621299
2025-07-21 05:11:00+00:00,100304.69447490171
2025-07-21 05:12:00+00:00,100312.72933612013
2025-07-21 05:13:00+00:00,100311.50107708036
2025-07-21 05:14:00+00:00,100317.48883989919
2025-07-21 05:15:00+00:00,100308.37925202098
2025-07-21 05:16:00+00:00,100298.01581637302
2025-07-21 05:17:00+00:00,100300.54910064253
2025-07-21 05:18:00+00:00,100302.2379568222
2025-07-21 05:19:00+00:00,100302.2379568222
2025-07-21 05:20:00+00:00,100300.52351191253
2025-07-21 05:21:00+00:00,100299.78143874268
2025-07-21 05:22:00+00:00,100282.81611075603
2025-07-21 05:23:00+00:00,100272.12002161815
2025-07-21 05:24:00+00:00,100274.42300731769
2025-07-21 05:25:00+00:00,100274.3206523977
2025-07-21 05:26:00+00:00,100270.35439924849
2025-07-21 05:27:00+00:00,100275.98391984738
2025-07-21 05:28:00+00:00,100279.59193077666
2025-07-21 05:29:00+00:00,100278.03101824697
2025-07-21 05:30:00+00:00,100286.16823438538
2025-07-21 05:31:00+00:00,100284.09554725577
2025-07-21 05:32:00+00:00,100294.91958004364
2025-07-21 05:33:00+00:00,100292.89807037404
2025-07-21 05:34:00+00:00,100285.73322597545
2025-07-21 05:35:00+00:00,100285.37498375552
2025-07-21 05:36:00+00:00,100303.33827221199
2025-07-21 05:37:00+00:00,100300.57468937253
2025-07-21 05:38:00+00:00,100313.18993326003
2025-07-21 05:39:00+00:00,100304.20828903181
2025-07-21 05:40:00+00:00,100311.3219559704
2025-07-21 05:41:00+00:00,100308.37925202098
2025-07-21 05:42:00+00:00,100307.04863806124
2025-07-21 05:43:00+00:00,100308.20013091102
2025-07-21 05:44:00+00:00,100305.69243537151
2025-07-21 05:45:00+00:00,100305.20624950161
2025-07-21 05:46:00+00:00,100300.72822175249
2025-07-21 05:47:00+00:00,100302.2123680922
2025-07-21 05:48:00+00:00,100305.35978188158
2025-07-21 05:49:00+00:00,100304.13152284181
2025-07-21 05:50:00+00:00,100305.48772553155
2025-07-21 05:51:00+00:00,100327.16137983727
2025-07-21 05:52:00+00:00,100325.08869270768
2025-07-21 05:53:00+00:00,100317.23295259924
2025-07-21 05:54:00+00:00,100312.8572797701
2025-07-21 05:55:00+00:00,100327.13579110728
2025-07-21 05:56:00+00:00,100333.78886090597
2025-07-21 05:57:00+00:00,100330.35997108664
2025-07-21 05:58:00+00:00,100323.39983652801
2025-07-21 05:59:00+00:00,100333.91680455593
2025-07-21 06:00:00+00:00,100334.81241010576
2025-07-21 06:01:00+00:00,100322.78570700814
2025-07-21 06:02:00+00:00,100312.88286850009
2025-07-21 06:03:00+00:00,100301.62382730232
2025-07-21 06:04:00+00:00,100297.96463891304
2025-07-21 06:05:00+00:00,100296.50608130332
2025-07-21 06:06:00+00:00,100313.03640088005
2025-07-21 06:07:00+00:00,100305.69243537151
2025-07-21 06:08:00+00:00,100303.64533697191
2025-07-21 06:09:00+00:00,100303.64533697191
2025-07-21 06:10:00+00:00,100308.60955059093
2025-07-21 06:11:00+00:00,100308.58396186095
2025-07-21 06:12:00+00:00,100314.64849086975
2025-07-21 06:13:00+00:00,100303.87563554187
2025-07-21 06:14:00+00:00,100319.53593829878
2025-07-21 06:15:00+00:00,100321.91569018831
2025-07-21 06:16:00+00:00,100324.37220826783
2025-07-21 06:17:00+00:00,100337.47363802523
2025-07-21 06:18:00+00:00,100355.07868426177
2025-07-21 06:19:00+00:00,100370.66222082869
2025-07-21 06:20:00+00:00,100368.64071115908
2025-07-21 06:21:00+00:00,100380.92330155666
2025-07-21 06:22:00+00:00,100387.39725024538
2025-07-21 06:23:00+00:00,100415.72397434979
2025-07-21 06:24:00+00:00,100407.5355807514
2025-07-21 06:25:00+00:00,100429.56747727706
2025-07-21 06:26:00+00:00,100435.9390710458
2025-07-21 06:27:00+00:00,100436.4508456457
2025-07-21 06:28:00+00:00,100442.13154370457
2025-07-21 06:29:00+00:00,100442.84802814444
2025-07-21 06:30:00+00:00,100480.28434012704
2025-07-21 06:31:00+00:00,100506.43602218188
2025-07-21 06:32:00+00:00,100514.54764959027
2025-07-21 06:33:00+00:00,100530.36148472715
2025-07-21 06:34:00+00:00,100541.67170338491
2025-07-21 06:35:00+00:00,100538.54987832553
2025-07-21 06:36:00+00:00,100524.80873031824
2025-07-21 06:37:00+00:00,100497.27525684368
2025-07-21 06:38:00+00:00,100500.85767904298
2025-07-21 06:39:00+00:00,100498.86175810336
2025-07-21 06:40:00+00:00,100514.01028626038
2025-07-21 06:41:00+00:00,100508.79018534141
2025-07-21 06:42:00+00:00,100508.8669515314
2025-07-21 06:43:00+00:00,100498.60587080341
2025-07-21 06:44:00+00:00,100474.27098857822
2025-07-21 06:45:00+00:00,100467.3620314796
2025-07-21 06:46:00+00:00,100480.56581615697
2025-07-21 06:47:00+00:00,100480.87288091693
2025-07-21 06:48:00+00:00,100473.06831826846
2025-07-21 06:49:00+00:00,100495.48404574403
2025-07-21 06:50:00+00:00,100492.77164036458
2025-07-21 06:51:00+00:00,100497.32643430367
2025-07-21 06:52:00+00:00,100486.68152262577
2025-07-21 06:53:00+00:00,100510.88846120099
2025-07-21 06:54:00+00:00,100522.83839810864
2025-07-21 06:55:00+00:00,100526.39523157793
2025-07-21 06:56:00+00:00,100531.6153324969
2025-07-21 06:57:00+00:00,100531.89680852684
2025-07-21 06:58:00+00:00,100528.82616092745
2025-07-21 06:59:00+00:00,100527.85378918765
2025-07-21 07:00:00+00:00,100526.26728792796
2025-07-21 07:01:00+00:00,100535.50481945614
2025-07-21 07:02:00+00:00,100533.43213232655
2025-07-21 07:03:00+00:00,100535.47923072614
2025-07-21 07:04:00+00:00,100567.69544178978
2025-07-21 07:05:00+00:00,100582.7927924868
2025-07-21 07:06:00+00:00,100588.19201451573
2025-07-21 07:07:00+00:00,100576.90738458796
2025-07-21 07:08:00+00:00,100576.1909001481
2025-07-21 07:09:00+00:00,100586.09373865614
2025-07-21 07:10:00+00:00,100581.74365455701
2025-07-21 07:11:00+00:00,100576.37002125807
2025-07-21 07:12:00+00:00,100578.44270838765
2025-07-21 07:13:00+00:00,100563.11505912068
2025-07-21 07:14:00+00:00,100576.702674748
2025-07-21 07:15:00+00:00,100566.69748131998
2025-07-21 07:16:00+00:00,100574.29733412847
2025-07-21 07:17:00+00:00,100583.04867978675
2025-07-21 07:18:00+00:00,100583.04867978675
2025-07-21 07:19:00+00:00,100592.69563099484
2025-07-21 07:20:00+00:00,100590.80206497521
2025-07-21 07:21:00+00:00,100592.28621131493
2025-07-21 07:22:00+00:00,100594.61478574446
2025-07-21 07:23:00+00:00,100595.30568145432
2025-07-21 07:24:00+00:00,100600.88402459322
2025-07-21 07:25:00+00:00,100618.87290177967
2025-07-21 07:26:00+00:00,100610.6845081813
2025-07-21 07:27:00+00:00,100609.43066041154
2025-07-21 07:28:00+00:00,100618.89849050967
2025-07-21 07:29:00+00:00,100638.09003800587
2025-07-21 07:30:00+00:00,100618.38671590977
2025-07-21 07:31:00+00:00,100596.58511795408
2025-07-21 07:32:00+00:00,100575.32088332827
2025-07-21 07:33:00+00:00,100575.83265792817
2025-07-21 07:34:00+00:00,100587.52670753586
2025-07-21 07:35:00+00:00,100594.28213225454
2025-07-21 07:36:00+00:00,100594.84508431441
2025-07-21 07:37:00+00:00,100595.58715748427
2025-07-21 07:38:00+00:00,100591.77443671503
2025-07-21 07:39:00+00:00,100584.55841485645
2025-07-21 07:40:00+00:00,100581.23187995711
2025-07-21 07:41:00+00:00,100568.1048614697
2025-07-21 07:42:00+00:00,100563.72918864056
2025-07-21 07:43:00+00:00,100556.487578052
2025-07-21 07:44:00+00:00,100556.461989322
2025-07-21 07:45:00+00:00,100569.76812891937
2025-07-21 07:46:00+00:00,100564.62479419039
2025-07-21 07:47:00+00:00,100589.47145101547
2025-07-21 07:48:00+00:00,100570.25431478927
2025-07-21 07:49:00+00:00,100566.18570672008
2025-07-21 07:50:00+00:00,100557.4855385218
2025-07-21 07:51:00+00:00,100555.9246259921
2025-07-21 07:52:00+00:00,100554.9266655223
2025-07-21 07:53:00+00:00,100562.0915099209
2025-07-21 07:54:00+00:00,100552.85397839271
2025-07-21 07:55:00+00:00,100558.9952735915
2025-07-21 07:56:00+00:00,100557.33200614182
2025-07-21 07:57:00+00:00,100557.4599497918
2025-07-21 07:58:00+00:00,100562.24504230086
2025-07-21 07:59:00+00:00,100574.16939047849
2025-07-21 08:00:00+00:00,100581.00158138716
2025-07-21 08:01:00+00:00,100580.48980678726
2025-07-21 08:02:00+00:00,100571.81522731896
2025-07-21 08:03:00+00:00,100578.44270838765
2025-07-21 08:04:00+00:00,100573.35055111867
2025-07-21 08:05:00+00:00,100579.97803218735
2025-07-21 08:06:00+00:00,100584.12340644654
2025-07-21 08:07:00+00:00,100597.40395731392
2025-07-21 08:08:00+00:00,100597.37836858392
2025-07-21 08:09:00+00:00,100603.5452525127
2025-07-21 08:10:00+00:00,100608.35593375175
2025-07-21 08:11:00+00:00,100606.97414233202
2025-07-21 08:12:00+00:00,100607.15326344199
2025-07-21 08:13:00+00:00,100601.80521887305
2025-07-21 08:14:00+00:00,100579.49184631745
2025-07-21 08:15:00+00:00,100577.98211124775
2025-07-21 08:16:00+00:00,100564.13860832049
2025-07-21 08:17:00+00:00,100571.02197668912
2025-07-21 08:18:00+00:00,100553.57046283256
2025-07-21 08:19:00+00:00,100559.83970168133
2025-07-21 08:20:00+00:00,100566.18570672008
2025-07-21 08:21:00+00:00,100559.89087914131
2025-07-21 08:22:00+00:00,100548.78537032352
2025-07-21 08:23:00+00:00,100540.13637958522
2025-07-21 08:24:00+00:00,100547.73623239371
2025-07-21 08:25:00+00:00,100552.54691363277
2025-07-21 08:26:00+00:00,100547.76182112371
2025-07-21 08:27:00+00:00,100540.36667815517
2025-07-21 08:28:00+00:00,100542.7464300447
2025-07-21 08:29:00+00:00,100546.94298176387
2025-07-21 08:30:00+00:00,100553.21222061264
2025-07-21 08:31:00+00:00,100569.48665288942
2025-07-21 08:32:00+00:00,100556.9993526519
2025-07-21 08:33:00+00:00,100563.75477737056
2025-07-21 08:34:00+00:00,100550.8836461831
2025-07-21 08:35:00+00:00,100552.18867141285
2025-07-21 08:36:00+00:00,100543.13026099463
2025-07-21 08:37:00+00:00,100542.7464300447
2025-07-21 08:38:00+00:00,100535.63276310611
2025-07-21 08:39:00+00:00,100488.14008023549
2025-07-21 08:40:00+00:00,100491.44102640483
2025-07-21 08:41:00+00:00,100486.86064373574
2025-07-21 08:42:00+00:00,100502.85359998258
2025-07-21 08:43:00+00:00,100483.9691172463
2025-07-21 08:44:00+00:00,100480.61699361698
2025-07-21 08:45:00+00:00,100505.05423076215
2025-07-21 08:46:00+00:00,100481.23112313685
2025-07-21 08:47:00+00:00,100488.90774213534
2025-07-21 08:48:00+00:00,100490.44306593503
2025-07-21 08:49:00+00:00,100503.2886083925
2025-07-21 08:50:00+00:00,100495.56081193402
2025-07-21 08:51:00+00:00,100480.74493726695
2025-07-21 08:52:00+00:00,100455.130618542
2025-07-21 08:53:00+00:00,100456.6659423417
2025-07-21 08:54:00+00:00,100445.76514336385
2025-07-21 08:55:00+00:00,100460.68337295091
2025-07-21 08:56:00+00:00,100474.16863365825
2025-07-21 08:57:00+00:00,100473.06831826846
2025-07-21 08:58:00+00:00,100480.69375980695
2025-07-21 08:59:00+00:00,100483.84117359633
2025-07-21 09:00:00+00:00,100489.24039562527
2025-07-21 09:01:00+00:00,100479.64462187717
2025-07-21 09:02:00+00:00,100470.61180018896
2025-07-21 09:03:00+00:00,100455.10502981201
2025-07-21 09:04:00+00:00,100476.11337713787
2025-07-21 09:05:00+00:00,100490.95484053493
2025-07-21 09:06:00+00:00,100503.21184220251
2025-07-21 09:07:00+00:00,100494.28137543428
2025-07-21 09:08:00+00:00,100506.46161091188
2025-07-21 09:09:00+00:00,100504.7471660022
2025-07-21 09:10:00+00:00,100497.99174128353
2025-07-21 09:11:00+00:00,100491.46661513484
2025-07-21 09:12:00+00:00,100473.55450413836
2025-07-21 09:13:00+00:00,100459.2248153412
2025-07-21 09:14:00+00:00,100461.34867993079
2025-07-21 09:15:00+00:00,100461.32309120079
2025-07-21 09:16:00+00:00,100448.86137969325
2025-07-21 09:17:00+00:00,100445.09983638399
2025-07-21 09:18:00+00:00,100435.99024850578
2025-07-21 09:19:00+00:00,100446.91663621363
2025-07-21 09:20:00+00:00,100441.56859164468
2025-07-21 09:21:00+00:00,100437.73028214544
2025-07-21 09:22:00+00:00,100429.56747727706
2025-07-21 09:23:00+00:00,100436.06701469577
2025-07-21 09:24:00+00:00,100437.19291881555
2025-07-21 09:25:00+00:00,100424.91032841797
2025-07-21 09:26:00+00:00,100421.63497097862
2025-07-21 09:27:00+00:00,100427.26449157752
2025-07-21 09:28:00+00:00,100427.23890284752
2025-07-21 09:29:00+00:00,100427.21331411751
2025-07-21 09:30:00+00:00,100428.33921823729
2025-07-21 09:31:00+00:00,100432.12635027655
2025-07-21 09:32:00+00:00,100427.2900803075
2025-07-21 09:33:00+00:00,100428.49275061727
2025-07-21 09:34:00+00:00,100436.68114421565
2025-07-21 09:35:00+00:00,100424.44973127806
2025-07-21 09:36:00+00:00,100412.65332675038
2025-07-21 09:37:00+00:00,100409.0709045511
2025-07-21 09:38:00+00:00,100404.51611061199
2025-07-21 09:39:00+00:00,100400.19161524286
2025-07-21 09:40:00+00:00,100384.7871997859
2025-07-21 09:41:00+00:00,100372.86285160825
2025-07-21 09:42:00+00:00,100363.44619897011
2025-07-21 09:43:00+00:00,100378.03177506723
2025-07-21 09:44:00+00:00,100384.45454629596
2025-07-21 09:45:00+00:00,100379.38797775697
2025-07-21 09:46:00+00:00,100369.15248575898
2025-07-21 09:47:00+00:00,100371.68577002847
2025-07-21 09:48:00+00:00,100380.07887346682
2025-07-21 09:49:00+00:00,100376.11262031761
2025-07-21 09:50:00+00:00,100402.11076999248
2025-07-21 09:51:00+00:00,100410.0944537509
2025-07-21 09:52:00+00:00,100405.0534739419
2025-07-21 09:53:00+00:00,100407.15174980147
2025-07-21 09:54:00+00:00,100392.69411735433
2025-07-21 09:55:00+00:00,100387.49960516536
2025-07-21 09:56:00+00:00,100402.54577840239
2025-07-21 09:57:00+00:00,100401.01045460269
2025-07-21 09:58:00+00:00,100402.92960935232
2025-07-21 09:59:00+00:00,100400.9592771427
2025-07-21 10:00:00+00:00,100404.20904585205
2025-07-21 10:01:00+00:00,100410.88770438074
2025-07-21 10:02:00+00:00,100411.6297775506
2025-07-21 10:03:00+00:00,100398.34922668322
2025-07-21 10:04:00+00:00,100386.57841088554
2025-07-21 10:05:00+00:00,100397.78627462333
2025-07-21 10:06:00+00:00,100402.36665729243
2025-07-21 10:07:00+00:00,100397.4024436734
2025-07-21 10:08:00+00:00,100404.95111902192
2025-07-21 10:09:00+00:00,100382.99598868625
2025-07-21 10:10:00+00:00,100395.53446638377
2025-07-21 10:11:00+00:00,100409.48032423102
2025-07-21 10:12:00+00:00,100410.12004248089
2025-07-21 10:13:00+00:00,100422.37704414848
2025-07-21 10:14:00+00:00,100428.41598442728
2025-07-21 10:15:00+00:00,100420.2020020989
2025-07-21 10:16:00+00:00,100415.72397434979
2025-07-21 10:17:00+00:00,100396.81390288353
2025-07-21 10:18:00+00:00,100384.58248994594
2025-07-21 10:19:00+00:00,100407.0238061515
2025-07-21 10:20:00+00:00,100424.39855381807
2025-07-21 10:21:00+00:00,100411.1435916807
2025-07-21 10:22:00+00:00,100401.90606015251
2025-07-21 10:23:00+00:00,100394.48532845397
2025-07-21 10:24:00+00:00,100399.88455048291
2025-07-21 10:25:00+00:00,100391.15879355464
2025-07-21 10:26:00+00:00,100389.59788102494
2025-07-21 10:27:00+00:00,100372.73490795828
2025-07-21 10:28:00+00:00,100353.82483649201
2025-07-21 10:29:00+00:00,100360.81055978063
2025-07-21 10:30:00+00:00,100368.69188861907
2025-07-21 10:31:00+00:00,100374.44935286793
2025-07-21 10:32:00+00:00,100364.03473975998
2025-07-21 10:33:00+00:00,100352.80128729221
2025-07-21 10:34:00+00:00,100345.55967670365
2025-07-21 10:35:00+00:00,100358.66110646105
2025-07-21 10:36:00+00:00,100344.07553036393
2025-07-21 10:37:00+00:00,100356.86989536141
2025-07-21 10:38:00+00:00,100351.3427296825
2025-07-21 10:39:00+00:00,100336.39891136545
2025-07-21 10:40:00+00:00,100329.72025283676
2025-07-21 10:41:00+00:00,100312.06402914025
2025-07-21 10:42:00+00:00,100327.18696856727
2025-07-21 10:43:00+00:00,100351.70097190244
2025-07-21 10:44:00+00:00,100355.66722505164
2025-07-21 10:45:00+00:00,100366.23537053957
2025-07-21 10:46:00+00:00,100374.50053032793
2025-07-21 10:47:00+00:00,100373.01638398822
2025-07-21 10:48:00+00:00,100376.88028221746
2025-07-21 10:49:00+00:00,100371.99283478843
2025-07-21 10:50:00+00:00,100369.15248575898
2025-07-21 10:51:00+00:00,100368.12893655918
2025-07-21 10:52:00+00:00,100379.43915521695
2025-07-21 10:53:00+00:00,100371.73694748848
2025-07-21 10:54:00+00:00,100369.40837305893
2025-07-21 10:55:00+00:00,100374.167876838
2025-07-21 10:56:00+00:00,100370.17603495877
2025-07-21 10:57:00+00:00,100377.6735328473
2025-07-21 10:58:00+00:00,100372.6069643083
2025-07-21 10:59:00+00:00,100372.5813755783
2025-07-21 11:00:00+00:00,100372.24872208838
2025-07-21 11:01:00+00:00,100377.28970189737
2025-07-21 11:02:00+00:00,100400.83133349272
2025-07-21 11:03:00+00:00,100403.56932760219
2025-07-21 11:04:00+00:00,100413.49775484022
2025-07-21 11:05:00+00:00,100403.44138395222
2025-07-21 11:06:00+00:00,100402.95519808232
2025-07-21 11:07:00+00:00,100411.6297775506
2025-07-21 11:08:00+00:00,100402.92960935232
2025-07-21 11:09:00+00:00,100384.53131248595
2025-07-21 11:10:00+00:00,100384.53131248595
2025-07-21 11:11:00+00:00,100402.90402062231
2025-07-21 11:12:00+00:00,100405.66760346177
2025-07-21 11:13:00+00:00,100394.07590877406
2025-07-21 11:14:00+00:00,100385.52927295576
2025-07-21 11:15:00+00:00,100361.01526962059
2025-07-21 11:16:00+00:00,100368.998953379
2025-07-21 11:17:00+00:00,100377.80147649728
2025-07-21 11:18:00+00:00,100384.275425186
2025-07-21 11:19:00+00:00,100392.71970608433
2025-07-21 11:20:00+00:00,100392.69411735433
2025-07-21 11:21:00+00:00,100383.48217455615
2025-07-21 11:22:00+00:00,100366.59361275949
2025-07-21 11:23:00+00:00,100386.04104755564
2025-07-21 11:24:00+00:00,100416.15898275969
2025-07-21 11:25:00+00:00,100405.48848235181
2025-07-21 11:26:00+00:00,100386.34811231558
2025-07-21 11:27:00+00:00,100385.01749835585
2025-07-21 11:28:00+00:00,100385.2733856558
2025-07-21 11:29:00+00:00,100387.60196008533
2025-07-21 11:30:00+00:00,100391.3379146646
2025-07-21 11:31:00+00:00,100378.36442855716
2025-07-21 11:32:00+00:00,100373.24668255818
2025-07-21 11:33:00+00:00,100381.33272123657
2025-07-21 11:34:00+00:00,100367.41245211933
2025-07-21 11:35:00+00:00,100347.32529907329
2025-07-21 11:36:00+00:00,100343.89640925397
2025-07-21 11:37:00+00:00,100345.12466829372
2025-07-21 11:38:00+00:00,100336.39891136545
2025-07-21 11:39:00+00:00,100331.02527806652
2025-07-21 11:40:00+00:00,100330.76939076657
2025-07-21 11:41:00+00:00,100320.09889035867
2025-07-21 11:42:00+00:00,100316.13263720945
2025-07-21 11:43:00+00:00,100319.51034956878
2025-07-21 11:44:00+00:00,100320.32918892862
2025-07-21 11:45:00+00:00,100327.21255729726
2025-07-21 11:46:00+00:00,100326.0354757175
2025-07-21 11:47:00+00:00,100315.41615276958
2025-07-21 11:48:00+00:00,100306.30656489139
2025-07-21 11:49:00+00:00,100300.7026330225
2025-07-21 11:50:00+00:00,100303.10797364202
2025-07-21 11:51:00+00:00,100309.27485757081
2025-07-21 11:52:00+00:00,100301.54706111233
2025-07-21 11:53:00+00:00,100291.38833530433
2025-07-21 11:54:00+00:00,100278.95221252678
2025-07-21 11:55:00+00:00,100272.96444970797
2025-07-21 11:56:00+00:00,100270.99411749837
2025-07-21 11:57:00+00:00,100270.8661738484
2025-07-21 11:58:00+00:00,100270.8661738484
2025-07-21 11:59:00+00:00,100244.25389465364
2025-07-21 12:00:00+00:00,100219.86783496846
2025-07-21 12:01:00+00:00,100218.17897878878
2025-07-21 12:02:00+00:00,100189.03341532455
2025-07-21 12:03:00+00:00,100173.16840272768
2025-07-21 12:04:00+00:00,100205.07754903138
2025-07-21 12:05:00+00:00,100188.00986612475
2025-07-21 12:06:00+00:00,100234.96518566548
2025-07-21 12:07:00+00:00,100222.27317558798
2025-07-21 12:08:00+00:00,100204.36106459152
2025-07-21 12:09:00+00:00,100213.52182992971
2025-07-21 12:10:00+00:00,100221.07050527821
2025-07-21 12:11:00+00:00,100229.92420585647
2025-07-21 12:12:00+00:00,100253.41465999183
2025-07-21 12:13:00+00:00,100262.11482819011
2025-07-21 12:14:00+00:00,100275.98391984738
2025-07-21 12:15:00+00:00,100287.26854977515
2025-07-21 12:16:00+00:00,100309.91457582067
2025-07-21 12:17:00+00:00,100321.42950431841
2025-07-21 12:18:00+00:00,100337.80629151517
2025-07-21 12:19:00+00:00,100320.84096352852
2025-07-21 12:20:00+00:00,100327.41726713722
2025-07-21 12:21:00+00:00,100349.37239747288
2025-07-21 12:22:00+00:00,100369.101308299
2025-07-21 12:23:00+00:00,100372.22313335838
2025-07-21 12:24:00+00:00,100368.38482385913
2025-07-21 12:25:00+00:00,100363.44619897011
2025-07-21 12:26:00+00:00,100346.89029066337
2025-07-21 12:27:00+00:00,100361.78293152043
2025-07-21 12:28:00+00:00,100344.12670782392
2025-07-21 12:29:00+00:00,100338.88101817496
2025-07-21 12:30:00+00:00,100350.72860016262
2025-07-21 12:31:00+00:00,100306.48568600135
2025-07-21 12:32:00+00:00,100303.90122427186
2025-07-21 12:33:00+00:00,100301.39352873235
2025-07-21 12:34:00+00:00,100293.40984497394
2025-07-21 12:35:00+00:00,100276.23980714733
2025-07-21 12:36:00+00:00,100269.84262464859
2025-07-21 12:37:00+00:00,100277.05864650717
2025-07-21 12:38:00+00:00,100267.79552624898
2025-07-21 12:39:00+00:00,100270.84058511839
2025-07-21 12:40:00+00:00,100263.7013294498
2025-07-21 12:41:00+00:00,100263.7269181798
2025-07-21 12:42:00+00:00,100268.74230925881
2025-07-21 12:43:00+00:00,100295.96871797343
2025-07-21 12:44:00+00:00,100276.03509730737
2025-07-21 12:45:00+00:00,100267.84670370899
2025-07-21 12:46:00+00:00,100268.74230925881
2025-07-21 12:47:00+00:00,100270.61028654844
2025-07-21 12:48:00+00:00,100277.21217888713
2025-07-21 12:49:00+00:00,100302.31472301218
2025-07-21 12:50:00+00:00,100301.08646397242
2025-07-21 12:51:00+00:00,100301.59823857232
2025-07-21 12:52:00+00:00,100305.41095934156
2025-07-21 12:53:00+00:00,100300.1652696926
2025-07-21 12:54:00+00:00,100278.08219570696
2025-07-21 12:55:00+00:00,100267.82111497899
2025-07-21 12:56:00+00:00,100270.04733448855
2025-07-21 12:57:00+00:00,100269.33085004869
2025-07-21 12:58:00+00:00,100284.17231344576
2025-07-21 12:59:00+00:00,100270.89176257838
2025-07-21 13:00:00+00:00,100269.45879369866
2025-07-21 13:01:00+00:00,100260.65627058041
2025-07-21 13:02:00+00:00,100240.23646404443
2025-07-21 13:03:00+00:00,100245.76362972334
2025-07-21 13:04:00+00:00,100225.36941191737
2025-07-21 13:05:00+00:00,100210.42559360032
2025-07-21 13:06:00+00:00,100199.49920589248
2025-07-21 13:07:00+00:00,100242.53944974398
2025-07-21 13:08:00+00:00,100245.76362972334
2025-07-21 13:09:00+00:00,100233.02044218587
2025-07-21 13:10:00+00:00,100236.62845311515
2025-07-21 13:11:00+00:00,100227.87710745688
2025-07-21 13:12:00+00:00,100215.23627483938
2025-07-21 13:13:00+00:00,100214.21272563958
2025-07-21 13:14:00+00:00,100218.79310830867
2025-07-21 13:15:00+00:00,100228.97742284666
2025-07-21 13:16:00+00:00,100254.18232189168
2025-07-21 13:17:00+00:00,100278.31249427692
2025-07-21 13:18:00+00:00,100268.84466417879
2025-07-21 13:19:00+00:00,100262.54983660002
2025-07-21 13:20:00+00:00,100272.17119907813
2025-07-21 13:21:00+00:00,100292.36070704414
2025-07-21 13:22:00+00:00,100292.94924783403
2025-07-21 13:23:00+00:00,100290.0065438846
2025-07-21 13:24:00+00:00,100286.21941184535
2025-07-21 13:25:00+00:00,100299.03936557283
2025-07-21 13:26:00+00:00,100292.5654168841
2025-07-21 13:27:00+00:00,100288.80387357484
2025-07-21 13:28:00+00:00,100294.12632941379
2025-07-21 13:29:00+00:00,100303.13356237202
2025-07-21 13:30:00+00:00,100307.71394504112
2025-07-21 13:31:00+00:00,100339.90456737476
2025-07-21 13:32:00+00:00,100353.00599713216
2025-07-21 13:33:00+00:00,100352.77569856221
2025-07-21 13:34:00+00:00,100328.0313966571
2025-07-21 13:35:00+00:00,100314.62290213974
2025-07-21 13:36:00+00:00,100327.18696856727
2025-07-21 13:37:00+00:00,100367.07979862939
2025-07-21 13:38:00+00:00,100375.01230492782
2025-07-21 13:39:00+00:00,100378.33883982716
2025-07-21 13:40:00+00:00,100364.06032848998
2025-07-21 13:41:00+00:00,100367.31009719934
2025-07-21 13:42:00+00:00,100396.25095082363
2025-07-21 13:43:00+00:00,100396.53242685358
2025-07-21 13:44:00+00:00,100387.03900802544
2025-07-21 13:45:00+00:00,100411.09241422071
2025-07-21 13:46:00+00:00,100434.71081200603
2025-07-21 13:47:00+00:00,100425.19180444791
2025-07-21 13:48:00+00:00,100442.33625354453
2025-07-21 13:49:00+00:00,100464.87992467008
2025-07-21 13:50:00+00:00,100470.48385653898
2025-07-21 13:51:00+00:00,100458.35479852137
2025-07-21 13:52:00+00:00,100500.03883968314
2025-07-21 13:53:00+00:00,100501.19033253292
2025-07-21 13:54:00+00:00,100476.31808697782
2025-07-21 13:55:00+00:00,100465.36611053998
2025-07-21 13:56:00+00:00,100442.84802814444
2025-07-21 13:57:00+00:00,100428.51833934725
2025-07-21 13:58:00+00:00,100446.86545875363
2025-07-21 13:59:00+00:00,100444.07628718419
2025-07-21 14:00:00+00:00,100470.68856637893
2025-07-21 14:01:00+00:00,100416.2357489497
2025-07-21 14:02:00+00:00,100434.58286835605
2025-07-21 14:03:00+00:00,100424.96150587796
2025-07-21 14:04:00+00:00,100423.40059334827
2025-07-21 14:05:00+00:00,100410.70858327078
2025-07-21 14:06:00+00:00,100400.90809968271
2025-07-21 14:07:00+00:00,100408.0473553513
2025-07-21 14:08:00+00:00,100374.78200635787
2025-07-21 14:09:00+00:00,100368.18011401917
2025-07-21 14:10:00+00:00,100375.26819222777
2025-07-21 14:11:00+00:00,100344.61289369383
2025-07-21 14:12:00+00:00,100368.12893655918
2025-07-21 14:13:00+00:00,100361.24556819054
2025-07-21 14:14:00+00:00,100393.35942433421
2025-07-21 14:15:00+00:00,100402.41783475241
2025-07-21 14:16:00+00:00,100439.18883975515
2025-07-21 14:17:00+00:00,100436.70673294565
2025-07-21 14:18:00+00:00,100450.01287254301
2025-07-21 14:19:00+00:00,100455.61680441191
2025-07-21 14:20:00+00:00,100495.56081193402
2025-07-21 14:21:00+00:00,100503.92832664237
2025-07-21 14:22:00+00:00,100491.77367989477
2025-07-21 14:23:00+00:00,100491.56897005481
2025-07-21 14:24:00+00:00,100489.93129133513
2025-07-21 14:25:00+00:00,100441.82447894463
2025-07-21 14:26:00+00:00,100432.10076154655
2025-07-21 14:27:00+00:00,100432.10076154655
2025-07-21 14:28:00+00:00,100448.93814588324
2025-07-21 14:29:00+00:00,100458.48274217134
2025-07-21 14:30:00+00:00,100454.97708616203
2025-07-21 14:31:00+00:00,100450.01287254301
2025-07-21 14:32:00+00:00,100461.78368834069
2025-07-21 14:33:00+00:00,100479.38873457722
2025-07-21 14:34:00+00:00,100490.92925180493
2025-07-21 14:35:00+00:00,100491.92721227474
2025-07-21 14:36:00+00:00,100476.59956300777
2025-07-21 14:37:00+00:00,100442.95038306441
2025-07-21 14:38:00+00:00,100464.13785150023
2025-07-21 14:39:00+00:00,100451.47143015273
2025-07-21 14:40:00+00:00,100413.16510135029
2025-07-21 14:41:00+00:00,100421.35349494868
2025-07-21 14:42:00+00:00,100425.44769174786
2025-07-21 14:43:00+00:00,100445.9954419338
2025-07-21 14:44:00+00:00,100491.33867148486
2025-07-21 14:45:00+00:00,100502.8024225226
2025-07-21 14:46:00+00:00,100522.68486572866
2025-07-21 14:47:00+00:00,100524.70637539827
2025-07-21 14:48:00+00:00,100529.36352425735
2025-07-21 14:49:00+00:00,100476.26690951783
2025-07-21 14:50:00+00:00,100454.13265807221
2025-07-21 14:51:00+00:00,100456.94741837165
2025-07-21 14:52:00+00:00,100433.4057867763
2025-07-21 14:53:00+00:00,100447.37723335353
2025-07-21 14:54:00+00:00,100432.15193900654
2025-07-21 14:55:00+00:00,100433.71285153623
2025-07-21 14:56:00+00:00,100429.54188854706
2025-07-21 14:57:00+00:00,100430.97485742677
2025-07-21 14:58:00+00:00,100431.58898694665
2025-07-21 14:59:00+00:00,100435.12023168596
2025-07-21 15:00:00+00:00,100429.61865473705
2025-07-21 15:01:00+00:00,100447.94018541342
2025-07-21 15:02:00+00:00,100452.05997094262
2025-07-21 15:03:00+00:00,100466.87584560968
2025-07-21 15:04:00+00:00,100456.79388599168
2025-07-21 15:05:00+00:00,100461.47662358075
2025-07-21 15:06:00+00:00,100446.94222494362
2025-07-21 15:07:00+00:00,100423.91236794817
2025-07-21 15:08:00+00:00,100415.69838561979
2025-07-21 15:09:00+00:00,100456.56358742173
2025-07-21 15:10:00+00:00,100440.41709879492
2025-07-21 15:11:00+00:00,100427.49479014747
2025-07-21 15:12:00+00:00,100437.70469341545
2025-07-21 15:13:00+00:00,100425.44769174786
2025-07-21 15:14:00+00:00,100419.28080781909
2025-07-21 15:15:00+00:00,100438.03734690539
2025-07-21 15:16:00+00:00,100429.51629981706
2025-07-21 15:17:00+00:00,100429.3371787071
2025-07-21 15:18:00+00:00,100458.1756774114
2025-07-21 15:19:00+00:00,100451.21554285278
2025-07-21 15:20:00+00:00,100476.9066277677
2025-07-21 15:21:00+00:00,100497.60791033361
2025-07-21 15:22:00+00:00,100482.76644693656
2025-07-21 15:23:00+00:00,100489.93129133513
2025-07-21 15:24:00+00:00,100482.76644693656
2025-07-21 15:25:00+00:00,100456.92182964165
2025-07-21 15:26:00+00:00,100425.88270015779
2025-07-21 15:27:00+00:00,100409.19884820108
2025-07-21 15:28:00+00:00,100420.45788939885
2025-07-21 15:29:00+00:00,100400.34514762282
2025-07-21 15:30:00+00:00,100396.76272542353
2025-07-21 15:31:00+00:00,100408.0729440813
2025-07-21 15:32:00+00:00,100378.90179188707
2025-07-21 15:33:00+00:00,100377.34087935736
2025-07-21 15:34:00+00:00,100362.9344243702
2025-07-21 15:35:00+00:00,100357.02342774137
2025-07-21 15:36:00+00:00,100352.75010983221
2025-07-21 15:37:00+00:00,100344.56171623383
2025-07-21 15:38:00+00:00,100366.97744370942
2025-07-21 15:39:00+00:00,100341.82372212438
2025-07-21 15:40:00+00:00,100349.73063969282
2025-07-21 15:41:00+00:00,100335.37536216565
2025-07-21 15:42:00+00:00,100338.2157111951
2025-07-21 15:43:00+00:00,100322.52981970819
2025-07-21 15:44:00+00:00,100330.20643870666
2025-07-21 15:45:00+00:00,100316.95147656929
2025-07-21 15:46:00+00:00,100312.01285168027
2025-07-21 15:47:00+00:00,100340.49310816464
2025-07-21 15:48:00+00:00,100327.34050094723
2025-07-21 15:49:00+00:00,100349.73063969282
2025-07-21 15:50:00+00:00,100357.04901647137
2025-07-21 15:51:00+00:00,100349.65387350283
2025-07-21 15:52:00+00:00,100364.03473975998
2025-07-21 15:53:00+00:00,100347.7603074832
2025-07-21 15:54:00+00:00,100349.8585833428
2025-07-21 15:55:00+00:00,100368.15452528918
2025-07-21 15:56:00+00:00,100349.70505096282
2025-07-21 15:57:00+00:00,100321.60862542837
2025-07-21 15:58:00+00:00,100301.00969778243
2025-07-21 15:59:00+00:00,100306.2297987014
2025-07-21 16:00:00+00:00,100308.86543789088
2025-07-21 16:01:00+00:00,100314.77643451972
2025-07-21 16:02:00+00:00,100316.67000053934
2025-07-21 16:03:00+00:00,100316.97706529929
2025-07-21 16:04:00+00:00,100300.6770442925
2025-07-21 16:05:00+00:00,100283.17435297596
2025-07-21 16:06:00+00:00,100243.66535386376
2025-07-21 16:07:00+00:00,100240.67147245436
2025-07-21 16:08:00+00:00,100240.74823864433
2025-07-21 16:09:00+00:00,100252.87729666194
2025-07-21 16:10:00+00:00,100223.27113605778
2025-07-21 16:11:00+00:00,100212.62622437988
2025-07-21 16:12:00+00:00,100211.24443296016
2025-07-21 16:13:00+00:00,100234.01840265567
2025-07-21 16:14:00+00:00,100219.17693925858
2025-07-21 16:15:00+00:00,100202.31396619193
2025-07-21 16:16:00+00:00,100178.26055999668
2025-07-21 16:17:00+00:00,100137.1650596248
2025-07-21 16:18:00+00:00,100129.15578713638
2025-07-21 16:19:00+00:00,100151.62269207193
2025-07-21 16:20:00+00:00,100108.1730285405
2025-07-21 16:21:00+00:00,100127.56928587669
2025-07-21 16:22:00+00:00,100141.92456340385
2025-07-21 16:23:00+00:00,100125.54777620708
2025-07-21 16:24:00+00:00,100129.07902094639
2025-07-21 16:25:00+00:00,100165.00559785929
2025-07-21 16:26:00+00:00,100204.36106459152
2025-07-21 16:27:00+00:00,100200.3948114423
2025-07-21 16:28:00+00:00,100202.31396619193
2025-07-21 16:29:00+00:00,100204.33547586153
2025-07-21 16:30:00+00:00,100204.71930681144
2025-07-21 16:31:00+00:00,100206.43375172111
2025-07-21 16:32:00+00:00,100217.48808307893
2025-07-21 16:33:00+00:00,100208.27614028075
2025-07-21 16:34:00+00:00,100230.97334378626
2025-07-21 16:35:00+00:00,100244.66331433356
2025-07-21 16:36:00+00:00,100251.41873905223
2025-07-21 16:37:00+00:00,100220.58431940831
2025-07-21 16:38:00+00:00,100224.93440350746
2025-07-21 16:39:00+00:00,100187.39573660487
2025-07-21 16:40:00+00:00,100192.07847419394
2025-07-21 16:41:00+00:00,100201.4439493721
2025-07-21 16:42:00+00:00,100193.10202339375
2025-07-21 16:43:00+00:00,100182.89212012576
2025-07-21 16:44:00+00:00,100183.81331440558
2025-07-21 16:45:00+00:00,100181.12649775611
2025-07-21 16:46:00+00:00,100165.4661949992
2025-07-21 16:47:00+00:00,100140.92660293405
2025-07-21 16:48:00+00:00,100144.76491243328
2025-07-21 16:49:00+00:00,100150.08736827223
2025-07-21 16:50:00+00:00,100156.25425220102
2025-07-21 16:51:00+00:00,100170.40481988822
2025-07-21 16:52:00+00:00,100178.6443909466
2025-07-21 16:53:00+00:00,100173.65458859758
2025-07-21 16:54:00+00:00,100179.48881903643
2025-07-21 16:55:00+00:00,100169.99540020831
2025-07-21 16:56:00+00:00,100166.464155469
2025-07-21 16:57:00+00:00,100174.98520255732
2025-07-21 16:58:00+00:00,100169.5348030684
2025-07-21 16:59:00+00:00,100159.29931107041
2025-07-21 17:00:00+00:00,100164.57058944937
2025-07-21 17:01:00+00:00,100158.40370552058
2025-07-21 17:02:00+00:00,100177.49289809683
2025-07-21 17:03:00+00:00,100193.8696852936
2025-07-21 17:04:00+00:00,100214.67332277949
2025-07-21 17:05:00+00:00,100219.20252798859
2025-07-21 17:06:00+00:00,100191.84817562399
2025-07-21 17:07:00+00:00,100203.72134634166
2025-07-21 17:08:00+00:00,100237.60082485495
2025-07-21 17:09:00+00:00,100237.54964739498
2025-07-21 17:10:00+00:00,100251.23961794226
2025-07-21 17:11:00+00:00,100234.06958011565
2025-07-21 17:12:00+00:00,100234.60694344554
2025-07-21 17:13:00+00:00,100210.96295693022
2025-07-21 17:14:00+00:00,100202.67220841185
2025-07-21 17:15:00+00:00,100214.0847819896
2025-07-21 17:16:00+00:00,100202.16043381195
2025-07-21 17:17:00+00:00,100204.87283919142
2025-07-21 17:18:00+00:00,100197.42651876289
2025-07-21 17:19:00+00:00,100184.96480725535
2025-07-21 17:20:00+00:00,100186.44895359506
2025-07-21 17:21:00+00:00,100174.70372652738
2025-07-21 17:22:00+00:00,100186.44895359506
2025-07-21 17:23:00+00:00,100192.56466006384
2025-07-21 17:24:00+00:00,100169.89304528834
2025-07-21 17:25:00+00:00,100176.21346159707
2025-07-21 17:26:00+00:00,100177.74878539678
2025-07-21 17:27:00+00:00,100171.09571559809
2025-07-21 17:28:00+00:00,100156.84279299091
2025-07-21 17:29:00+00:00,100115.59376023905
2025-07-21 17:30:00+00:00,100114.80050960921
2025-07-21 17:31:00+00:00,100110.70631281001
2025-07-21 17:32:00+00:00,100109.7595298002
2025-07-21 17:33:00+00:00,100135.78326820506
2025-07-21 17:34:00+00:00,100147.57967273274
2025-07-21 17:35:00+00:00,100131.5867164859
2025-07-21 17:36:00+00:00,100122.01653146779
2025-07-21 17:37:00+00:00,100111.11573248994
2025-07-21 17:38:00+00:00,100103.54146841142
2025-07-21 17:39:00+00:00,100103.51587968144
2025-07-21 17:40:00+00:00,100099.95904621214
2025-07-21 17:41:00+00:00,100071.50437845776
2025-07-21 17:42:00+00:00,100070.8134827479
2025-07-21 17:43:00+00:00,100069.07344910823
2025-07-21 17:44:00+00:00,100074.8309133571
2025-07-21 17:45:00+00:00,100078.77157777632
2025-07-21 17:46:00+00:00,100068.10107736842
2025-07-21 17:47:00+00:00,100076.41741461678
2025-07-21 17:48:00+00:00,100110.60395789004
2025-07-21 17:49:00+00:00,100107.61007648062
2025-07-21 17:50:00+00:00,100122.4259511477
2025-07-21 17:51:00+00:00,100139.51922278432
2025-07-21 17:52:00+00:00,100157.99428584067
2025-07-21 17:53:00+00:00,100167.41093847882
2025-07-21 17:54:00+00:00,100173.24516891767
2025-07-21 17:55:00+00:00,100185.42540439527
2025-07-21 17:56:00+00:00,100177.23701079687
2025-07-21 17:57:00+00:00,100184.88804106537
2025-07-21 17:58:00+00:00,100180.84502172616
2025-07-21 17:59:00+00:00,100184.2227340855
2025-07-21 18:00:00+00:00,100197.01709908296
2025-07-21 18:01:00+00:00,100184.40185519547
2025-07-21 18:02:00+00:00,100187.13984930492
2025-07-21 18:03:00+00:00,100191.64346578403
2025-07-21 18:04:00+00:00,100203.33751539173
2025-07-21 18:05:00+00:00,100194.66293592344
2025-07-21 18:06:00+00:00,100194.48381481347
2025-07-21 18:07:00+00:00,100192.64142625383
2025-07-21 18:08:00+00:00,100187.47250279486
2025-07-21 18:09:00+00:00,100193.28114450371
2025-07-21 18:10:00+00:00,100193.20437831372
2025-07-21 18:11:00+00:00,100200.24127906233
2025-07-21 18:12:00+00:00,100198.19418066274
2025-07-21 18:13:00+00:00,100210.04176265039
2025-07-21 18:14:00+00:00,100208.9926247206
2025-07-21 18:15:00+00:00,100217.46249434893
2025-07-21 18:16:00+00:00,100217.6672041889
2025-07-21 18:17:00+00:00,100216.13188038919
2025-07-21 18:18:00+00:00,100210.80942455024
2025-07-21 18:19:00+00:00,100223.32231351778
2025-07-21 18:20:00+00:00,100220.40519829835
2025-07-21 18:21:00+00:00,100234.76047582552
2025-07-21 18:22:00+00:00,100265.2366532495
2025-07-21 18:23:00+00:00,100245.35421004343
2025-07-21 18:24:00+00:00,100226.31619492719
2025-07-21 18:25:00+00:00,100210.29764995034
2025-07-21 18:26:00+00:00,100198.21976939273
2025-07-21 18:27:00+00:00,100218.38368862876
2025-07-21 18:28:00+00:00,100234.04399138567
2025-07-21 18:29:00+00:00,100218.92105195865
2025-07-21 18:30:00+00:00,100194.12557259353
2025-07-21 18:31:00+00:00,100194.15116132353
2025-07-21 18:32:00+00:00,100156.56131696096
2025-07-21 18:33:00+00:00,100150.98297382206
2025-07-21 18:34:00+00:00,100148.52645574254
2025-07-21 18:35:00+00:00,100159.29931107041
2025-07-21 18:36:00+00:00,100136.42298645494
2025-07-21 18:37:00+00:00,100143.45988720354
2025-07-21 18:38:00+00:00,100130.69111093607
2025-07-21 18:39:00+00:00,100143.97166180344
2025-07-21 18:40:00+00:00,100126.11072826697
2025-07-21 18:41:00+00:00,100111.7554507398
2025-07-21 18:42:00+00:00,100111.24367613991
2025-07-21 18:43:00+00:00,100088.26499660444
2025-07-21 18:44:00+00:00,100088.18823041447
2025-07-21 18:45:00+00:00,100085.68053487496
2025-07-21 18:46:00+00:00,100039.87670818399
2025-07-21 18:47:00+00:00,100012.65029946937
2025-07-21 18:48:00+00:00,100021.45282258763
2025-07-21 18:49:00+00:00,100026.92881080655
2025-07-21 18:50:00+00:00,100049.0118847922
2025-07-21 18:51:00+00:00,100062.36920184956
2025-07-21 18:52:00+00:00,100053.23402524136
2025-07-21 18:53:00+00:00,100067.48694784855
2025-07-21 18:54:00+00:00,100048.60246511227
2025-07-21 18:55:00+00:00,100032.91657362538
2025-07-21 18:56:00+00:00,100019.0986594281
2025-07-21 18:57:00+00:00,100005.89487475071
2025-07-21 18:58:00+00:00,100001.64714557155
2025-07-21 18:59:00+00:00,100006.58577046057
2025-07-21 19:00:00+00:00,99996.09439116265
2025-07-21 19:01:00+00:00,100044.12443736316
2025-07-21 19:02:00+00:00,100028.89914301617
2025-07-21 19:03:00+00:00,100036.95959296457
2025-07-21 19:04:00+00:00,100031.38124982567
2025-07-21 19:05:00+00:00,100008.32580410023
2025-07-21 19:06:00+00:00,100024.75376875699
2025-07-21 19:07:00+00:00,100055.43465602092
2025-07-21 19:08:00+00:00,100071.2996686178
2025-07-21 19:09:00+00:00,100045.73652735284
2025-07-21 19:10:00+00:00,100040.61878135386
2025-07-21 19:11:00+00:00,100055.94643062082
2025-07-21 19:12:00+00:00,100072.88616987749
2025-07-21 19:13:00+00:00,100052.69666191147
2025-07-21 19:14:00+00:00,100079.56482840616
2025-07-21 19:15:00+00:00,100101.98055588173
2025-07-21 19:16:00+00:00,100076.03358366687
2025-07-21 19:17:00+00:00,100066.30986626878
2025-07-21 19:18:00+00:00,100073.70500923731
2025-07-21 19:19:00+00:00,100029.33415142608
2025-07-21 19:20:00+00:00,100037.29224645451
2025-07-21 19:21:00+00:00,100047.88598067242
2025-07-21 19:22:00+00:00,100064.1348242192
2025-07-21 19:23:00+00:00,100073.83295288729
2025-07-21 19:24:00+00:00,100070.14817576802
2025-07-21 19:25:00+00:00,100058.81236838026
2025-07-21 19:26:00+00:00,100042.12851642355
2025-07-21 19:27:00+00:00,100011.60116153958
2025-07-21 19:28:00+00:00,99972.37363845733
2025-07-21 19:29:00+00:00,99989.39014390396
2025-07-21 19:30:00+00:00,99957.40423141028
2025-07-21 19:31:00+00:00,99954.15446270093
2025-07-21 19:32:00+00:00,99937.75208677417
2025-07-21 19:33:00+00:00,99930.02429031569
2025-07-21 19:34:00+00:00,99923.93417257689
2025-07-21 19:35:00+00:00,99952.56796144124
2025-07-21 19:36:00+00:00,99942.86983277315
2025-07-21 19:37:00+00:00,99937.21472344427
2025-07-21 19:38:00+00:00,99959.57927345985
2025-07-21 19:39:00+00:00,99956.02243999056
2025-07-21 19:40:00+00:00,99952.59355017124
2025-07-21 19:41:00+00:00,99942.63953420319
2025-07-21 19:42:00+00:00,99949.49731384184
2025-07-21 19:43:00+00:00,99954.61505984084
2025-07-21 19:44:00+00:00,99929.30780587584
2025-07-21 19:45:00+00:00,99910.60244424953
2025-07-21 19:46:00+00:00,99900.34136352155
2025-07-21 19:47:00+00:00,99897.29630465215
2025-07-21 19:48:00+00:00,99900.23900860157
2025-07-21 19:49:00+00:00,99911.62599344933
2025-07-21 19:50:00+00:00,99913.92897914887
2025-07-21 19:51:00+00:00,99918.58612800794
2025-07-21 19:52:00+00:00,99921.8870741773
2025-07-21 19:53:00+00:00,99940.28537104366
2025-07-21 19:54:00+00:00,99912.98219613906
2025-07-21 19:55:00+00:00,99909.55330631972
2025-07-21 19:56:00+00:00,99914.10810025883
2025-07-21 19:57:00+00:00,99919.7887983177
2025-07-21 19:58:00+00:00,99929.02632984589
2025-07-21 19:59:00+00:00,99907.86445014007
2025-07-21 20:00:00+00:00,99890.13146025357
2025-07-21 20:01:00+00:00,99916.71815071831
2025-07-21 20:02:00+00:00,99910.62803297953
2025-07-21 20:03:00+00:00,99899.34340305175
2025-07-21 20:04:00+00:00,99902.41405065113
2025-07-21 20:05:00+00:00,99888.10995058397
2025-07-21 20:06:00+00:00,99898.34544258195
2025-07-21 20:07:00+00:00,99905.48469825054
2025-07-21 20:08:00+00:00,99936.19117424448
2025-07-21 20:09:00+00:00,99937.70090931417
2025-07-21 20:10:00+00:00,99932.83905061513
2025-07-21 20:11:00+00:00,99933.63230124497
2025-07-21 20:12:00+00:00,99935.14203631468
2025-07-21 20:13:00+00:00,99940.28537104366
2025-07-21 20:14:00+00:00,99948.49935337204
2025-07-21 20:15:00+00:00,99990.92546770367
2025-07-21 20:16:00+00:00,99981.20175030558
2025-07-21 20:17:00+00:00,99967.56295721828
2025-07-21 20:18:00+00:00,99956.17597237052
2025-07-21 20:19:00+00:00,99963.80141390902
2025-07-21 20:20:00+00:00,99969.9682978378
2025-07-21 20:21:00+00:00,99965.36232643871
2025-07-21 20:22:00+00:00,99974.24161574696
2025-07-21 20:23:00+00:00,99978.15669143619
2025-07-21 20:24:00+00:00,99983.60709092511
2025-07-21 20:25:00+00:00,99978.15669143619
2025-07-21 20:26:00+00:00,99960.19340297973
2025-07-21 20:27:00+00:00,99971.9898075074
2025-07-21 20:28:00+00:00,99995.55702783275
2025-07-21 20:29:00+00:00,99986.85685963447
2025-07-21 20:30:00+00:00,99989.85074104388
2025-07-21 20:31:00+00:00,100001.69832303154
2025-07-21 20:32:00+00:00,99999.67681336193
2025-07-21 20:33:00+00:00,100007.83961823033
2025-07-21 20:34:00+00:00,100001.59596811156
2025-07-21 20:35:00+00:00,99996.60616576254
2025-07-21 20:36:00+00:00,100002.18450890144
2025-07-21 20:37:00+00:00,99987.90599756426
2025-07-21 20:38:00+00:00,99962.77786470922
2025-07-21 20:39:00+00:00,99951.54441224143
2025-07-21 20:40:00+00:00,99968.94474863801
2025-07-21 20:41:00+00:00,99978.28463508617
2025-07-21 20:42:00+00:00,100017.0771497585
2025-07-21 20:43:00+00:00,100001.69832303154
2025-07-21 20:44:00+00:00,100007.86520696033
2025-07-21 20:45:00+00:00,100008.35139283023
2025-07-21 20:46:00+00:00,100005.79251983072
2025-07-21 20:47:00+00:00,100009.86112789993
2025-07-21 20:48:00+00:00,100022.1948957575
2025-07-21 20:49:00+00:00,100015.00446262892
2025-07-21 20:50:00+00:00,100007.35343236043
2025-07-21 20:51:00+00:00,99991.48841976355
2025-07-21 20:52:00+00:00,99973.19247781717
2025-07-21 20:53:00+00:00,99987.36863423437
2025-07-21 20:54:00+00:00,99975.85370573663
2025-07-21 20:55:00+00:00,99978.15669143619
2025-07-21 20:56:00+00:00,99972.80864686724
2025-07-21 20:57:00+00:00,99952.46560652126
2025-07-21 20:58:00+00:00,99957.68570744022
2025-07-21 20:59:00+00:00,99952.59355017124
2025-07-21 21:00:00+00:00,99945.35193958266
2025-07-21 21:01:00+00:00,99949.44613638186
2025-07-21 21:02:00+00:00,99970.68478227766
2025-07-21 21:03:00+00:00,99960.78194376962
2025-07-21 21:04:00+00:00,99982.25088823537
2025-07-21 21:05:00+00:00,99985.85889916467
2025-07-21 21:06:00+00:00,100000.13741050185
2025-07-21 21:07:00+00:00,99995.58261656275
2025-07-21 21:08:00+00:00,100017.0259722985
2025-07-21 21:09:00+00:00,100018.66365101819
2025-07-21 21:10:00+00:00,100004.76897063093
2025-07-21 21:11:00+00:00,99997.57853750236
2025-07-21 21:12:00+00:00,99978.74523222607
2025-07-21 21:13:00+00:00,99985.32153583477
2025-07-21 21:14:00+00:00,99957.25069903032
2025-07-21 21:15:00+00:00,99980.76674189567
2025-07-21 21:16:00+00:00,99990.20898326382
2025-07-21 21:17:00+00:00,100001.69832303154
2025-07-21 21:18:00+00:00,100013.80179231915
2025-07-21 21:19:00+00:00,100002.74746096133
2025-07-21 21:20:00+00:00,100001.72391176154
2025-07-21 21:21:00+00:00,100014.41592183903
2025-07-21 21:22:00+00:00,100011.72910518956
2025-07-21 21:23:00+00:00,100015.00446262892
2025-07-21 21:24:00+00:00,100014.16003453908
2025-07-21 21:25:00+00:00,100015.0300513589
2025-07-21 21:26:00+00:00,100026.26350382669
2025-07-21 21:27:00+00:00,100027.28705302649
2025-07-21 21:28:00+00:00,100023.1928562273
2025-07-21 21:29:00+00:00,100028.82237682618
2025-07-21 21:30:00+00:00,100029.84592602598
2025-07-21 21:31:00+00:00,100029.84592602598
2025-07-21 21:32:00+00:00,100017.05156102851
2025-07-21 21:33:00+00:00,100018.04952149831
2025-07-21 21:34:00+00:00,100023.24403368728
2025-07-21 21:35:00+00:00,100020.88987052775
2025-07-21 21:36:00+00:00,100021.5807662376
2025-07-21 21:37:00+00:00,100017.05156102851
2025-07-21 21:38:00+00:00,100023.1672674973
2025-07-21 21:39:00+00:00,100044.12443736316
2025-07-21 21:40:00+00:00,100048.0139243224
2025-07-21 21:41:00+00:00,100051.5195803317
2025-07-21 21:42:00+00:00,100053.0549041314
2025-07-21 21:43:00+00:00,100064.21159040919
2025-07-21 21:44:00+00:00,100064.90248611906
2025-07-21 21:45:00+00:00,100065.41426071896
2025-07-21 21:46:00+00:00,100061.21770899979
2025-07-21 21:47:00+00:00,100055.46024475092
2025-07-21 21:48:00+00:00,100051.87782255163
2025-07-21 21:49:00+00:00,100044.68738942305
2025-07-21 21:50:00+00:00,100041.87262912361
2025-07-21 21:51:00+00:00,100043.25442054332
2025-07-21 21:52:00+00:00,100020.81310433777
2025-07-21 21:53:00+00:00,100034.40071996508
2025-07-21 21:54:00+00:00,100033.40275949528
2025-07-21 21:55:00+00:00,100038.3413843843
2025-07-21 21:56:00+00:00,100043.35677546331
2025-07-21 21:57:00+00:00,100033.65864679523
2025-07-21 21:58:00+00:00,100030.84388649577
2025-07-21 21:59:00+00:00,100026.26350382669
2025-07-21 22:00:00+00:00,100038.39256184429
2025-07-21 22:01:00+00:00,100036.26869725471
2025-07-21 22:02:00+00:00,100003.77101016113
2025-07-21 22:03:00+00:00,100010.91026582972
2025-07-21 22:04:00+00:00,100021.22252401768
2025-07-21 22:05:00+00:00,100023.1672674973
2025-07-21 22:06:00+00:00,100022.1948957575
2025-07-21 22:07:00+00:00,100031.38124982567
2025-07-21 22:08:00+00:00,100032.43038775548
2025-07-21 22:09:00+00:00,100036.70370566462
2025-07-21 22:10:00+00:00,100047.73244829245
2025-07-21 22:11:00+00:00,100044.25238101314
2025-07-21 22:12:00+00:00,100044.25238101314
2025-07-21 22:13:00+00:00,100048.4745214623
2025-07-21 22:14:00+00:00,100050.82868462184
2025-07-21 22:15:00+00:00,100048.78158622223
2025-07-21 22:16:00+00:00,100043.66384022325
2025-07-21 22:17:00+00:00,100039.56964342407
2025-07-21 22:18:00+00:00,100038.57168295427
2025-07-21 22:19:00+00:00,100023.1928562273
2025-07-21 22:20:00+00:00,100030.33211189588
2025-07-21 22:21:00+00:00,100039.54405469407
2025-07-21 22:22:00+00:00,100044.66180069305
2025-07-21 22:23:00+00:00,100047.68127083246
2025-07-21 22:24:00+00:00,100048.78158622223
2025-07-21 22:25:00+00:00,100048.80717495224
2025-07-21 22:26:00+00:00,100046.76007655264
2025-07-21 22:27:00+00:00,100071.42761226777
2025-07-21 22:28:00+00:00,100068.53608577834
2025-07-21 22:29:00+00:00,100073.32117828738
2025-07-21 22:30:00+00:00,100075.98240620687
2025-07-21 22:31:00+00:00,100080.58837760596
2025-07-21 22:32:00+00:00,100093.25479895345
2025-07-21 22:33:00+00:00,100103.08087127152
2025-07-21 22:34:00+00:00,100120.71150623803
2025-07-21 22:35:00+00:00,100131.94495870582
2025-07-21 22:36:00+00:00,100124.49863827729
2025-07-21 22:37:00+00:00,100122.47712860769
2025-07-21 22:38:00+00:00,100123.01449193759
2025-07-21 22:39:00+00:00,100125.5221874771
2025-07-21 22:40:00+00:00,100123.50067780749
2025-07-21 22:41:00+00:00,100131.15170807598
2025-07-21 22:42:00+00:00,100130.15374760618
2025-07-21 22:43:00+00:00,100126.08513953698
2025-07-21 22:44:00+00:00,100127.59487460667
2025-07-21 22:45:00+00:00,100120.4300302081
2025-07-21 22:46:00+00:00,100112.2672253397
2025-07-21 22:47:00+00:00,100120.4300302081
2025-07-21 22:48:00+00:00,100113.90490405938
2025-07-21 22:49:00+00:00,100097.70723797259
2025-07-21 22:50:00+00:00,100110.16894948011
2025-07-21 22:51:00+00:00,100112.24163660972
2025-07-21 22:52:00+00:00,100099.98463494213
2025-07-21 22:53:00+00:00,100101.1105390619
2025-07-21 22:54:00+00:00,100088.72559374436
2025-07-21 22:55:00+00:00,100073.34676701738
2025-07-21 22:56:00+00:00,100076.44300334678
2025-07-21 22:57:00+00:00,100076.44300334678
2025-07-21 22:58:00+00:00,100069.2525702182
2025-07-21 22:59:00+00:00,100061.08976534981
2025-07-21 23:00:00+00:00,100066.64251975871
2025-07-21 23:01:00+00:00,100056.99556855063
2025-07-21 23:02:00+00:00,100045.25034148294
2025-07-21 23:03:00+00:00,100017.38421451845
2025-07-21 23:04:00+00:00,100025.41907573685
2025-07-21 23:05:00+00:00,100042.64029102345
2025-07-21 23:06:00+00:00,100031.38124982567
2025-07-21 23:07:00+00:00,100044.66180069305
2025-07-21 23:08:00+00:00,100059.01707822022
2025-07-21 23:09:00+00:00,100046.29947941273
2025-07-21 23:10:00+00:00,100053.5666787313
2025-07-21 23:11:00+00:00,100051.77546763164
2025-07-21 23:12:00+00:00,100045.73652735284
2025-07-21 23:13:00+00:00,100038.57168295427
2025-07-21 23:14:00+00:00,100043.63825149325
2025-07-21 23:15:00+00:00,100042.74264594344
2025-07-21 23:16:00+00:00,100033.42834822528
2025-07-21 23:17:00+00:00,100031.38124982567
2025-07-21 23:18:00+00:00,100009.55406313998
2025-07-21 23:19:00+00:00,100013.16207406927
2025-07-21 23:20:00+00:00,100018.0751102283
2025-07-21 23:21:00+00:00,100018.04952149831
2025-07-21 23:22:00+00:00,100021.91341972754
2025-07-21 23:23:00+00:00,100009.86112789993
2025-07-21 23:24:00+00:00,100020.6339832278
2025-07-21 23:25:00+00:00,100036.60135074465
2025-07-21 23:26:00+00:00,100040.05582929397
2025-07-21 23:27:00+00:00,100044.76415561303
2025-07-21 23:28:00+00:00,100054.71817158107
2025-07-21 23:29:00+00:00,100057.48175442053
2025-07-21 23:30:00+00:00,100081.48398315578
2025-07-21 23:31:00+00:00,100095.76249449297
2025-07-21 23:32:00+00:00,100094.84130021314
2025-07-21 23:33:00+00:00,100096.76045496276
2025-07-21 23:34:00+00:00,100094.86688894314
2025-07-21 23:35:00+00:00,100096.45339020283
2025-07-21 23:36:00+00:00,100093.74098482337
2025-07-21 23:37:00+00:00,100082.14929013565
2025-07-21 23:38:00+00:00,100090.28650627405
2025-07-21 23:39:00+00:00,100090.13297389407
2025-07-21 23:40:00+00:00,100080.05101427606
2025-07-21 23:41:00+00:00,100069.38051386818
2025-07-21 23:42:00+00:00,100065.183962149
2025-07-21 23:43:00+00:00,100053.97609841122
2025-07-21 23:44:00+00:00,100053.10608159138
2025-07-21 23:45:00+00:00,100050.80309589184
2025-07-21 23:46:00+00:00,100058.17265013038
2025-07-21 23:47:00+00:00,100063.90452564925
2025-07-21 23:48:00+00:00,100070.250530688
2025-07-21 23:49:00+00:00,100076.54535826675
2025-07-21 23:50:00+00:00,100091.28446674385
2025-07-21 23:51:00+00:00,100075.77769636692
2025-07-21 23:52:00+00:00,100076.49418080677
2025-07-21 23:53:00+00:00,100068.2034322884
2025-07-21 23:54:00+00:00,100090.20974008406
2025-07-21 23:55:00+00:00,100082.48194362558
2025-07-21 23:56:00+00:00,100087.65086708457
2025-07-21 23:57:00+00:00,100076.69889064673
2025-07-21 23:58:00+00:00,100067.97313371845
2025-07-21 23:59:00+00:00,100065.6957367489
2025-07-22 00:00:00+00:00,100075.36827668699
2025-07-22 00:01:00+00:00,100065.6957367489
2025-07-22 00:02:00+00:00,100069.40610259816
2025-07-22 00:03:00+00:00,100054.0784533312
2025-07-22 00:04:00+00:00,100047.16949623256
2025-07-22 00:05:00+00:00,100052.33841969154
2025-07-22 00:06:00+00:00,100052.5943069915
2025-07-22 00:07:00+00:00,100042.17969388355
2025-07-22 00:08:00+00:00,100042.61470229346
2025-07-22 00:09:00+00:00,100040.69554754383
2025-07-22 00:10:00+00:00,100040.59319262386
2025-07-22 00:11:00+00:00,100049.77954669204
2025-07-22 00:12:00+00:00,100052.18488731157
2025-07-22 00:13:00+00:00,100051.31487049174
2025-07-22 00:14:00+00:00,100053.84815476125
2025-07-22 00:15:00+00:00,100070.250530688
2025-07-22 00:16:00+00:00,100091.71947515376
2025-07-22 00:17:00+00:00,100090.92622452392
2025-07-22 00:18:00+00:00,100092.79420181355
2025-07-22 00:19:00+00:00,100086.08995455487
2025-07-22 00:20:00+00:00,100084.60580821516
2025-07-22 00:21:00+00:00,100084.58021948517
2025-07-22 00:22:00+00:00,100078.59245666635
2025-07-22 00:23:00+00:00,100084.58021948517
2025-07-22 00:24:00+00:00,100084.06844488527
2025-07-22 00:25:00+00:00,100082.30282251562
2025-07-22 00:26:00+00:00,100094.81571148316
2025-07-22 00:27:00+00:00,100095.37866354304
2025-07-22 00:28:00+00:00,100093.84333974334
2025-07-22 00:29:00+00:00,100103.28558111147
2025-07-22 00:30:00+00:00,100103.02969381152
2025-07-22 00:31:00+00:00,100085.9620109049
2025-07-22 00:32:00+00:00,100073.34676701738
2025-07-22 00:33:00+00:00,100041.64233055364
2025-07-22 00:34:00+00:00,100052.5943069915
2025-07-22 00:35:00+00:00,100037.65048867444
2025-07-22 00:36:00+00:00,100020.01985370793
2025-07-22 00:37:00+00:00,100004.74338190093
2025-07-22 00:38:00+00:00,100021.1201690977
2025-07-22 00:39:00+00:00,100031.91861315558
2025-07-22 00:40:00+00:00,100034.47748615507
2025-07-22 00:41:00+00:00,100012.47117835941
2025-07-22 00:42:00+00:00,99982.04617839542
2025-07-22 00:43:00+00:00,100000.13741050185
2025-07-22 00:44:00+00:00,99987.36863423437
2025-07-22 00:45:00+00:00,100016.00242309872
2025-07-22 00:46:00+00:00,100045.86447100282
2025-07-22 00:47:00+00:00,100034.47748615507
2025-07-22 00:48:00+00:00,100029.33415142608
2025-07-22 00:49:00+00:00,100036.49899582466
2025-07-22 00:50:00+00:00,100012.18970232946
2025-07-22 00:51:00+00:00,100021.1457578277
2025-07-22 00:52:00+00:00,100027.15910937652
2025-07-22 00:53:00+00:00,100024.1908166971
2025-07-22 00:54:00+00:00,100020.99222544773
2025-07-22 00:55:00+00:00,100006.07399586067
2025-07-22 00:56:00+00:00,99995.04525323285
2025-07-22 00:57:00+00:00,99994.09847022303
2025-07-22 00:58:00+00:00,100000.08623304186
2025-07-22 00:59:00+00:00,100000.08623304186
2025-07-22 01:00:00+00:00,99985.98684281464
2025-07-22 01:01:00+00:00,99970.76154846765
2025-07-22 01:02:00+00:00,99966.38587563852
2025-07-22 01:03:00+00:00,99970.22418513775
2025-07-22 01:04:00+00:00,99943.33042991307
2025-07-22 01:05:00+00:00,99953.36121207109
2025-07-22 01:06:00+00:00,99946.73373100239
2025-07-22 01:07:00+00:00,99950.49527431164
2025-07-22 01:08:00+00:00,99958.27424823011
2025-07-22 01:09:00+00:00,99960.29575789972
2025-07-22 01:10:00+00:00,99966.46264182849
2025-07-22 01:11:00+00:00,99984.27239790498
2025-07-22 01:12:00+00:00,99982.81384029526
2025-07-22 01:13:00+00:00,99964.3899546989
2025-07-22 01:14:00+00:00,99934.70702790476
2025-07-22 01:15:00+00:00,99892.20414738316
2025-07-22 01:16:00+00:00,99892.20414738316
2025-07-22 01:17:00+00:00,99767.51026611778
2025-07-22 01:18:00+00:00,99856.30315920025
2025-07-22 01:19:00+00:00,99929.00074111589
2025-07-22 01:20:00+00:00,99963.67347025905
2025-07-22 01:21:00+00:00,99982.22529950537
2025-07-22 01:22:00+00:00,100000.18858796183
2025-07-22 01:23:00+00:00,100025.23995462689
2025-07-22 01:24:00+00:00,99976.10959303658
2025-07-22 01:25:00+00:00,100004.8713255509
2025-07-22 01:26:00+00:00,100013.57149374919
2025-07-22 01:27:00+00:00,100028.79678809618
2025-07-22 01:28:00+00:00,100023.1160900373
2025-07-22 01:29:00+00:00,100032.66068632543
2025-07-22 01:30:00+00:00,100032.43038775548
2025-07-22 01:31:00+00:00,100019.0730706981
2025-07-22 01:32:00+00:00,100021.1201690977
2025-07-22 01:33:00+00:00,100004.74338190093
2025-07-22 01:34:00+00:00,100022.45078305744
2025-07-22 01:35:00+00:00,100041.02820103377
2025-07-22 01:36:00+00:00,100073.34676701738
2025-07-22 01:37:00+00:00,100050.31691002194
2025-07-22 01:38:00+00:00,100056.96997982063
2025-07-22 01:39:00+00:00,100060.29651471996
2025-07-22 01:40:00+00:00,100165.4661949992
2025-07-22 01:41:00+00:00,100147.96350368267
2025-07-22 01:42:00+00:00,100136.29504280497
2025-07-22 01:43:00+00:00,100117.3593826087
2025-07-22 01:44:00+00:00,100136.80681740487
2025-07-22 01:45:00+00:00,100149.2173514524
2025-07-22 01:46:00+00:00,100178.31173745666
2025-07-22 01:47:00+00:00,100189.00782659455
2025-07-22 01:48:00+00:00,100187.06308311493
2025-07-22 01:49:00+00:00,100181.84298219596
2025-07-22 01:50:00+00:00,100146.01876020303
2025-07-22 01:51:00+00:00,100182.86653139576
2025-07-22 01:52:00+00:00,100193.58820926365
2025-07-22 01:53:00+00:00,100201.31600572212
2025-07-22 01:54:00+00:00,100176.21346159707
2025-07-22 01:55:00+00:00,100179.92382744634
2025-07-22 01:56:00+00:00,100189.7754884944
2025-07-22 01:57:00+00:00,100173.37311256764
2025-07-22 01:58:00+00:00,100169.0486171985
2025-07-22 01:59:00+00:00,100163.87969373951
2025-07-22 02:00:00+00:00,100172.68221685778
2025-07-22 02:01:00+00:00,100171.07012686809
2025-07-22 02:02:00+00:00,100171.42836908803
2025-07-22 02:03:00+00:00,100148.91028669247
2025-07-22 02:04:00+00:00,100141.95015213385
2025-07-22 02:05:00+00:00,100139.39127913435
2025-07-22 02:06:00+00:00,100143.45988720354
2025-07-22 02:07:00+00:00,100116.59172070885
2025-07-22 02:08:00+00:00,100113.93049278938
2025-07-22 02:09:00+00:00,100109.70835234021
2025-07-22 02:10:00+00:00,100115.03080817916
2025-07-22 02:11:00+00:00,100096.91398734273
2025-07-22 02:12:00+00:00,100087.62527835456
2025-07-22 02:13:00+00:00,100106.61211601082
2025-07-22 02:14:00+00:00,100100.77788557197
2025-07-22 02:15:00+00:00,100099.95904621214
2025-07-22 02:16:00+00:00,100082.55870981557
2025-07-22 02:17:00+00:00,100085.11758281506
2025-07-22 02:18:00+00:00,100082.53312108558
2025-07-22 02:19:00+00:00,100079.46247348617
2025-07-22 02:20:00+00:00,100095.86484941294
2025-07-22 02:21:00+00:00,100101.98055588173
2025-07-22 02:22:00+00:00,100139.51922278432
2025-07-22 02:23:00+00:00,100129.10460967637
2025-07-22 02:24:00+00:00,100111.21808740991
2025-07-22 02:25:00+00:00,100110.68072408001
2025-07-22 02:26:00+00:00,100122.96331447759
2025-07-22 02:27:00+00:00,100117.3593826087
2025-07-22 02:28:00+00:00,100108.7871580604
2025-07-22 02:29:00+00:00,100110.73190154001
2025-07-22 02:30:00+00:00,100112.70223374962
2025-07-22 02:31:00+00:00,100099.93345748214
2025-07-22 02:32:00+00:00,100096.88839861273
2025-07-22 02:33:00+00:00,100117.97351212858
2025-07-22 02:34:00+00:00,100142.6666365737
2025-07-22 02:35:00+00:00,100117.20585022873
2025-07-22 02:36:00+00:00,100117.3337938787
2025-07-22 02:37:00+00:00,100110.22012694011
2025-07-22 02:38:00+00:00,100114.74933214922
2025-07-22 02:39:00+00:00,100111.21808740991
2025-07-22 02:40:00+00:00,100106.97035823076
2025-07-22 02:41:00+00:00,100098.93549701234
2025-07-22 02:42:00+00:00,100049.29336082214
2025-07-22 02:43:00+00:00,100053.95050968122
2025-07-22 02:44:00+00:00,100042.20528261355
2025-07-22 02:45:00+00:00,100042.64029102345
2025-07-22 02:46:00+00:00,100051.13574938178
2025-07-22 02:47:00+00:00,100053.38755762133
2025-07-22 02:48:00+00:00,100032.91657362538
2025-07-22 02:49:00+00:00,100026.77527842659
2025-07-22 02:50:00+00:00,100035.96163249477
2025-07-22 02:51:00+00:00,100020.1222086279
2025-07-22 02:52:00+00:00,99994.53347863295
2025-07-22 02:53:00+00:00,99980.5620320557
2025-07-22 02:54:00+00:00,100024.21640542708
2025-07-22 02:55:00+00:00,99980.68997570568
2025-07-22 02:56:00+00:00,99964.85055183881
2025-07-22 02:57:00+00:00,99966.69294039844
2025-07-22 02:58:00+00:00,99974.5742692369
2025-07-22 02:59:00+00:00,99975.64899589668
2025-07-22 03:00:00+00:00,99980.74115316567
2025-07-22 03:01:00+00:00,99963.16169565915
2025-07-22 03:02:00+00:00,99988.7248369241
2025-07-22 03:03:00+00:00,100024.49788145703
2025-07-22 03:04:00+00:00,100012.42000089942
2025-07-22 03:05:00+00:00,99998.62767543214
2025-07-22 03:06:00+00:00,99976.62136763649
2025-07-22 03:07:00+00:00,99984.86093869485
2025-07-22 03:08:00+00:00,99986.29390757458
2025-07-22 03:09:00+00:00,99991.33488738358
2025-07-22 03:10:00+00:00,99995.04525323285
2025-07-22 03:11:00+00:00,99993.48434070316
2025-07-22 03:12:00+00:00,99993.25404213321
2025-07-22 03:13:00+00:00,99989.03190168404
2025-07-22 03:14:00+00:00,99975.59781843668
2025-07-22 03:15:00+00:00,99970.9918470376
2025-07-22 03:16:00+00:00,99973.03894543719
2025-07-22 03:17:00+00:00,99919.2770237178
2025-07-22 03:18:00+00:00,99921.96384036727
2025-07-22 03:19:00+00:00,99918.8164265779
2025-07-22 03:20:00+00:00,99900.46930717153
2025-07-22 03:21:00+00:00,99902.41405065113
2025-07-22 03:22:00+00:00,99930.4337099956
2025-07-22 03:23:00+00:00,99940.25978231366
2025-07-22 03:24:00+00:00,99937.21472344427
2025-07-22 03:25:00+00:00,99921.3752995774
2025-07-22 03:26:00+00:00,99973.03894543719
2025-07-22 03:27:00+00:00,99995.07084196285
2025-07-22 03:28:00+00:00,100007.27666617044
2025-07-22 03:29:00+00:00,100003.23364683124
2025-07-22 03:30:00+00:00,100017.53774689841
2025-07-22 03:31:00+00:00,100018.27982006826
2025-07-22 03:32:00+00:00,100002.61951731135
2025-07-22 03:33:00+00:00,99933.65788997497
2025-07-22 03:34:00+00:00,99994.12405895304
2025-07-22 03:35:00+00:00,99957.68570744022
2025-07-22 03:36:00+00:00,99947.98757877214
2025-07-22 03:37:00+00:00,99944.35397911286
2025-07-22 03:38:00+00:00,99956.15038364053
2025-07-22 03:39:00+00:00,99949.49731384184
2025-07-22 03:40:00+00:00,99935.11644758469
2025-07-22 03:41:00+00:00,99937.6241431242
2025-07-22 03:42:00+00:00,99920.81234751751
2025-07-22 03:43:00+00:00,99951.28852494148
2025-07-22 03:44:00+00:00,99950.52086304165
2025-07-22 03:45:00+00:00,99968.74003879805
2025-07-22 03:46:00+00:00,99946.58019862243
2025-07-22 03:47:00+00:00,99946.91285211235
2025-07-22 03:48:00+00:00,99976.10959303658
2025-07-22 03:49:00+00:00,99989.51808755394
2025-07-22 03:50:00+00:00,99991.36047611358
2025-07-22 03:51:00+00:00,99973.5251313071
2025-07-22 03:52:00+00:00,100003.02893699126
2025-07-22 03:53:00+00:00,100006.79048030052
2025-07-22 03:54:00+00:00,100018.04952149831
2025-07-22 03:55:00+00:00,100021.1457578277
2025-07-22 03:56:00+00:00,100007.83961823033
2025-07-22 03:57:00+00:00,100011.11497566968
2025-07-22 03:58:00+00:00,100007.9419731503
2025-07-22 03:59:00+00:00,100025.00965605694
2025-07-22 04:00:00+00:00,100015.31152738884
2025-07-22 04:01:00+00:00,100014.08326834909
2025-07-22 04:02:00+00:00,100023.0905013073
2025-07-22 04:03:00+00:00,99996.52939957255
2025-07-22 04:04:00+00:00,100005.79251983072
2025-07-22 04:05:00+00:00,100020.0966198979
2025-07-22 04:06:00+00:00,100016.97479483852
2025-07-22 04:07:00+00:00,100016.0280118287
2025-07-22 04:08:00+00:00,100024.1908166971
2025-07-22 04:09:00+00:00,100039.59523215405
2025-07-22 04:10:00+00:00,100031.2277174457
2025-07-22 04:11:00+00:00,100020.1222086279
2025-07-22 04:12:00+00:00,100007.32784363042
2025-07-22 04:13:00+00:00,100000.44447526179
2025-07-22 04:14:00+00:00,100003.66865524114
2025-07-22 04:15:00+00:00,100003.77101016113
2025-07-22 04:16:00+00:00,100002.44039620139
2025-07-22 04:17:00+00:00,99993.45875197317
2025-07-22 04:18:00+00:00,99983.30002616518
2025-07-22 04:19:00+00:00,100001.92862160149
2025-07-22 04:20:00+00:00,100009.37494203003
2025-07-22 04:21:00+00:00,99987.36863423437
2025-07-22 04:22:00+00:00,99988.85278057407
2025-07-22 04:23:00+00:00,99994.20082514302
2025-07-22 04:24:00+00:00,99956.40627094048
2025-07-22 04:25:00+00:00,99943.53513975302
2025-07-22 04:26:00+00:00,99939.03152327391
2025-07-22 04:27:00+00:00,99935.42351234463
2025-07-22 04:28:00+00:00,99960.8075324996
2025-07-22 04:29:00+00:00,99966.8976502384
2025-07-22 04:30:00+00:00,99982.50677553532
2025-07-22 04:31:00+00:00,99992.69109007332
2025-07-22 04:32:00+00:00,100004.12925238106
2025-07-22 04:33:00+00:00,99989.59485374393
2025-07-22 04:34:00+00:00,100001.67273430154
2025-07-22 04:35:00+00:00,100013.90414723913
2025-07-22 04:36:00+00:00,100039.54405469407
2025-07-22 04:37:00+00:00,100047.73244829245
2025-07-22 04:38:00+00:00,100041.61674182366
2025-07-22 04:39:00+00:00,100047.75803702245
2025-07-22 04:40:00+00:00,100012.44558962941
2025-07-22 04:41:00+00:00,99998.16707829223
2025-07-22 04:42:00+00:00,99981.73911363547
2025-07-22 04:43:00+00:00,99960.11663678975
2025-07-22 04:44:00+00:00,99936.70294884437
2025-07-22 04:45:00+00:00,99945.40311704265
2025-07-22 04:46:00+00:00,99942.97218769313
2025-07-22 04:47:00+00:00,99926.74893287633
2025-07-22 04:48:00+00:00,99934.70702790476
2025-07-22 04:49:00+00:00,99915.95048881846
2025-07-22 04:50:00+00:00,99902.10698589121
2025-07-22 04:51:00+00:00,99915.72019024851
2025-07-22 04:52:00+00:00,99909.1950640998
2025-07-22 04:53:00+00:00,99896.45187656232
2025-07-22 04:54:00+00:00,99900.5972508215
2025-07-22 04:55:00+00:00,99915.66901278852
2025-07-22 04:56:00+00:00,99915.66901278852
2025-07-22 04:57:00+00:00,99905.51028698053
2025-07-22 04:58:00+00:00,99893.9953584828
2025-07-22 04:59:00+00:00,99858.06878156989
2025-07-22 05:00:00+00:00,99905.04968984061
2025-07-22 05:01:00+00:00,99899.34340305175
2025-07-22 05:02:00+00:00,99896.78453005225
2025-07-22 05:03:00+00:00,99887.59817598407
2025-07-22 05:04:00+00:00,99921.8614854473
2025-07-22 05:05:00+00:00,99891.02706580338
2025-07-22 05:06:00+00:00,99933.14611537507
2025-07-22 05:07:00+00:00,99929.53810444579
2025-07-22 05:08:00+00:00,99953.13091350113
2025-07-22 05:09:00+00:00,99951.05822637153
2025-07-22 05:10:00+00:00,99930.07546777568
2025-07-22 05:11:00+00:00,99940.0806612037
2025-07-22 05:12:00+00:00,99956.17597237052
2025-07-22 05:13:00+00:00,100018.0751102283
2025-07-22 05:14:00+00:00,100026.26350382669
2025-07-22 05:15:00+00:00,100006.35547189062
2025-07-22 05:16:00+00:00,100011.85704883953
2025-07-22 05:17:00+00:00,100031.7650807756
2025-07-22 05:18:00+00:00,100031.40683855567
2025-07-22 05:19:00+00:00,100046.19712449276
2025-07-22 05:20:00+00:00,100062.11331454961
2025-07-22 05:21:00+00:00,100034.96367202497
2025-07-22 05:22:00+00:00,100033.7865904452
2025-07-22 05:23:00+00:00,100033.94012282517
2025-07-22 05:24:00+00:00,100015.36270484884
2025-07-22 05:25:00+00:00,100017.56333562841
2025-07-22 05:26:00+00:00,100012.93177549931
2025-07-22 05:27:00+00:00,100004.28278476103
2025-07-22 05:28:00+00:00,100013.95532469911
2025-07-22 05:29:00+00:00,100013.49472755921
2025-07-22 05:30:00+00:00,100014.49268802901
2025-07-22 05:31:00+00:00,99992.43520277337
2025-07-22 05:32:00+00:00,100012.44558962941
2025-07-22 05:33:00+00:00,99999.70240209193
2025-07-22 05:34:00+00:00,99996.55498830255
2025-07-22 05:35:00+00:00,100020.1222086279
2025-07-22 05:36:00+00:00,100051.9801774716
2025-07-22 05:37:00+00:00,100035.47544662487
2025-07-22 05:38:00+00:00,100033.40275949528
2025-07-22 05:39:00+00:00,100021.27370147768
2025-07-22 05:40:00+00:00,100028.89914301617
2025-07-22 05:41:00+00:00,100027.28705302649
2025-07-22 05:42:00+00:00,100015.23476119887
2025-07-22 05:43:00+00:00,100008.88875616012
2025-07-22 05:44:00+00:00,99994.53347863295
2025-07-22 05:45:00+00:00,99978.54052238612
2025-07-22 05:46:00+00:00,99990.43928183377
2025-07-22 05:47:00+00:00,99977.13314223639
2025-07-22 05:48:00+00:00,99971.75950893745
2025-07-22 05:49:00+00:00,99954.12887397093
2025-07-22 05:50:00+00:00,99965.9252784986
2025-07-22 05:51:00+00:00,100002.92658207129
2025-07-22 05:52:00+00:00,100034.93808329497
2025-07-22 05:53:00+00:00,100047.37420607252
2025-07-22 05:54:00+00:00,100032.40479902548
2025-07-22 05:55:00+00:00,100030.38328935587
2025-07-22 05:56:00+00:00,100042.69146848345
2025-07-22 05:57:00+00:00,100038.62286041424
2025-07-22 05:58:00+00:00,100048.21863416236
2025-07-22 05:59:00+00:00,100056.43261649073
2025-07-22 06:00:00+00:00,100054.94847015102
2025-07-22 06:01:00+00:00,100049.52365939209
2025-07-22 06:02:00+00:00,100059.37532044014
2025-07-22 06:03:00+00:00,100087.03673756469
2025-07-22 06:04:00+00:00,100093.28038768345
2025-07-22 06:05:00+00:00,100082.68665346554
2025-07-22 06:06:00+00:00,100090.23532881406
2025-07-22 06:07:00+00:00,100100.08698986212
2025-07-22 06:08:00+00:00,100113.2907745395
2025-07-22 06:09:00+00:00,100111.24367613991
2025-07-22 06:10:00+00:00,100106.50976109084
2025-07-22 06:11:00+00:00,100111.21808740991
2025-07-22 06:12:00+00:00,100113.72578294942
2025-07-22 06:13:00+00:00,100107.2006568007
2025-07-22 06:14:00+00:00,100111.70427327981
2025-07-22 06:15:00+00:00,100097.47693940262
2025-07-22 06:16:00+00:00,100086.16672074486
2025-07-22 06:17:00+00:00,100089.74914294414
2025-07-22 06:18:00+00:00,100111.72986200982
2025-07-22 06:19:00+00:00,100126.59691413687
2025-07-22 06:20:00+00:00,100116.23347848892
2025-07-22 06:21:00+00:00,100139.39127913435
2025-07-22 06:22:00+00:00,100141.97574086384
2025-07-22 06:23:00+00:00,100146.99113194285
2025-07-22 06:24:00+00:00,100139.39127913435
2025-07-22 06:25:00+00:00,100133.71058107547
2025-07-22 06:26:00+00:00,100134.75971900526
2025-07-22 06:27:00+00:00,100146.96554321285
2025-07-22 06:28:00+00:00,100157.58486616076
2025-07-22 06:29:00+00:00,100151.64828080192
2025-07-22 06:30:00+00:00,100157.76398727072
2025-07-22 06:31:00+00:00,100153.18360460163
2025-07-22 06:32:00+00:00,100127.59487460667
2025-07-22 06:33:00+00:00,100138.0862539046
2025-07-22 06:34:00+00:00,100152.18564413182
2025-07-22 06:35:00+00:00,100161.21846582004
2025-07-22 06:36:00+00:00,100160.83463487012
2025-07-22 06:37:00+00:00,100129.36049697633
2025-07-22 06:38:00+00:00,100120.45561893808
2025-07-22 06:39:00+00:00,100130.94699823602
2025-07-22 06:40:00+00:00,100125.06159033718
2025-07-22 06:41:00+00:00,100126.31543810693
2025-07-22 06:42:00+00:00,100113.80254913941
2025-07-22 06:43:00+00:00,100113.8537265994
2025-07-22 06:44:00+00:00,100110.32248186009
2025-07-22 06:45:00+00:00,100115.28669547911
2025-07-22 06:46:00+00:00,100114.28873500931
2025-07-22 06:47:00+00:00,100100.26611097206
2025-07-22 06:48:00+00:00,100104.82090491118
2025-07-22 06:49:00+00:00,100138.85391580446
2025-07-22 06:50:00+00:00,100130.69111093607
2025-07-22 06:51:00+00:00,100147.50290654275
2025-07-22 06:52:00+00:00,100148.06585860264
2025-07-22 06:53:00+00:00,100139.36569040435
2025-07-22 06:54:00+00:00,100163.9308711995
2025-07-22 06:55:00+00:00,100166.489744199
2025-07-22 06:56:00+00:00,100170.0209889383
2025-07-22 06:57:00+00:00,100173.6289998676
2025-07-22 06:58:00+00:00,100187.21661549491
2025-07-22 06:59:00+00:00,100188.67517310462
2025-07-22 07:00:00+00:00,100188.52164072465
2025-07-22 07:01:00+00:00,100213.21476516977
2025-07-22 07:02:00+00:00,100169.63715798839
2025-07-22 07:03:00+00:00,100190.05696452435
2025-07-22 07:04:00+00:00,100217.155429589
2025-07-22 07:05:00+00:00,100211.67944137007
2025-07-22 07:06:00+00:00,100237.62641358495
2025-07-22 07:07:00+00:00,100231.43394092617
2025-07-22 07:08:00+00:00,100260.65627058041
2025-07-22 07:09:00+00:00,100255.99912172132
2025-07-22 07:10:00+00:00,100280.61547997646
2025-07-22 07:11:00+00:00,100278.03101824697
2025-07-22 07:12:00+00:00,100276.00950857738
2025-07-22 07:13:00+00:00,100290.33919737455
2025-07-22 07:14:00+00:00,100300.93293159246
2025-07-22 07:15:00+00:00,100308.68631678092
2025-07-22 07:16:00+00:00,100300.08850350261
2025-07-22 07:17:00+00:00,100286.27058930535
2025-07-22 07:18:00+00:00,100301.59823857232
2025-07-22 07:19:00+00:00,100307.43246901117
2025-07-22 07:20:00+00:00,100302.64737650211
2025-07-22 07:21:00+00:00,100332.20235964628
2025-07-22 07:22:00+00:00,100318.51238909898
2025-07-22 07:23:00+00:00,100319.25446226883
2025-07-22 07:24:00+00:00,100334.37740169585
2025-07-22 07:25:00+00:00,100358.63551773106
2025-07-22 07:26:00+00:00,100358.916993761
2025-07-22 07:27:00+00:00,100361.98764136039
2025-07-22 07:28:00+00:00,100376.31733015756
2025-07-22 07:29:00+00:00,100371.68577002847
2025-07-22 07:30:00+00:00,100325.9587095275
2025-07-22 07:31:00+00:00,100304.82241855169
2025-07-22 07:32:00+00:00,100302.77532015208
2025-07-22 07:33:00+00:00,100285.60528232547
2025-07-22 07:34:00+00:00,100283.14876424597
2025-07-22 07:35:00+00:00,100294.76604766367
2025-07-22 07:36:00+00:00,100317.46325116919
2025-07-22 07:37:00+00:00,100295.94312924343
2025-07-22 07:38:00+00:00,100295.12428988359
2025-07-22 07:39:00+00:00,100281.10166584636
2025-07-22 07:40:00+00:00,100257.99504266093
2025-07-22 07:41:00+00:00,100276.03509730737
2025-07-22 07:42:00+00:00,100257.07384838111
2025-07-22 07:43:00+00:00,100262.98484500995
2025-07-22 07:44:00+00:00,100274.19270874772
2025-07-22 07:45:00+00:00,100263.26632103989
2025-07-22 07:46:00+00:00,100259.6071326506
2025-07-22 07:47:00+00:00,100261.1936339103
2025-07-22 07:48:00+00:00,100251.46991651221
2025-07-22 07:49:00+00:00,100244.27948338364
2025-07-22 07:50:00+00:00,100258.1229863109
2025-07-22 07:51:00+00:00,100276.00950857738
2025-07-22 07:52:00+00:00,100247.35013098303
2025-07-22 07:53:00+00:00,100235.14430677544
2025-07-22 07:54:00+00:00,100233.55780551575
2025-07-22 07:55:00+00:00,100228.92624538667
2025-07-22 07:56:00+00:00,100194.04880640356
2025-07-22 07:57:00+00:00,100194.15116132353
2025-07-22 07:58:00+00:00,100194.15116132353
2025-07-22 07:59:00+00:00,100224.80645985749
2025-07-22 08:00:00+00:00,100190.56873912425
2025-07-22 08:01:00+00:00,100176.75082492697
2025-07-22 08:02:00+00:00,100181.84298219596
2025-07-22 08:03:00+00:00,100179.28410919648
2025-07-22 08:04:00+00:00,100168.5624313286
2025-07-22 08:05:00+00:00,100157.30339013081
2025-07-22 08:06:00+00:00,100145.48139687315
2025-07-22 08:07:00+00:00,100109.70835234021
2025-07-22 08:08:00+00:00,100113.11165342954
2025-07-22 08:09:00+00:00,100140.90101420405
2025-07-22 08:10:00+00:00,100107.81478632058
2025-07-22 08:11:00+00:00,100141.92456340385
2025-07-22 08:12:00+00:00,100167.4877046688
2025-07-22 08:13:00+00:00,100146.01876020303
2025-07-22 08:14:00+00:00,100144.96962227325
2025-07-22 08:15:00+00:00,100190.54315039425
2025-07-22 08:16:00+00:00,100177.26259952688
2025-07-22 08:17:00+00:00,100134.47824297531
2025-07-22 08:18:00+00:00,100168.5112538686
2025-07-22 08:19:00+00:00,100175.67609826718
2025-07-22 08:20:00+00:00,100212.06327232
2025-07-22 08:21:00+00:00,100197.17063146294
2025-07-22 08:22:00+00:00,100185.93717899515
2025-07-22 08:23:00+00:00,100155.02599316125
2025-07-22 08:24:00+00:00,100146.17229258301
2025-07-22 08:25:00+00:00,100110.65513535003
2025-07-22 08:26:00+00:00,100117.8455684786
2025-07-22 08:27:00+00:00,100117.64085863865
2025-07-22 08:28:00+00:00,100145.30227576318
2025-07-22 08:29:00+00:00,100152.85095111169
2025-07-22 08:30:00+00:00,100171.96573241791
2025-07-22 08:31:00+00:00,100202.18602254195
2025-07-22 08:32:00+00:00,100219.25370544859
2025-07-22 08:33:00+00:00,100224.83204858747
2025-07-22 08:34:00+00:00,100214.6221453195
2025-07-22 08:35:00+00:00,100224.83204858747
2025-07-22 08:36:00+00:00,100252.621409362
2025-07-22 08:37:00+00:00,100244.02359608369
2025-07-22 08:38:00+00:00,100265.2110645195
2025-07-22 08:39:00+00:00,100262.26836057009
2025-07-22 08:40:00+00:00,100262.78013516999
2025-07-22 08:41:00+00:00,100272.93886097797
2025-07-22 08:42:00+00:00,100253.49142618182
2025-07-22 08:43:00+00:00,100256.07588791131
2025-07-22 08:44:00+00:00,100251.62344889219
2025-07-22 08:45:00+00:00,100242.76974831393
2025-07-22 08:46:00+00:00,100240.18528658446
2025-07-22 08:47:00+00:00,100242.13003006406
2025-07-22 08:48:00+00:00,100246.30099305324
2025-07-22 08:49:00+00:00,100249.26928573265
2025-07-22 08:50:00+00:00,100266.38814609927
2025-07-22 08:51:00+00:00,100285.27262883555
2025-07-22 08:52:00+00:00,100288.93181722482
2025-07-22 08:53:00+00:00,100297.96463891304
2025-07-22 08:54:00+00:00,100303.36386094197
2025-07-22 08:55:00+00:00,100303.77328062188
2025-07-22 08:56:00+00:00,100294.43339417374
2025-07-22 08:57:00+00:00,100288.77828484486
2025-07-22 08:58:00+00:00,100299.52555144273
2025-07-22 08:59:00+00:00,100301.57264984233
2025-07-22 09:00:00+00:00,100286.44971041531
2025-07-22 09:01:00+00:00,100268.05141354894
2025-07-22 09:02:00+00:00,100285.65645978547
2025-07-22 09:03:00+00:00,100271.09647241834
2025-07-22 09:04:00+00:00,100269.2796725887
2025-07-22 09:05:00+00:00,100268.84466417879
2025-07-22 09:06:00+00:00,100250.44636731243
2025-07-22 09:07:00+00:00,100242.33473990402
2025-07-22 09:08:00+00:00,100238.67555151475
2025-07-22 09:09:00+00:00,100236.47492073517
2025-07-22 09:10:00+00:00,100241.20883578424
2025-07-22 09:11:00+00:00,100243.9468298937
2025-07-22 09:12:00+00:00,100245.17508893347
2025-07-22 09:13:00+00:00,100244.50978195359
2025-07-22 09:14:00+00:00,100238.13818818485
2025-07-22 09:15:00+00:00,100232.94367599588
2025-07-22 09:16:00+00:00,100223.29672478778
2025-07-22 09:17:00+00:00,100196.71003432304
2025-07-22 09:18:00+00:00,100197.19622019294
2025-07-22 09:19:00+00:00,100206.38257426112
2025-07-22 09:20:00+00:00,100215.23627483938
2025-07-22 09:21:00+00:00,100216.6436549891
2025-07-22 09:22:00+00:00,100227.39092158698
2025-07-22 09:23:00+00:00,100227.90269618688
2025-07-22 09:24:00+00:00,100249.37164065264
2025-07-22 09:25:00+00:00,100265.36459689948
2025-07-22 09:26:00+00:00,100287.75473564505
2025-07-22 09:27:00+00:00,100288.29209897495
2025-07-22 09:28:00+00:00,100281.28078695634
2025-07-22 09:29:00+00:00,100277.00746904718
2025-07-22 09:30:00+00:00,100286.29617803534
2025-07-22 09:31:00+00:00,100314.3670148398
2025-07-22 09:32:00+00:00,100308.43042948097
2025-07-22 09:33:00+00:00,100315.33938657961
2025-07-22 09:34:00+00:00,100315.3905640396
2025-07-22 09:35:00+00:00,100330.99968933652
2025-07-22 09:36:00+00:00,100335.91272549555
2025-07-22 09:37:00+00:00,100338.80425198497
2025-07-22 09:38:00+00:00,100338.65071960501
2025-07-22 09:39:00+00:00,100335.70801565559
2025-07-22 09:40:00+00:00,100350.19123683273
2025-07-22 09:41:00+00:00,100347.09500050334
2025-07-22 09:42:00+00:00,100354.79720823182
2025-07-22 09:43:00+00:00,100353.31306189211
2025-07-22 09:44:00+00:00,100360.4779062907
2025-07-22 09:45:00+00:00,100373.52815858812
2025-07-22 09:46:00+00:00,100389.11169515504
2025-07-22 09:47:00+00:00,100352.8524647522
2025-07-22 09:48:00+00:00,100340.05809975472
2025-07-22 09:49:00+00:00,100333.35385249605
2025-07-22 09:50:00+00:00,100332.33030329626
2025-07-22 09:51:00+00:00,100343.58934449403
2025-07-22 09:52:00+00:00,100332.33030329626
2025-07-22 09:53:00+00:00,100322.83688446812
2025-07-22 09:54:00+00:00,100327.18696856727
2025-07-22 09:55:00+00:00,100340.46751943465
2025-07-22 09:56:00+00:00,100340.31398705467
2025-07-22 09:57:00+00:00,100342.54020656424
2025-07-22 09:58:00+00:00,100328.21051776706
2025-07-22 09:59:00+00:00,100326.70078269736
2025-07-22 10:00:00+00:00,100324.65368429777
2025-07-22 10:01:00+00:00,100332.71413424617
2025-07-22 10:02:00+00:00,100336.88509723535
2025-07-22 10:03:00+00:00,100337.39687183526
2025-07-22 10:04:00+00:00,100353.77365903201
2025-07-22 10:05:00+00:00,100351.52185079246
2025-07-22 10:06:00+00:00,100347.65795256323
2025-07-22 10:07:00+00:00,100343.53816703404
2025-07-22 10:08:00+00:00,100334.99153121572
2025-07-22 10:09:00+00:00,100311.27077851041
2025-07-22 10:10:00+00:00,100317.97502576909
2025-07-22 10:11:00+00:00,100316.97706529929
2025-07-22 10:12:00+00:00,100319.51034956878
2025-07-22 10:13:00+00:00,100334.83799883575
2025-07-22 10:14:00+00:00,100334.96594248572
2025-07-22 10:15:00+00:00,100342.56579529423
2025-07-22 10:16:00+00:00,100339.98133356473
2025-07-22 10:17:00+00:00,100329.31083315685
2025-07-22 10:18:00+00:00,100345.96909638356
2025-07-22 10:19:00+00:00,100361.01526962059
2025-07-22 10:20:00+00:00,100361.19439073055
2025-07-22 10:21:00+00:00,100352.13598031233
2025-07-22 10:22:00+00:00,100327.11020237728
2025-07-22 10:23:00+00:00,100329.72025283676
2025-07-22 10:24:00+00:00,100349.67946223283
2025-07-22 10:25:00+00:00,100337.95982389514
2025-07-22 10:26:00+00:00,100343.99876417394
2025-07-22 10:27:00+00:00,100352.75010983221
2025-07-22 10:28:00+00:00,100352.80128729221
2025-07-22 10:29:00+00:00,100358.891405031
2025-07-22 10:30:00+00:00,100380.92330155666
2025-07-22 10:31:00+00:00,100383.02157741625
2025-07-22 10:32:00+00:00,100391.54262450457
2025-07-22 10:33:00+00:00,100385.50368422575
2025-07-22 10:34:00+00:00,100391.59380196455
2025-07-22 10:35:00+00:00,100403.15990792227
2025-07-22 10:36:00+00:00,100387.11577421543
2025-07-22 10:37:00+00:00,100399.65425191296
2025-07-22 10:38:00+00:00,100412.16714088048
2025-07-22 10:39:00+00:00,100414.21423928009
2025-07-22 10:40:00+00:00,100412.03919723051
2025-07-22 10:41:00+00:00,100414.18865055009
2025-07-22 10:42:00+00:00,100412.19272961048
2025-07-22 10:43:00+00:00,100413.06274643031
2025-07-22 10:44:00+00:00,100410.91329311073
2025-07-22 10:45:00+00:00,100416.26133767968
2025-07-22 10:46:00+00:00,100428.03215347735
2025-07-22 10:47:00+00:00,100419.84375987898
2025-07-22 10:48:00+00:00,100405.48848235181
2025-07-22 10:49:00+00:00,100410.60622835079
2025-07-22 10:50:00+00:00,100418.35961353927
2025-07-22 10:51:00+00:00,100420.32994574888
2025-07-22 10:52:00+00:00,100422.91440747837
2025-07-22 10:53:00+00:00,100419.97170352895
2025-07-22 10:54:00+00:00,100443.35980274432
2025-07-22 10:55:00+00:00,100456.10299028181
2025-07-22 10:56:00+00:00,100457.1777169416
2025-07-22 10:57:00+00:00,100457.7150802715
2025-07-22 10:58:00+00:00,100467.92498353947
2025-07-22 10:59:00+00:00,100473.55450413836
2025-07-22 11:00:00+00:00,100471.76329303872
2025-07-22 11:01:00+00:00,100469.46030733918
2025-07-22 11:02:00+00:00,100466.61995830973
2025-07-22 11:03:00+00:00,100476.34367570782
2025-07-22 11:04:00+00:00,100455.207384732
2025-07-22 11:05:00+00:00,100490.36629974504
2025-07-22 11:06:00+00:00,100506.66632075183
2025-07-22 11:07:00+00:00,100504.49127870226
2025-07-22 11:08:00+00:00,100503.41655204247
2025-07-22 11:09:00+00:00,100457.89420138145
2025-07-22 11:10:00+00:00,100459.2248153412
2025-07-22 11:11:00+00:00,100433.71285153623
2025-07-22 11:12:00+00:00,100443.71804496426
2025-07-22 11:13:00+00:00,100474.93629555809
2025-07-22 11:14:00+00:00,100462.32105167059
2025-07-22 11:15:00+00:00,100479.82374298712
2025-07-22 11:16:00+00:00,100476.01102221789
2025-07-22 11:17:00+00:00,100469.92090447908
2025-07-22 11:18:00+00:00,100475.29453777803
2025-07-22 11:19:00+00:00,100479.9772753671
2025-07-22 11:20:00+00:00,100473.55450413836
2025-07-22 11:21:00+00:00,100469.97208193908
2025-07-22 11:22:00+00:00,100469.10206511925
2025-07-22 11:23:00+00:00,100464.7519810201
2025-07-22 11:24:00+00:00,100470.7909212989
2025-07-22 11:25:00+00:00,100483.25263280646
2025-07-22 11:26:00+00:00,100472.58213239856
2025-07-22 11:27:00+00:00,100470.71415510893
2025-07-22 11:28:00+00:00,100475.14100539805
2025-07-22 11:29:00+00:00,100496.91701462376
2025-07-22 11:30:00+00:00,100499.88530730316
2025-07-22 11:31:00+00:00,100491.49220386482
2025-07-22 11:32:00+00:00,100477.67428966756
2025-07-22 11:33:00+00:00,100470.71415510893
2025-07-22 11:34:00+00:00,100462.55135024054
2025-07-22 11:35:00+00:00,100474.06627873826
2025-07-22 11:36:00+00:00,100462.26987421059
2025-07-22 11:37:00+00:00,100447.94018541342
2025-07-22 11:38:00+00:00,100450.06405000301
2025-07-22 11:39:00+00:00,100463.2422459504
2025-07-22 11:40:00+00:00,100468.43675813937
2025-07-22 11:41:00+00:00,100483.68764121637
2025-07-22 11:42:00+00:00,100497.27525684368
2025-07-22 11:43:00+00:00,100495.56081193402
2025-07-22 11:44:00+00:00,100493.99989940433
2025-07-22 11:45:00+00:00,100493.00193893453
2025-07-22 11:46:00+00:00,100511.80965548081
2025-07-22 11:47:00+00:00,100528.31438632755
2025-07-22 11:48:00+00:00,100522.45456715871
2025-07-22 11:49:00+00:00,100524.78314158825
2025-07-22 11:50:00+00:00,100502.11152681273
2025-07-22 11:51:00+00:00,100514.52206086028
2025-07-22 11:52:00+00:00,100515.28972276012
2025-07-22 11:53:00+00:00,100518.71861257945
2025-07-22 11:54:00+00:00,100515.31531149012
2025-07-22 11:55:00+00:00,100508.20164455153
2025-07-22 11:56:00+00:00,100515.72473117005
2025-07-22 11:57:00+00:00,100519.10244352938
2025-07-22 11:58:00+00:00,100523.65723746848
2025-07-22 11:59:00+00:00,100519.79333923923
2025-07-22 12:00:00+00:00,100520.79129970905
2025-07-22 12:01:00+00:00,100513.4729229305
2025-07-22 12:02:00+00:00,100500.704146663
2025-07-22 12:03:00+00:00,100508.32958820151
2025-07-22 12:04:00+00:00,100531.35944519695
2025-07-22 12:05:00+00:00,100543.66762432453
2025-07-22 12:06:00+00:00,100546.40561843399
2025-07-22 12:07:00+00:00,100544.69117352432
2025-07-22 12:08:00+00:00,100534.30214914637
2025-07-22 12:09:00+00:00,100524.96226269822
2025-07-22 12:10:00+00:00,100528.90292711744
2025-07-22 12:11:00+00:00,100539.06165292543
2025-07-22 12:12:00+00:00,100541.10875132502
2025-07-22 12:13:00+00:00,100539.03606419543
2025-07-22 12:14:00+00:00,100545.04941574424
2025-07-22 12:15:00+00:00,100535.22334342619
2025-07-22 12:16:00+00:00,100535.47923072614
2025-07-22 12:17:00+00:00,100530.38707345715
2025-07-22 12:18:00+00:00,100540.7760978351
2025-07-22 12:19:00+00:00,100544.69117352432
2025-07-22 12:20:00+00:00,100544.58881860434
2025-07-22 12:21:00+00:00,100543.13026099463
2025-07-22 12:22:00+00:00,100544.69117352432
2025-07-22 12:23:00+00:00,100540.92963021506
2025-07-22 12:24:00+00:00,100543.02790607465
2025-07-22 12:25:00+00:00,100546.71268319392
2025-07-22 12:26:00+00:00,100548.65742667354
2025-07-22 12:27:00+00:00,100545.15177066423
2025-07-22 12:28:00+00:00,100539.57342752533
2025-07-22 12:29:00+00:00,100540.2387345052
2025-07-22 12:30:00+00:00,100533.12506756661
2025-07-22 12:31:00+00:00,100515.18736784015
2025-07-22 12:32:00+00:00,100494.76756130418
2025-07-22 12:33:00+00:00,100514.21499610035
2025-07-22 12:34:00+00:00,100525.0134401582
2025-07-22 12:35:00+00:00,100557.4599497918
2025-07-22 12:36:00+00:00,100577.95652251775
2025-07-22 12:37:00+00:00,100578.49388584765
2025-07-22 12:38:00+00:00,100571.25227525907
2025-07-22 12:39:00+00:00,100566.21129545008
2025-07-22 12:40:00+00:00,100574.88587491836
2025-07-22 12:41:00+00:00,100569.76812891937
2025-07-22 12:42:00+00:00,100573.60643841862
2025-07-22 12:43:00+00:00,100570.94521049914
2025-07-22 12:44:00+00:00,100574.83469745837
2025-07-22 12:45:00+00:00,100580.00362091736
2025-07-22 12:46:00+00:00,100579.49184631745
2025-07-22 12:47:00+00:00,100583.04867978675
2025-07-22 12:48:00+00:00,100541.82523576489
2025-07-22 12:49:00+00:00,100553.9031163225
2025-07-22 12:50:00+00:00,100550.8324687231
2025-07-22 12:51:00+00:00,100554.69636695235
2025-07-22 12:52:00+00:00,100558.43232153161
2025-07-22 12:53:00+00:00,100554.9266655223
2025-07-22 12:54:00+00:00,100580.51539551724
2025-07-22 12:55:00+00:00,100568.77016844957
2025-07-22 12:56:00+00:00,100565.13656879029
2025-07-22 12:57:00+00:00,100557.43436106181
2025-07-22 12:58:00+00:00,100545.74031145411
2025-07-22 12:59:00+00:00,100556.9737639219
2025-07-22 13:00:00+00:00,100569.76812891937
2025-07-22 13:01:00+00:00,100574.37410031846
2025-07-22 13:02:00+00:00,100579.49184631745
2025-07-22 13:03:00+00:00,100552.9051558527
2025-07-22 13:04:00+00:00,100539.65019371532
2025-07-22 13:05:00+00:00,100559.9676453313
2025-07-22 13:06:00+00:00,100583.58604311664
2025-07-22 13:07:00+00:00,100562.70563944077
2025-07-22 13:08:00+00:00,100572.81318778876
2025-07-22 13:09:00+00:00,100591.28825084513
2025-07-22 13:10:00+00:00,100581.05275884715
2025-07-22 13:11:00+00:00,100578.64741822761
2025-07-22 13:12:00+00:00,100565.18774625027
2025-07-22 13:13:00+00:00,100556.58993297197
2025-07-22 13:14:00+00:00,100571.22668652909
2025-07-22 13:15:00+00:00,100566.18570672008
2025-07-22 13:16:00+00:00,100549.50185476337
2025-07-22 13:17:00+00:00,100564.67597165037
2025-07-22 13:18:00+00:00,100541.10875132502
2025-07-22 13:19:00+00:00,100534.43009279635
2025-07-22 13:20:00+00:00,100541.08316259502
2025-07-22 13:21:00+00:00,100524.22018952837
2025-07-22 13:22:00+00:00,100512.96114833059
2025-07-22 13:23:00+00:00,100526.5231752279
2025-07-22 13:24:00+00:00,100553.3913417226
2025-07-22 13:25:00+00:00,100547.27563525381
2025-07-22 13:26:00+00:00,100531.89680852684
2025-07-22 13:27:00+00:00,100530.84767059705
2025-07-22 13:28:00+00:00,100531.15473535699
2025-07-22 13:29:00+00:00,100536.80984468588
2025-07-22 13:30:00+00:00,100537.04014325583
2025-07-22 13:31:00+00:00,100507.3316277317
2025-07-22 13:32:00+00:00,100458.43156471135
2025-07-22 13:33:00+00:00,100485.68356215597
2025-07-22 13:34:00+00:00,100474.16863365825
2025-07-22 13:35:00+00:00,100516.03179592997
2025-07-22 13:36:00+00:00,100517.61829718966
2025-07-22 13:37:00+00:00,100497.1984906537
2025-07-22 13:38:00+00:00,100524.37372190834
2025-07-22 13:39:00+00:00,100545.61236780413
2025-07-22 13:40:00+00:00,100568.5398698796
2025-07-22 13:41:00+00:00,100586.06814992616
2025-07-22 13:42:00+00:00,100612.21983198098
2025-07-22 13:43:00+00:00,100580.51539551724
2025-07-22 13:44:00+00:00,100602.4961145829
2025-07-22 13:45:00+00:00,100546.20090859402
2025-07-22 13:46:00+00:00,100502.2650591927
2025-07-22 13:47:00+00:00,100491.46661513484
2025-07-22 13:48:00+00:00,100468.43675813937
2025-07-22 13:49:00+00:00,100448.75902477326
2025-07-22 13:50:00+00:00,100465.41728799997
2025-07-22 13:51:00+00:00,100403.9787472821
2025-07-22 13:52:00+00:00,100349.21886509292
2025-07-22 13:53:00+00:00,100331.97206107632
2025-07-22 13:54:00+00:00,100300.60027810252
2025-07-22 13:55:00+00:00,100310.8101813705
2025-07-22 13:56:00+00:00,100315.10908800966
2025-07-22 13:57:00+00:00,100291.84893244425
2025-07-22 13:58:00+00:00,100242.43709482401
2025-07-22 13:59:00+00:00,100265.2878307095
2025-07-22 14:00:00+00:00,100210.27206122036
2025-07-22 14:01:00+00:00,100209.24851202055
2025-07-22 14:02:00+00:00,100169.40685941842
2025-07-22 14:03:00+00:00,100142.20603943379
2025-07-22 14:04:00+00:00,100144.99521100325
2025-07-22 14:05:00+00:00,100206.79199394103
2025-07-22 14:06:00+00:00,100242.13003006406
2025-07-22 14:07:00+00:00,100247.0686549531
2025-07-22 14:08:00+00:00,100277.74954221703
2025-07-22 14:09:00+00:00,100280.10370537656
2025-07-22 14:10:00+00:00,100303.46621586196
2025-07-22 14:11:00+00:00,100289.31564817474
2025-07-22 14:12:00+00:00,100303.67092570191
2025-07-22 14:13:00+00:00,100336.34773390545
2025-07-22 14:14:00+00:00,100332.27912583626
2025-07-22 14:15:00+00:00,100345.12466829372
2025-07-22 14:16:00+00:00,100366.59361275949
2025-07-22 14:17:00+00:00,100337.93423516514
2025-07-22 14:18:00+00:00,100293.94720830384
2025-07-22 14:19:00+00:00,100289.5971242047
2025-07-22 14:20:00+00:00,100306.92069441127
2025-07-22 14:21:00+00:00,100323.06718303807
2025-07-22 14:22:00+00:00,100334.71005518577
2025-07-22 14:23:00+00:00,100346.40410479347
2025-07-22 14:24:00+00:00,100291.31156911436
2025-07-22 14:25:00+00:00,100301.1888188924
2025-07-22 14:26:00+00:00,100279.79664061662
2025-07-22 14:27:00+00:00,100297.47845304314
2025-07-22 14:28:00+00:00,100325.65164476757
2025-07-22 14:29:00+00:00,100339.36720404486
2025-07-22 14:30:00+00:00,100327.16137983727
2025-07-22 14:31:00+00:00,100357.38166996131
2025-07-22 14:32:00+00:00,100329.20847823686
2025-07-22 14:33:00+00:00,100358.916993761
2025-07-22 14:34:00+00:00,100364.00915103
2025-07-22 14:35:00+00:00,100398.83541255312
2025-07-22 14:36:00+00:00,100402.92960935232
2025-07-22 14:37:00+00:00,100378.85061442707
2025-07-22 14:38:00+00:00,100380.41152695676
2025-07-22 14:39:00+00:00,100385.7851602557
2025-07-22 14:40:00+00:00,100383.2262872562
2025-07-22 14:41:00+00:00,100403.95315855212
2025-07-22 14:42:00+00:00,100399.83337302292
2025-07-22 14:43:00+00:00,100416.2357489497
2025-07-22 14:44:00+00:00,100418.28284734928
2025-07-22 14:45:00+00:00,100432.63812487645
2025-07-22 14:46:00+00:00,100404.9767077519
2025-07-22 14:47:00+00:00,100418.79462194917
2025-07-22 14:48:00+00:00,100395.79035368373
2025-07-22 14:49:00+00:00,100411.09241422071
2025-07-22 14:50:00+00:00,100396.71154796354
2025-07-22 14:51:00+00:00,100376.31733015756
2025-07-22 14:52:00+00:00,100381.17918885661
2025-07-22 14:53:00+00:00,100392.69411735433
2025-07-22 14:54:00+00:00,100398.06775065328
2025-07-22 14:55:00+00:00,100419.56228384902
2025-07-22 14:56:00+00:00,100430.56543774686
2025-07-22 14:57:00+00:00,100480.9496471069
2025-07-22 14:58:00+00:00,100487.85860420554
2025-07-22 14:59:00+00:00,100497.12172446371
2025-07-22 15:00:00+00:00,100506.20572361193
2025-07-22 15:01:00+00:00,100499.11764540331
2025-07-22 15:02:00+00:00,100511.96318786079
2025-07-22 15:03:00+00:00,100515.49443260008
2025-07-22 15:04:00+00:00,100517.56711972968
2025-07-22 15:05:00+00:00,100484.17382708627
2025-07-22 15:06:00+00:00,100497.53114414364
2025-07-22 15:07:00+00:00,100516.51798179989
2025-07-22 15:08:00+00:00,100517.02975639977
2025-07-22 15:09:00+00:00,100530.41266218714
2025-07-22 15:10:00+00:00,100528.00732156762
2025-07-22 15:11:00+00:00,100495.04903733413
2025-07-22 15:12:00+00:00,100500.14119460311
2025-07-22 15:13:00+00:00,100497.12172446371
2025-07-22 15:14:00+00:00,100528.46791870752
2025-07-22 15:15:00+00:00,100506.84544186179
2025-07-22 15:16:00+00:00,100485.83709453593
2025-07-22 15:17:00+00:00,100492.51575306462
2025-07-22 15:18:00+00:00,100493.53930226443
2025-07-22 15:19:00+00:00,100520.86806589902
2025-07-22 15:20:00+00:00,100450.03846127301
2025-07-22 15:21:00+00:00,100483.71322994636
2025-07-22 15:22:00+00:00,100498.60587080341
2025-07-22 15:23:00+00:00,100485.58120723598
2025-07-22 15:24:00+00:00,100461.27191374078
2025-07-22 15:25:00+00:00,100445.81632082384
2025-07-22 15:26:00+00:00,100442.84802814444
2025-07-22 15:27:00+00:00,100449.50109794311
2025-07-22 15:28:00+00:00,100454.61884394211
2025-07-22 15:29:00+00:00,100454.59325521211
2025-07-22 15:30:00+00:00,100438.77942007524
2025-07-22 15:31:00+00:00,100410.32475232086
2025-07-22 15:32:00+00:00,100424.42414254807
2025-07-22 15:33:00+00:00,100478.03253188748
2025-07-22 15:34:00+00:00,100521.66131652887
2025-07-22 15:35:00+00:00,100499.68059746322
2025-07-22 15:36:00+00:00,100504.23539140231
2025-07-22 15:37:00+00:00,100518.56508019948
2025-07-22 15:38:00+00:00,100502.7512450626
2025-07-22 15:39:00+00:00,100492.20868830469
2025-07-22 15:40:00+00:00,100470.97004240888
2025-07-22 15:41:00+00:00,100492.49016433462
2025-07-22 15:42:00+00:00,100493.51371353443
2025-07-22 15:43:00+00:00,100473.65685905835
2025-07-22 15:44:00+00:00,100453.0835201424
2025-07-22 15:45:00+00:00,100463.65166563033
2025-07-22 15:46:00+00:00,100467.92498353947
2025-07-22 15:47:00+00:00,100493.51371353443
2025-07-22 15:48:00+00:00,100497.09613573372
2025-07-22 15:49:00+00:00,100492.49016433462
2025-07-22 15:50:00+00:00,100475.08982793806
2025-07-22 15:51:00+00:00,100477.31604744762
2025-07-22 15:52:00+00:00,100464.72639229012
2025-07-22 15:53:00+00:00,100469.43471860918
2025-07-22 15:54:00+00:00,100470.7909212989
2025-07-22 15:55:00+00:00,100462.7560600805
2025-07-22 15:56:00+00:00,100449.37315429313
2025-07-22 15:57:00+00:00,100458.22685487139
2025-07-22 15:58:00+00:00,100453.05793141242
2025-07-22 15:59:00+00:00,100460.86249406087
2025-07-22 16:00:00+00:00,100444.61365051407
2025-07-22 16:01:00+00:00,100436.4508456457
2025-07-22 16:02:00+00:00,100428.7742266472
2025-07-22 16:03:00+00:00,100476.36926443782
2025-07-22 16:04:00+00:00,100493.99989940433
2025-07-22 16:05:00+00:00,100485.86268326594
2025-07-22 16:06:00+00:00,100490.92925180493
2025-07-22 16:07:00+00:00,100515.52002133009
2025-07-22 16:08:00+00:00,100519.63980685927
2025-07-22 16:09:00+00:00,100521.96838128881
2025-07-22 16:10:00+00:00,100539.06165292543
2025-07-22 16:11:00+00:00,100513.4729229305
2025-07-22 16:12:00+00:00,100519.12803225937
2025-07-22 16:13:00+00:00,100532.40858312674
2025-07-22 16:14:00+00:00,100539.57342752533
2025-07-22 16:15:00+00:00,100567.77220797977
2025-07-22 16:16:00+00:00,100560.04441152129
2025-07-22 16:17:00+00:00,100575.39764951826
2025-07-22 16:18:00+00:00,100570.79167811916
2025-07-22 16:19:00+00:00,100557.05053011188
2025-07-22 16:20:00+00:00,100555.4128513922
2025-07-22 16:21:00+00:00,100536.04218278603
2025-07-22 16:22:00+00:00,100509.68579089124
2025-07-22 16:23:00+00:00,100518.10448305958
2025-07-22 16:24:00+00:00,100516.21091703995
2025-07-22 16:25:00+00:00,100470.38150161899
2025-07-22 16:26:00+00:00,100475.08982793806
2025-07-22 16:27:00+00:00,100485.93944945592
2025-07-22 16:28:00+00:00,100479.72138806715
2025-07-22 16:29:00+00:00,100493.56489099441
2025-07-22 16:30:00+00:00,100515.05942419017
2025-07-22 16:31:00+00:00,100495.04903733413
2025-07-22 16:32:00+00:00,100470.61180018896
2025-07-22 16:33:00+00:00,100472.55654366856
2025-07-22 16:34:00+00:00,100489.41951673523
2025-07-22 16:35:00+00:00,100494.05107686433
2025-07-22 16:36:00+00:00,100480.33551758702
2025-07-22 16:37:00+00:00,100479.69579933715
2025-07-22 16:38:00+00:00,100488.65185483539
2025-07-22 16:39:00+00:00,100474.57805333816
2025-07-22 16:40:00+00:00,100454.10706934221
2025-07-22 16:41:00+00:00,100431.07721234675
2025-07-22 16:42:00+00:00,100428.54392807726
2025-07-22 16:43:00+00:00,100451.31789777277
2025-07-22 16:44:00+00:00,100457.94537884145
2025-07-22 16:45:00+00:00,100429.3371787071
2025-07-22 16:46:00+00:00,100420.27876828889
2025-07-22 16:47:00+00:00,100427.49479014747
2025-07-22 16:48:00+00:00,100420.84172034878
2025-07-22 16:49:00+00:00,100422.47939906846
2025-07-22 16:50:00+00:00,100409.582679151
2025-07-22 16:51:00+00:00,100402.54577840239
2025-07-22 16:52:00+00:00,100401.75252777254
2025-07-22 16:53:00+00:00,100410.32475232086
2025-07-22 16:54:00+00:00,100411.0668254907
2025-07-22 16:55:00+00:00,100412.21831834048
2025-07-22 16:56:00+00:00,100414.21423928009
2025-07-22 16:57:00+00:00,100398.32363795322
2025-07-22 16:58:00+00:00,100411.1180029507
2025-07-22 16:59:00+00:00,100400.37073635282
2025-07-22 17:00:00+00:00,100392.15675402444
2025-07-22 17:01:00+00:00,100404.9767077519
2025-07-22 17:02:00+00:00,100397.32567748342
2025-07-22 17:03:00+00:00,100406.0258456817
2025-07-22 17:04:00+00:00,100428.7742266472
2025-07-22 17:05:00+00:00,100420.32994574888
2025-07-22 17:06:00+00:00,100412.65332675038
2025-07-22 17:07:00+00:00,100405.0022964819
2025-07-22 17:08:00+00:00,100409.582679151
2025-07-22 17:09:00+00:00,100395.76476495372
2025-07-22 17:10:00+00:00,100384.48013502595
2025-07-22 17:11:00+00:00,100342.41226291427
2025-07-22 17:12:00+00:00,100337.49922675523
2025-07-22 17:13:00+00:00,100372.32548827835
2025-07-22 17:14:00+00:00,100358.99375995099
2025-07-22 17:15:00+00:00,100386.55282215554
2025-07-22 17:16:00+00:00,100366.59361275949
2025-07-22 17:17:00+00:00,100361.4758667605
2025-07-22 17:18:00+00:00,100391.95204418448
2025-07-22 17:19:00+00:00,100385.19661946582
2025-07-22 17:20:00+00:00,100389.13728388504
2025-07-22 17:21:00+00:00,100384.249836456
2025-07-22 17:22:00+00:00,100404.464933152
2025-07-22 17:23:00+00:00,100413.70246468019
2025-07-22 17:24:00+00:00,100417.2337094195
2025-07-22 17:25:00+00:00,100400.37073635282
2025-07-22 17:26:00+00:00,100404.95111902192
2025-07-22 17:27:00+00:00,100392.61735116434
2025-07-22 17:28:00+00:00,100415.72397434979
2025-07-22 17:29:00+00:00,100411.88566485055
2025-07-22 17:30:00+00:00,100429.03011394716
2025-07-22 17:31:00+00:00,100408.0473553513
2025-07-22 17:32:00+00:00,100429.31158997711
2025-07-22 17:33:00+00:00,100436.27172453573
2025-07-22 17:34:00+00:00,100438.75383134524
2025-07-22 17:35:00+00:00,100474.75717444812
2025-07-22 17:36:00+00:00,100515.52002133009
2025-07-22 17:37:00+00:00,100522.42897842871
2025-07-22 17:38:00+00:00,100529.90088758724
2025-07-22 17:39:00+00:00,100530.89884805704
2025-07-22 17:40:00+00:00,100519.61421812927
2025-07-22 17:41:00+00:00,100489.41951673523
2025-07-22 17:42:00+00:00,100516.28768322992
2025-07-22 17:43:00+00:00,100532.40858312674
2025-07-22 17:44:00+00:00,100517.02975639977
2025-07-22 17:45:00+00:00,100515.57119879007
2025-07-22 17:46:00+00:00,100502.2138817327
2025-07-22 17:47:00+00:00,100504.38892378227
2025-07-22 17:48:00+00:00,100510.40227533109
2025-07-22 17:49:00+00:00,100497.63349906361
2025-07-22 17:50:00+00:00,100510.40227533109
2025-07-22 17:51:00+00:00,100519.84451669923
2025-07-22 17:52:00+00:00,100514.77794816023
2025-07-22 17:53:00+00:00,100516.23650576994
2025-07-22 17:54:00+00:00,100529.23558060738
2025-07-22 17:55:00+00:00,100531.43621138693
2025-07-22 17:56:00+00:00,100520.66335605907
2025-07-22 17:57:00+00:00,100535.47923072614
2025-07-22 17:58:00+00:00,100533.07389010662
2025-07-22 17:59:00+00:00,100534.45568152633
2025-07-22 18:00:00+00:00,100538.1916361056
2025-07-22 18:01:00+00:00,100538.11486991562
2025-07-22 18:02:00+00:00,100557.84378074172
2025-07-22 18:03:00+00:00,100531.38503392696
2025-07-22 18:04:00+00:00,100544.12822146443
2025-07-22 18:05:00+00:00,100552.34220379281
2025-07-22 18:06:00+00:00,100564.67597165037
2025-07-22 18:07:00+00:00,100588.3967243557
2025-07-22 18:08:00+00:00,100592.05591274497
2025-07-22 18:09:00+00:00,100576.44678744805
2025-07-22 18:10:00+00:00,100514.01028626038
2025-07-22 18:11:00+00:00,100522.17309112876
2025-07-22 18:12:00+00:00,100524.70637539827
2025-07-22 18:13:00+00:00,100578.26358727769
2025-07-22 18:14:00+00:00,100560.83766215114
2025-07-22 18:15:00+00:00,100578.46829711765
2025-07-22 18:16:00+00:00,100571.84081604896
2025-07-22 18:17:00+00:00,100539.54783879533
2025-07-22 18:18:00+00:00,100562.60328452078
2025-07-22 18:19:00+00:00,100554.67077822235
2025-07-22 18:20:00+00:00,100564.13860832049
2025-07-22 18:21:00+00:00,100583.04867978675
2025-07-22 18:22:00+00:00,100571.78963858896
2025-07-22 18:23:00+00:00,100590.23911291533
2025-07-22 18:24:00+00:00,100580.7712828172
2025-07-22 18:25:00+00:00,100586.63110198604
2025-07-22 18:26:00+00:00,100592.28621131493
2025-07-22 18:27:00+00:00,100610.30067723137
2025-07-22 18:28:00+00:00,100574.2205679385
2025-07-22 18:29:00+00:00,100587.68023991583
2025-07-22 18:30:00+00:00,100584.60959231644
2025-07-22 18:31:00+00:00,100576.1909001481
2025-07-22 18:32:00+00:00,100577.06091696792
2025-07-22 18:33:00+00:00,100573.45290603864
2025-07-22 18:34:00+00:00,100571.55934001901
2025-07-22 18:35:00+00:00,100563.14064785068
2025-07-22 18:36:00+00:00,100565.36686736024
2025-07-22 18:37:00+00:00,100573.37613984865
2025-07-22 18:38:00+00:00,100574.47645523844
2025-07-22 18:39:00+00:00,100563.5756562606
2025-07-22 18:40:00+00:00,100542.84878496468
2025-07-22 18:41:00+00:00,100544.20498765442
2025-07-22 18:42:00+00:00,100534.96745612624
2025-07-22 18:43:00+00:00,100543.15584972463
2025-07-22 18:44:00+00:00,100531.25709027698
2025-07-22 18:45:00+00:00,100538.1916361056
2025-07-22 18:46:00+00:00,100553.16104315265
2025-07-22 18:47:00+00:00,100559.53263692139
2025-07-22 18:48:00+00:00,100554.4148909224
2025-07-22 18:49:00+00:00,100568.23280511967
2025-07-22 18:50:00+00:00,100587.65465118583
2025-07-22 18:51:00+00:00,100612.21983198098
2025-07-22 18:52:00+00:00,100616.6722710001
2025-07-22 18:53:00+00:00,100695.12731716462
2025-07-22 18:54:00+00:00,100741.59645083544
2025-07-22 18:55:00+00:00,100766.87811607045
2025-07-22 18:56:00+00:00,100781.10544994764
2025-07-22 18:57:00+00:00,100704.3392599628
2025-07-22 18:58:00+00:00,100701.7547982333
2025-07-22 18:59:00+00:00,100673.68396142885
2025-07-22 19:00:00+00:00,100673.65837269886
2025-07-22 19:01:00+00:00,100656.79539963219
2025-07-22 19:02:00+00:00,100659.45662755166
2025-07-22 19:03:00+00:00,100648.32553000386
2025-07-22 19:04:00+00:00,100640.67449973537
2025-07-22 19:05:00+00:00,100660.83841897138
2025-07-22 19:06:00+00:00,100680.72086217746
2025-07-22 19:07:00+00:00,100677.80374695803
2025-07-22 19:08:00+00:00,100704.36484869279
2025-07-22 19:09:00+00:00,100679.36465948774
2025-07-22 19:10:00+00:00,100686.45273769632
2025-07-22 19:11:00+00:00,100673.65837269886
2025-07-22 19:12:00+00:00,100668.54062669986
2025-07-22 19:13:00+00:00,100685.73625325647
2025-07-22 19:14:00+00:00,100696.86735080427
2025-07-22 19:15:00+00:00,100693.56640463493
2025-07-22 19:16:00+00:00,100680.56732979749
2025-07-22 19:17:00+00:00,100675.19369649855
2025-07-22 19:18:00+00:00,100672.12304889916
2025-07-22 19:19:00+00:00,100667.90090844998
2025-07-22 19:20:00+00:00,100664.44642990068
2025-07-22 19:21:00+00:00,100673.50484031888
2025-07-22 19:22:00+00:00,100639.75330545555
2025-07-22 19:23:00+00:00,100630.66930630735
2025-07-22 19:24:00+00:00,100611.91276722105
2025-07-22 19:25:00+00:00,100594.58919701447
2025-07-22 19:26:00+00:00,100595.81745605422
2025-07-22 19:27:00+00:00,100621.45736350917
2025-07-22 19:28:00+00:00,100616.10931894022
2025-07-22 19:29:00+00:00,100644.48722050461
2025-07-22 19:30:00+00:00,100603.0590666428
2025-07-22 19:31:00+00:00,100578.46829711765
2025-07-22 19:32:00+00:00,100575.90942411816
2025-07-22 19:33:00+00:00,100602.31699347294
2025-07-22 19:34:00+00:00,100589.21556371552
2025-07-22 19:35:00+00:00,100575.50000443823
2025-07-22 19:36:00+00:00,100587.96171594577
2025-07-22 19:37:00+00:00,100586.63110198604
2025-07-22 19:38:00+00:00,100585.60755278624
2025-07-22 19:39:00+00:00,100576.16531141811
2025-07-22 19:40:00+00:00,100559.30233835144
2025-07-22 19:41:00+00:00,100551.395420783
2025-07-22 19:42:00+00:00,100565.69952085018
2025-07-22 19:43:00+00:00,100551.52336443297
2025-07-22 19:44:00+00:00,100567.18366718988
2025-07-22 19:45:00+00:00,100550.09039555326
2025-07-22 19:46:00+00:00,100542.13230052483
2025-07-22 19:47:00+00:00,100544.69117352432
2025-07-22 19:48:00+00:00,100569.99842748932
2025-07-22 19:49:00+00:00,100577.95652251775
2025-07-22 19:50:00+00:00,100550.8324687231
2025-07-22 19:51:00+00:00,100553.10986569266
2025-07-22 19:52:00+00:00,100570.76608938917
2025-07-22 19:53:00+00:00,100544.58881860434
2025-07-22 19:54:00+00:00,100519.63980685927
2025-07-22 19:55:00+00:00,100521.68690525886
2025-07-22 19:56:00+00:00,100528.85174965745
2025-07-22 19:57:00+00:00,100534.73715755629
2025-07-22 19:58:00+00:00,100542.61848639473
2025-07-22 19:59:00+00:00,100550.3206941232
2025-07-22 20:00:00+00:00,100540.03402466525
2025-07-22 20:01:00+00:00,100549.60420968336
2025-07-22 20:02:00+00:00,100566.18570672008
2025-07-22 20:03:00+00:00,100559.76293549134
2025-07-22 20:04:00+00:00,100636.60589166617
2025-07-22 20:05:00+00:00,100647.04609350412
2025-07-22 20:06:00+00:00,100642.51688829501
2025-07-22 20:07:00+00:00,100624.52801110856
2025-07-22 20:08:00+00:00,100622.99268730886
2025-07-22 20:09:00+00:00,100647.02050477412
2025-07-22 20:10:00+00:00,100632.99788073689
2025-07-22 20:11:00+00:00,100646.79020620417
2025-07-22 20:12:00+00:00,100652.93150140296
2025-07-22 20:13:00+00:00,100649.86085380355
2025-07-22 20:14:00+00:00,100650.44939459344
2025-07-22 20:15:00+00:00,100648.32553000386
2025-07-22 20:16:00+00:00,100658.25395724189
2025-07-22 20:17:00+00:00,100634.09819612667
2025-07-22 20:18:00+00:00,100619.87086224947
2025-07-22 20:19:00+00:00,100637.55267467599
2025-07-22 20:20:00+00:00,100636.9641338861
2025-07-22 20:21:00+00:00,100653.67357457281
2025-07-22 20:22:00+00:00,100675.19369649855
2025-07-22 20:23:00+00:00,100679.13436091777
2025-07-22 20:24:00+00:00,100693.56640463493
2025-07-22 20:25:00+00:00,100674.40044586871
2025-07-22 20:26:00+00:00,100668.28473939991
2025-07-22 20:27:00+00:00,100687.45069816613
2025-07-22 20:28:00+00:00,100682.17941978718
2025-07-22 20:29:00+00:00,100681.30940296734
2025-07-22 20:30:00+00:00,100689.1395543458
2025-07-22 20:31:00+00:00,100672.14863762916
2025-07-22 20:32:00+00:00,100664.95820450058
2025-07-22 20:33:00+00:00,100670.58772509947
2025-07-22 20:34:00+00:00,100639.16476466566
2025-07-22 20:35:00+00:00,100640.64891100538
2025-07-22 20:36:00+00:00,100662.06667801115
2025-07-22 20:37:00+00:00,100664.13936514074
2025-07-22 20:38:00+00:00,100662.39933150107
2025-07-22 20:39:00+00:00,100644.97340637451
2025-07-22 20:40:00+00:00,100659.07279660174
2025-07-22 20:41:00+00:00,100659.84045850158
2025-07-22 20:42:00+00:00,100658.84249803178
2025-07-22 20:43:00+00:00,100652.21501696309
2025-07-22 20:44:00+00:00,100651.88236347315
2025-07-22 20:45:00+00:00,100658.84249803178
2025-07-22 20:46:00+00:00,100682.33295216714
2025-07-22 20:47:00+00:00,100676.03812458839
2025-07-22 20:48:00+00:00,100658.30513470189
2025-07-22 20:49:00+00:00,100663.90906657078
2025-07-22 20:50:00+00:00,100658.30513470189
2025-07-22 20:51:00+00:00,100674.68192189865
2025-07-22 20:52:00+00:00,100680.64409598747
2025-07-22 20:53:00+00:00,100693.59199336491
2025-07-22 20:54:00+00:00,100697.40471413417
2025-07-22 20:55:00+00:00,100674.40044586871
2025-07-22 20:56:00+00:00,100674.68192189865
2025-07-22 20:57:00+00:00,100676.19165696835
2025-07-22 20:58:00+00:00,100670.05036176956
2025-07-22 20:59:00+00:00,100657.89571502196
2025-07-22 21:00:00+00:00,100673.81190507882
2025-07-22 21:01:00+00:00,100671.07391096937
2025-07-22 21:02:00+00:00,100665.95616497038
2025-07-22 21:03:00+00:00,100658.43307835187
2025-07-22 21:04:00+00:00,100649.88644253355
2025-07-22 21:05:00+00:00,100657.56306153204
2025-07-22 21:06:00+00:00,100642.20982353507
2025-07-22 21:07:00+00:00,100631.69285550714
2025-07-22 21:08:00+00:00,100633.33053422681
2025-07-22 21:09:00+00:00,100641.77481512516
2025-07-22 21:10:00+00:00,100641.67246020517
2025-07-22 21:11:00+00:00,100640.67449973537
2025-07-22 21:12:00+00:00,100634.89144675652
2025-07-22 21:13:00+00:00,100628.08484457785
2025-07-22 21:14:00+00:00,100618.64260320972
2025-07-22 21:15:00+00:00,100621.45736350917
2025-07-22 21:16:00+00:00,100627.64983616794
2025-07-22 21:17:00+00:00,100628.00807838788
2025-07-22 21:18:00+00:00,100621.50854096915
2025-07-22 21:19:00+00:00,100617.54228781993
2025-07-22 21:20:00+00:00,100628.08484457785
2025-07-22 21:21:00+00:00,100619.17996653961
2025-07-22 21:22:00+00:00,100626.06333490825
2025-07-22 21:23:00+00:00,100631.59050058716
2025-07-22 21:24:00+00:00,100623.50446190876
2025-07-22 21:25:00+00:00,100619.94762843946
2025-07-22 21:26:00+00:00,100612.21983198098
2025-07-22 21:27:00+00:00,100613.08984880082
2025-07-22 21:28:00+00:00,100620.43381430936
2025-07-22 21:29:00+00:00,100609.94243501144
2025-07-22 21:30:00+00:00,100609.63537025149
2025-07-22 21:31:00+00:00,100598.86251492362
2025-07-22 21:32:00+00:00,100603.77555108265
2025-07-22 21:33:00+00:00,100600.73049221326
2025-07-22 21:34:00+00:00,100603.16142156278
2025-07-22 21:35:00+00:00,100603.13583283278
2025-07-22 21:36:00+00:00,100615.03459228043
2025-07-22 21:37:00+00:00,100614.08780927063
2025-07-22 21:38:00+00:00,100614.08780927063
2025-07-22 21:39:00+00:00,100608.27916756176
2025-07-22 21:40:00+00:00,100606.56472265211
2025-07-22 21:41:00+00:00,100599.9884190434
2025-07-22 21:42:00+00:00,100598.76016000364
2025-07-22 21:43:00+00:00,100592.28621131493
2025-07-22 21:44:00+00:00,100602.4961145829
2025-07-22 21:45:00+00:00,100608.73976470168
2025-07-22 21:46:00+00:00,100612.78278404087
2025-07-22 21:47:00+00:00,100609.94243501144
2025-07-22 21:48:00+00:00,100603.28936521275
2025-07-22 21:49:00+00:00,100603.28936521275
2025-07-22 21:50:00+00:00,100603.31495394275
2025-07-22 21:51:00+00:00,100612.98749388084
2025-07-22 21:52:00+00:00,100615.31606831038
2025-07-22 21:53:00+00:00,100615.29047958038
2025-07-22 21:54:00+00:00,100615.31606831038
2025-07-22 21:55:00+00:00,100618.84731304969
2025-07-22 21:56:00+00:00,100618.87290177967
2025-07-22 21:57:00+00:00,100614.82988244048
2025-07-22 21:58:00+00:00,100586.27285976612
2025-07-22 21:59:00+00:00,100581.05275884715
2025-07-22 22:00:00+00:00,100618.84731304969
2025-07-22 22:01:00+00:00,100604.85027774244
2025-07-22 22:02:00+00:00,100619.84527351949
2025-07-22 22:03:00+00:00,100653.67357457281
2025-07-22 22:04:00+00:00,100659.3030951717
2025-07-22 22:05:00+00:00,100667.51707750007
2025-07-22 22:06:00+00:00,100636.27323817623
2025-07-22 22:07:00+00:00,100642.44012210502
2025-07-22 22:08:00+00:00,100648.55582857381
2025-07-22 22:09:00+00:00,100643.71955860476
2025-07-22 22:10:00+00:00,100629.15957123764
2025-07-22 22:11:00+00:00,100642.95189670492
2025-07-22 22:12:00+00:00,100640.70008846537
2025-07-22 22:13:00+00:00,100644.46163177461
2025-07-22 22:14:00+00:00,100643.94985717472
2025-07-22 22:15:00+00:00,100656.74422217219
2025-07-22 22:16:00+00:00,100648.01846524392
2025-07-22 22:17:00+00:00,100642.41453337502
2025-07-22 22:18:00+00:00,100645.0757612945
2025-07-22 22:19:00+00:00,100648.45347365383
2025-07-22 22:20:00+00:00,100676.19165696835
2025-07-22 22:21:00+00:00,100680.33703122754
2025-07-22 22:22:00+00:00,100687.45069816613
2025-07-22 22:23:00+00:00,100707.4354962922
2025-07-22 22:24:00+00:00,100707.94727089208
2025-07-22 22:25:00+00:00,100707.9216821621
2025-07-22 22:26:00+00:00,100692.82433146508
2025-07-22 22:27:00+00:00,100682.10265359719
2025-07-22 22:28:00+00:00,100682.84472676704
2025-07-22 22:29:00+00:00,100690.52134576553
2025-07-22 22:30:00+00:00,100687.86011784605
2025-07-22 22:31:00+00:00,100688.52542482593
2025-07-22 22:32:00+00:00,100693.59199336491
2025-07-22 22:33:00+00:00,100708.433456762
2025-07-22 22:34:00+00:00,100708.433456762
2025-07-22 22:35:00+00:00,100710.99232976149
2025-07-22 22:36:00+00:00,100707.8960934321
2025-07-22 22:37:00+00:00,100710.68526500155
2025-07-22 22:38:00+00:00,100722.35372587925
2025-07-22 22:39:00+00:00,100735.48074436665
2025-07-22 22:40:00+00:00,100713.55120276098
2025-07-22 22:41:00+00:00,100705.90017249249
2025-07-22 22:42:00+00:00,100712.01587896128
2025-07-22 22:43:00+00:00,100736.12046261653
2025-07-22 22:44:00+00:00,100731.46331375744
2025-07-22 22:45:00+00:00,100714.44680831081
2025-07-22 22:46:00+00:00,100718.97601351992
2025-07-22 22:47:00+00:00,100706.9493104223
2025-07-22 22:48:00+00:00,100712.27176626123
2025-07-22 22:49:00+00:00,100702.59922632315
2025-07-22 22:50:00+00:00,100711.78558039133
2025-07-22 22:51:00+00:00,100717.13362496028
2025-07-22 22:52:00+00:00,100717.21039115026
2025-07-22 22:53:00+00:00,100717.13362496028
2025-07-22 22:54:00+00:00,100716.62185036037
2025-07-22 22:55:00+00:00,100694.25730034479
2025-07-22 22:56:00+00:00,100686.83656864625
2025-07-22 22:57:00+00:00,100685.42918849654
2025-07-22 22:58:00+00:00,100696.6626409643
2025-07-22 22:59:00+00:00,100695.15290589462
2025-07-22 23:00:00+00:00,100692.56844416512
2025-07-22 23:01:00+00:00,100704.87662329269
2025-07-22 23:02:00+00:00,100716.13566449047
2025-07-22 23:03:00+00:00,100726.85734235836
2025-07-22 23:04:00+00:00,100733.51041215703
2025-07-22 23:05:00+00:00,100736.58105975643
2025-07-22 23:06:00+00:00,100738.1931497461
2025-07-22 23:07:00+00:00,100736.60664848643
2025-07-22 23:08:00+00:00,100737.65578641622
2025-07-22 23:09:00+00:00,100737.55343149624
2025-07-22 23:10:00+00:00,100730.26064344768
2025-07-22 23:11:00+00:00,100736.09487388653
2025-07-22 23:12:00+00:00,100736.58105975643
2025-07-22 23:13:00+00:00,100772.45645920935
2025-07-22 23:14:00+00:00,100787.75851974632
2025-07-22 23:15:00+00:00,100787.73293101633
2025-07-22 23:16:00+00:00,100785.17405801684
2025-07-22 23:17:00+00:00,100792.39007987542
2025-07-22 23:18:00+00:00,100790.82916734571
2025-07-22 23:19:00+00:00,100798.78726237416
2025-07-22 23:20:00+00:00,100777.54861647834
2025-07-22 23:21:00+00:00,100786.73497054653
2025-07-22 23:22:00+00:00,100784.68787214693
2025-07-22 23:23:00+00:00,100777.01125314845
2025-07-22 23:24:00+00:00,100773.01941126924
2025-07-22 23:25:00+00:00,100786.24878467663
2025-07-22 23:26:00+00:00,100786.78614800652
2025-07-22 23:27:00+00:00,100777.90685869826
2025-07-22 23:28:00+00:00,100775.98770394865
2025-07-22 23:29:00+00:00,100770.63965937971
2025-07-22 23:30:00+00:00,100741.72439448541
2025-07-22 23:31:00+00:00,100734.84102611677
2025-07-22 23:32:00+00:00,100732.51245168723
2025-07-22 23:33:00+00:00,100747.8656896842
2025-07-22 23:34:00+00:00,100752.98343568319
2025-07-22 23:35:00+00:00,100750.9619260136
2025-07-22 23:36:00+00:00,100736.60664848643
2025-07-22 23:37:00+00:00,100737.16960054632
2025-07-22 23:38:00+00:00,100737.16960054632
2025-07-22 23:39:00+00:00,100730.46535328764
2025-07-22 23:40:00+00:00,100715.62388989057
2025-07-22 23:41:00+00:00,100708.94523136188
2025-07-22 23:42:00+00:00,100757.0264550224
2025-07-22 23:43:00+00:00,100733.53600088703
2025-07-22 23:44:00+00:00,100734.55955008682
2025-07-22 23:45:00+00:00,100739.16552148592
2025-07-22 23:46:00+00:00,100741.72439448541
2025-07-22 23:47:00+00:00,100732.00067708734
2025-07-22 23:48:00+00:00,100737.42548784627
2025-07-22 23:49:00+00:00,100723.32609761905
2025-07-22 23:50:00+00:00,100716.13566449047
2025-07-22 23:51:00+00:00,100709.76407072172
2025-07-22 23:52:00+00:00,100708.99640882188
2025-07-22 23:53:00+00:00,100700.93595887347
2025-07-22 23:54:00+00:00,100699.83564348369
2025-07-22 23:55:00+00:00,100702.03627426326
2025-07-22 23:56:00+00:00,100708.17756946204
2025-07-22 23:57:00+00:00,100720.46015985962
2025-07-22 23:58:00+00:00,100726.88293108834
2025-07-22 23:59:00+00:00,100725.0661312587
2025-07-23 00:00:00+00:00,100711.27380579142
2025-07-23 00:01:00+00:00,100712.01587896128
2025-07-23 00:02:00+00:00,100714.08856609087
2025-07-23 00:03:00+00:00,100710.01995802167
2025-07-23 00:04:00+00:00,100708.17756946204
2025-07-23 00:05:00+00:00,100710.48055516159
2025-07-23 00:06:00+00:00,100701.60126585333
2025-07-23 00:07:00+00:00,100695.94615652446
2025-07-23 00:08:00+00:00,100692.84992019506
2025-07-23 00:09:00+00:00,100699.81005475369
2025-07-23 00:10:00+00:00,100692.56844416512
2025-07-23 00:11:00+00:00,100684.89182516663
2025-07-23 00:12:00+00:00,100680.05555519758
2025-07-23 00:13:00+00:00,100680.0299664676
2025-07-23 00:14:00+00:00,100675.21928522855
2025-07-23 00:15:00+00:00,100678.34111028793
2025-07-23 00:16:00+00:00,100681.46293534731
2025-07-23 00:17:00+00:00,100689.6257402157
2025-07-23 00:18:00+00:00,100701.19184617342
2025-07-23 00:19:00+00:00,100685.96655182642
2025-07-23 00:20:00+00:00,100698.37708587397
2025-07-23 00:21:00+00:00,100692.46608924514
2025-07-23 00:22:00+00:00,100696.63705223432
2025-07-23 00:23:00+00:00,100710.48055516159
2025-07-23 00:24:00+00:00,100746.33036588451
2025-07-23 00:25:00+00:00,100740.93114385557
2025-07-23 00:26:00+00:00,100701.2942010934
2025-07-23 00:27:00+00:00,100690.26545846558
2025-07-23 00:28:00+00:00,100659.07279660174
2025-07-23 00:29:00+00:00,100647.557868104
2025-07-23 00:30:00+00:00,100679.77407916765
2025-07-23 00:31:00+00:00,100660.35223310148
2025-07-23 00:32:00+00:00,100662.14344420112
2025-07-23 00:33:00+00:00,100674.37485713871
2025-07-23 00:34:00+00:00,100670.15271668955
2025-07-23 00:35:00+00:00,100677.90610187802
2025-07-23 00:36:00+00:00,100671.35538699932
2025-07-23 00:37:00+00:00,100692.08225829521
2025-07-23 00:38:00+00:00,100698.7353280939
2025-07-23 00:39:00+00:00,100717.74775448015
2025-07-23 00:40:00+00:00,100714.34445339082
2025-07-23 00:41:00+00:00,100694.76907494469
2025-07-23 00:42:00+00:00,100703.67395298294
2025-07-23 00:43:00+00:00,100694.38524399477
2025-07-23 00:44:00+00:00,100693.61758209491
2025-07-23 00:45:00+00:00,100704.36484869279
2025-07-23 00:46:00+00:00,100704.36484869279
2025-07-23 00:47:00+00:00,100697.2511817542
2025-07-23 00:48:00+00:00,100685.17330119658
2025-07-23 00:49:00+00:00,100680.59291852749
2025-07-23 00:50:00+00:00,100667.44031131009
2025-07-23 00:51:00+00:00,100641.41657290522
2025-07-23 00:52:00+00:00,100627.62424743795
2025-07-23 00:53:00+00:00,100626.57510950815
2025-07-23 00:54:00+00:00,100622.71121127892
2025-07-23 00:55:00+00:00,100623.01827603886
2025-07-23 00:56:00+00:00,100620.7664677993
2025-07-23 00:57:00+00:00,100615.57195561033
2025-07-23 00:58:00+00:00,100617.10727941002
2025-07-23 00:59:00+00:00,100622.19943667902
2025-07-23 01:00:00+00:00,100616.85139211007
2025-07-23 01:01:00+00:00,100605.48999599232
2025-07-23 01:02:00+00:00,100594.79390685444
2025-07-23 01:03:00+00:00,100604.4920355225
2025-07-23 01:04:00+00:00,100598.42750651372
2025-07-23 01:05:00+00:00,100597.63425588387
2025-07-23 01:06:00+00:00,100612.96190515085
2025-07-23 01:07:00+00:00,100605.0805763124
2025-07-23 01:08:00+00:00,100600.47460491331
2025-07-23 01:09:00+00:00,100598.09485302378
2025-07-23 01:10:00+00:00,100594.89626177441
2025-07-23 01:11:00+00:00,100596.84100525403
2025-07-23 01:12:00+00:00,100595.4592138343
2025-07-23 01:13:00+00:00,100592.18385639494
2025-07-23 01:14:00+00:00,100581.89718693697
2025-07-23 01:15:00+00:00,100614.54840641053
2025-07-23 01:16:00+00:00,100610.73568564128
2025-07-23 01:17:00+00:00,100606.71825503207
2025-07-23 01:18:00+00:00,100609.14918438159
2025-07-23 01:19:00+00:00,100596.40599684411
2025-07-23 01:20:00+00:00,100621.45736350917
2025-07-23 01:21:00+00:00,100637.32237610602
2025-07-23 01:22:00+00:00,100633.71436517674
2025-07-23 01:23:00+00:00,100617.61905400992
2025-07-23 01:24:00+00:00,100622.22502540902
2025-07-23 01:25:00+00:00,100614.80429371048
2025-07-23 01:26:00+00:00,100614.54840641053
2025-07-23 01:27:00+00:00,100608.66299851169
2025-07-23 01:28:00+00:00,100605.0549875824
2025-07-23 01:29:00+00:00,100603.5708412427
2025-07-23 01:30:00+00:00,100603.5708412427
2025-07-23 01:31:00+00:00,100610.83804056126
2025-07-23 01:32:00+00:00,100619.89645097948
2025-07-23 01:33:00+00:00,100622.09708175904
2025-07-23 01:34:00+00:00,100635.4288100864
2025-07-23 01:35:00+00:00,100643.69396987477
2025-07-23 01:36:00+00:00,100634.94262421649
2025-07-23 01:37:00+00:00,100625.03978570846
2025-07-23 01:38:00+00:00,100616.28844005018
2025-07-23 01:39:00+00:00,100612.6548403909
2025-07-23 01:40:00+00:00,100608.43269994174
2025-07-23 01:41:00+00:00,100613.29455864077
2025-07-23 01:42:00+00:00,100616.08373021023
2025-07-23 01:43:00+00:00,100612.73160658088
2025-07-23 01:44:00+00:00,100621.45736350917
2025-07-23 01:45:00+00:00,100645.25488240446
2025-07-23 01:46:00+00:00,100648.32553000386
2025-07-23 01:47:00+00:00,100635.27527770643
2025-07-23 01:48:00+00:00,100631.87197661711
2025-07-23 01:49:00+00:00,100611.40099262114
2025-07-23 01:50:00+00:00,100609.73772517148
2025-07-23 01:51:00+00:00,100617.46552162996
2025-07-23 01:52:00+00:00,100629.8248782175
2025-07-23 01:53:00+00:00,100623.55563936874
2025-07-23 01:54:00+00:00,100617.61905400992
2025-07-23 01:55:00+00:00,100608.07445772181
2025-07-23 01:56:00+00:00,100612.55248547092
2025-07-23 01:57:00+00:00,100612.55248547092
2025-07-23 01:58:00+00:00,100605.36205234235
2025-07-23 01:59:00+00:00,100607.20444090199
2025-07-23 02:00:00+00:00,100613.78074451067
2025-07-23 02:01:00+00:00,100600.0395965034
2025-07-23 02:02:00+00:00,100586.4008034161
2025-07-23 02:03:00+00:00,100567.13248972989
2025-07-23 02:04:00+00:00,100541.82523576489
2025-07-23 02:05:00+00:00,100548.99008016346
2025-07-23 02:06:00+00:00,100532.40858312674
2025-07-23 02:07:00+00:00,100541.64611465493
2025-07-23 02:08:00+00:00,100532.33181693676
2025-07-23 02:09:00+00:00,100538.54987832553
2025-07-23 02:10:00+00:00,100536.24689262599
2025-07-23 02:11:00+00:00,100527.03494982781
2025-07-23 02:12:00+00:00,100537.11690944582
2025-07-23 02:13:00+00:00,100526.29287665796
2025-07-23 02:14:00+00:00,100512.47496246069
2025-07-23 02:15:00+00:00,100522.78722064864
2025-07-23 02:16:00+00:00,100536.93778833585
2025-07-23 02:17:00+00:00,100553.34016426261
2025-07-23 02:18:00+00:00,100532.74123661668
2025-07-23 02:19:00+00:00,100544.69117352432
2025-07-23 02:20:00+00:00,100559.27674962144
2025-07-23 02:21:00+00:00,100571.78963858896
2025-07-23 02:22:00+00:00,100560.01882279129
2025-07-23 02:23:00+00:00,100553.21222061264
2025-07-23 02:24:00+00:00,100553.3913417226
2025-07-23 02:25:00+00:00,100537.01455452584
2025-07-23 02:26:00+00:00,100545.45883542417
2025-07-23 02:27:00+00:00,100553.57046283256
2025-07-23 02:28:00+00:00,100550.8324687231
2025-07-23 02:29:00+00:00,100561.502969131
2025-07-23 02:30:00+00:00,100555.08019790228
2025-07-23 02:31:00+00:00,100550.85805745311
2025-07-23 02:32:00+00:00,100554.9266655223
2025-07-23 02:33:00+00:00,100569.74254018937
2025-07-23 02:34:00+00:00,100547.42916763377
2025-07-23 02:35:00+00:00,100547.65946620374
2025-07-23 02:36:00+00:00,100554.82431060233
2025-07-23 02:37:00+00:00,100542.10671179483
2025-07-23 02:38:00+00:00,100557.4855385218
2025-07-23 02:39:00+00:00,100546.38002970399
2025-07-23 02:40:00+00:00,100552.34220379281
2025-07-23 02:41:00+00:00,100526.80465125786
2025-07-23 02:42:00+00:00,100528.33997505755
2025-07-23 02:43:00+00:00,100512.44937373069
2025-07-23 02:44:00+00:00,100482.53614836659
2025-07-23 02:45:00+00:00,100489.93129133513
2025-07-23 02:46:00+00:00,100487.16770849568
2025-07-23 02:47:00+00:00,100490.1360011751
2025-07-23 02:48:00+00:00,100499.11764540331
2025-07-23 02:49:00+00:00,100499.55265381324
2025-07-23 02:50:00+00:00,100509.48108105127
2025-07-23 02:51:00+00:00,100514.4452946703
2025-07-23 02:52:00+00:00,100504.59363362224
2025-07-23 02:53:00+00:00,100500.729735393
2025-07-23 02:54:00+00:00,100484.5320693062
2025-07-23 02:55:00+00:00,100493.48812480443
2025-07-23 02:56:00+00:00,100504.7727547322
2025-07-23 02:57:00+00:00,100504.7727547322
2025-07-23 02:58:00+00:00,100500.90885650297
2025-07-23 02:59:00+00:00,100505.38688425208
2025-07-23 03:00:00+00:00,100499.83412984318
2025-07-23 03:01:00+00:00,100466.77349068971
2025-07-23 03:02:00+00:00,100467.41320893957
2025-07-23 03:03:00+00:00,100469.46030733918
2025-07-23 03:04:00+00:00,100475.57601380796
2025-07-23 03:05:00+00:00,100464.87992467008
2025-07-23 03:06:00+00:00,100471.09798605886
2025-07-23 03:07:00+00:00,100472.53095493857
2025-07-23 03:08:00+00:00,100475.29453777803
2025-07-23 03:09:00+00:00,100477.62311220757
2025-07-23 03:10:00+00:00,100475.29453777803
2025-07-23 03:11:00+00:00,100482.22908360665
2025-07-23 03:12:00+00:00,100481.74289773675
2025-07-23 03:13:00+00:00,100485.50444104601
2025-07-23 03:14:00+00:00,100476.08778840787
2025-07-23 03:15:00+00:00,100464.11226277023
2025-07-23 03:16:00+00:00,100458.2012661414
2025-07-23 03:17:00+00:00,100452.29026951257
2025-07-23 03:18:00+00:00,100450.03846127301
2025-07-23 03:19:00+00:00,100445.43248987393
2025-07-23 03:20:00+00:00,100438.08852436536
2025-07-23 03:21:00+00:00,100454.13265807221
2025-07-23 03:22:00+00:00,100451.44584142274
2025-07-23 03:23:00+00:00,100443.35980274432
2025-07-23 03:24:00+00:00,100451.03642174281
2025-07-23 03:25:00+00:00,100452.39262443254
2025-07-23 03:26:00+00:00,100468.94853273928
2025-07-23 03:27:00+00:00,100472.53095493857
2025-07-23 03:28:00+00:00,100472.04476906867
2025-07-23 03:29:00+00:00,100467.41320893957
2025-07-23 03:30:00+00:00,100466.38965973978
2025-07-23 03:31:00+00:00,100454.90031997205
2025-07-23 03:32:00+00:00,100458.86657312127
2025-07-23 03:33:00+00:00,100459.45511391116
2025-07-23 03:34:00+00:00,100448.47754874332
2025-07-23 03:35:00+00:00,100443.84598861422
2025-07-23 03:36:00+00:00,100451.03642174281
2025-07-23 03:37:00+00:00,100443.35980274432
2025-07-23 03:38:00+00:00,100443.76922242425
2025-07-23 03:39:00+00:00,100450.24317111296
2025-07-23 03:40:00+00:00,100451.03642174281
2025-07-23 03:41:00+00:00,100470.99563113888
2025-07-23 03:42:00+00:00,100450.06405000301
2025-07-23 03:43:00+00:00,100434.3269810561
2025-07-23 03:44:00+00:00,100421.86526954858
2025-07-23 03:45:00+00:00,100419.33198527907
2025-07-23 03:46:00+00:00,100401.29193063264
2025-07-23 03:47:00+00:00,100397.83745208332
2025-07-23 03:48:00+00:00,100389.59788102494
2025-07-23 03:49:00+00:00,100389.13728388504
2025-07-23 03:50:00+00:00,100387.57637135535
2025-07-23 03:51:00+00:00,100384.48013502595
2025-07-23 03:52:00+00:00,100382.48421408635
2025-07-23 03:53:00+00:00,100376.57321745751
2025-07-23 03:54:00+00:00,100365.59565228969
2025-07-23 03:55:00+00:00,100370.15044622878
2025-07-23 03:56:00+00:00,100380.38593822677
2025-07-23 03:57:00+00:00,100374.27023175797
2025-07-23 03:58:00+00:00,100370.84134193865
2025-07-23 03:59:00+00:00,100380.92330155666
2025-07-23 04:00:00+00:00,100382.2795042464
2025-07-23 04:01:00+00:00,100368.12893655918
2025-07-23 04:02:00+00:00,100386.52723342556
2025-07-23 04:03:00+00:00,100377.44323427734
2025-07-23 04:04:00+00:00,100383.50776328615
2025-07-23 04:05:00+00:00,100379.54151013693
2025-07-23 04:06:00+00:00,100385.7851602557
2025-07-23 04:07:00+00:00,100397.60715351337
2025-07-23 04:08:00+00:00,100382.40744789637
2025-07-23 04:09:00+00:00,100388.59992055513
2025-07-23 04:10:00+00:00,100399.01453366308
2025-07-23 04:11:00+00:00,100418.79462194917
2025-07-23 04:12:00+00:00,100407.0238061515
2025-07-23 04:13:00+00:00,100412.19272961048
2025-07-23 04:14:00+00:00,100405.48848235181
2025-07-23 04:15:00+00:00,100407.20292726147
2025-07-23 04:16:00+00:00,100388.88139658509
2025-07-23 04:17:00+00:00,100415.10984482992
2025-07-23 04:18:00+00:00,100425.95946634776
2025-07-23 04:19:00+00:00,100445.38131241393
2025-07-23 04:20:00+00:00,100444.38335194413
2025-07-23 04:21:00+00:00,100452.80204411247
2025-07-23 04:22:00+00:00,100437.21850754553
2025-07-23 04:23:00+00:00,100424.42414254807
2025-07-23 04:24:00+00:00,100438.24205674534
2025-07-23 04:25:00+00:00,100448.70784731327
2025-07-23 04:26:00+00:00,100436.73232167563
2025-07-23 04:27:00+00:00,100437.98616944539
2025-07-23 04:28:00+00:00,100440.77534101484
2025-07-23 04:29:00+00:00,100437.98616944539
2025-07-23 04:30:00+00:00,100443.94834353421
2025-07-23 04:31:00+00:00,100440.59621990487
2025-07-23 04:32:00+00:00,100421.2255512987
2025-07-23 04:33:00+00:00,100439.67502562507
2025-07-23 04:34:00+00:00,100439.00971864519
2025-07-23 04:35:00+00:00,100440.49386498489
2025-07-23 04:36:00+00:00,100432.58694741645
2025-07-23 04:37:00+00:00,100435.68318374584
2025-07-23 04:38:00+00:00,100443.33421401434
2025-07-23 04:39:00+00:00,100446.43045034373
2025-07-23 04:40:00+00:00,100435.3761189859
2025-07-23 04:41:00+00:00,100436.39966818571
2025-07-23 04:42:00+00:00,100430.07925187694
2025-07-23 04:43:00+00:00,100436.65555548566
2025-07-23 04:44:00+00:00,100430.59102647685
2025-07-23 04:45:00+00:00,100417.05458830952
2025-07-23 04:46:00+00:00,100418.79462194917
2025-07-23 04:47:00+00:00,100411.42506771063
2025-07-23 04:48:00+00:00,100412.65332675038
2025-07-23 04:49:00+00:00,100420.32994574888
2025-07-23 04:50:00+00:00,100425.42210301787
2025-07-23 04:51:00+00:00,100420.84172034878
2025-07-23 04:52:00+00:00,100424.93591714796
2025-07-23 04:53:00+00:00,100426.47124094766
2025-07-23 04:54:00+00:00,100430.56543774686
2025-07-23 04:55:00+00:00,100443.43656893431
2025-07-23 04:56:00+00:00,100466.05700624984
2025-07-23 04:57:00+00:00,100475.34571523801
2025-07-23 04:58:00+00:00,100477.62311220757
2025-07-23 04:59:00+00:00,100484.91590025612
2025-07-23 05:00:00+00:00,100478.62107267737
2025-07-23 05:01:00+00:00,100458.2012661414
2025-07-23 05:02:00+00:00,100460.248364541
2025-07-23 05:03:00+00:00,100438.75383134524
2025-07-23 05:04:00+00:00,100424.98709460796
2025-07-23 05:05:00+00:00,100431.56339821666
2025-07-23 05:06:00+00:00,100423.83560175818
2025-07-23 05:07:00+00:00,100436.9370315156
2025-07-23 05:08:00+00:00,100446.91663621363
2025-07-23 05:09:00+00:00,100441.05681704478
2025-07-23 05:10:00+00:00,100448.75902477326
2025-07-23 05:11:00+00:00,100443.35980274432
2025-07-23 05:12:00+00:00,100448.73343604327
2025-07-23 05:13:00+00:00,100437.98616944539
2025-07-23 05:14:00+00:00,100458.96892804124
2025-07-23 05:15:00+00:00,100458.7130407413
2025-07-23 05:16:00+00:00,100470.48385653898
2025-07-23 05:17:00+00:00,100464.34256134019
2025-07-23 05:18:00+00:00,100452.57174554252
2025-07-23 05:19:00+00:00,100428.23686331732
2025-07-23 05:20:00+00:00,100431.51222075667
2025-07-23 05:21:00+00:00,100437.98616944539
2025-07-23 05:22:00+00:00,100434.81316692602
2025-07-23 05:23:00+00:00,100435.65759501584
2025-07-23 05:24:00+00:00,100434.65963454604
2025-07-23 05:25:00+00:00,100428.49275061727
2025-07-23 05:26:00+00:00,100420.32994574888
2025-07-23 05:27:00+00:00,100418.02696004933
2025-07-23 05:28:00+00:00,100417.77107274938
2025-07-23 05:29:00+00:00,100420.48347812885
2025-07-23 05:30:00+00:00,100424.88473968799
2025-07-23 05:31:00+00:00,100420.84172034878
2025-07-23 05:32:00+00:00,100423.42618207827
2025-07-23 05:33:00+00:00,100427.46920141747
2025-07-23 05:34:00+00:00,100440.59621990487
2025-07-23 05:35:00+00:00,100427.98097601737
2025-07-23 05:36:00+00:00,100433.12431074635
2025-07-23 05:37:00+00:00,100438.03734690539
2025-07-23 05:38:00+00:00,100420.32994574888
2025-07-23 05:39:00+00:00,100419.30639654907
2025-07-23 05:40:00+00:00,100415.74956307978
2025-07-23 05:41:00+00:00,100411.65536628058
2025-07-23 05:42:00+00:00,100414.18865055009
2025-07-23 05:43:00+00:00,100413.52334357021
2025-07-23 05:44:00+00:00,100394.22944115404
2025-07-23 05:45:00+00:00,100384.249836456
2025-07-23 05:46:00+00:00,100414.16306182009
2025-07-23 05:47:00+00:00,100406.15378933167
2025-07-23 05:48:00+00:00,100412.1415521505
2025-07-23 05:49:00+00:00,100412.1415521505
2025-07-23 05:50:00+00:00,100398.3748154132
2025-07-23 05:51:00+00:00,100403.44138395222
2025-07-23 05:52:00+00:00,100392.15675402444
2025-07-23 05:53:00+00:00,100398.27246049323
2025-07-23 05:54:00+00:00,100388.70227547512
2025-07-23 05:55:00+00:00,100394.02473131407
2025-07-23 05:56:00+00:00,100383.50776328615
2025-07-23 05:57:00+00:00,100386.57841088554
2025-07-23 05:58:00+00:00,100384.53131248595
2025-07-23 05:59:00+00:00,100391.15879355464
2025-07-23 06:00:00+00:00,100407.48440329141
2025-07-23 06:01:00+00:00,100408.96854963113
2025-07-23 06:02:00+00:00,100397.32567748342
2025-07-23 06:03:00+00:00,100388.11373468523
2025-07-23 06:04:00+00:00,100391.67056815454
2025-07-23 06:05:00+00:00,100387.90902484528
2025-07-23 06:06:00+00:00,100380.92330155666
2025-07-23 06:07:00+00:00,100371.91606859844
2025-07-23 06:08:00+00:00,100368.23129147917
2025-07-23 06:09:00+00:00,100377.23852443739
2025-07-23 06:10:00+00:00,100369.66426035888
2025-07-23 06:11:00+00:00,100369.51072797891
2025-07-23 06:12:00+00:00,100369.99691384882
2025-07-23 06:13:00+00:00,100364.82799038984
2025-07-23 06:14:00+00:00,100366.05624942959
2025-07-23 06:15:00+00:00,100367.59157322929
2025-07-23 06:16:00+00:00,100354.38778855189
2025-07-23 06:17:00+00:00,100349.19327636293
2025-07-23 06:18:00+00:00,100348.57914684305
2025-07-23 06:19:00+00:00,100349.01415525295
2025-07-23 06:20:00+00:00,100352.57098872226
2025-07-23 06:21:00+00:00,100336.6036212054
2025-07-23 06:22:00+00:00,100339.90456737476
2025-07-23 06:23:00+00:00,100338.93219563494
2025-07-23 06:24:00+00:00,100339.72544626478
2025-07-23 06:25:00+00:00,100355.74399124163
2025-07-23 06:26:00+00:00,100354.31102236192
2025-07-23 06:27:00+00:00,100371.19958415857
2025-07-23 06:28:00+00:00,100370.17603495877
2025-07-23 06:29:00+00:00,100377.23852443739
2025-07-23 06:30:00+00:00,100387.3204840554
2025-07-23 06:31:00+00:00,100382.63774646632
2025-07-23 06:32:00+00:00,100388.08814595525
2025-07-23 06:33:00+00:00,100377.31529062736
2025-07-23 06:34:00+00:00,100364.54651435988
2025-07-23 06:35:00+00:00,100349.39798620288
2025-07-23 06:36:00+00:00,100342.56579529423
2025-07-23 06:37:00+00:00,100350.75418889262
2025-07-23 06:38:00+00:00,100351.95685920239
2025-07-23 06:39:00+00:00,100356.89548409141
2025-07-23 06:40:00+00:00,100350.72860016262
2025-07-23 06:41:00+00:00,100339.62309134481
2025-07-23 06:42:00+00:00,100344.07553036393
2025-07-23 06:43:00+00:00,100339.85338991476
2025-07-23 06:44:00+00:00,100333.89121582595
2025-07-23 06:45:00+00:00,100332.30471456626
2025-07-23 06:46:00+00:00,100342.56579529423
2025-07-23 06:47:00+00:00,100335.17065232569
2025-07-23 06:48:00+00:00,100338.80425198497
2025-07-23 06:49:00+00:00,100337.93423516514
2025-07-23 06:50:00+00:00,100334.86358756575
2025-07-23 06:51:00+00:00,100330.74380203657
2025-07-23 06:52:00+00:00,100333.660917256
2025-07-23 06:53:00+00:00,100333.76327217597
2025-07-23 06:54:00+00:00,100323.60454636798
2025-07-23 06:55:00+00:00,100333.32826376606
2025-07-23 06:56:00+00:00,100329.36201061684
2025-07-23 06:57:00+00:00,100331.79293996636
2025-07-23 06:58:00+00:00,100333.73768344597
2025-07-23 06:59:00+00:00,100334.07033693591
2025-07-23 07:00:00+00:00,100328.67111490697
2025-07-23 07:01:00+00:00,100338.93219563494
2025-07-23 07:02:00+00:00,100352.26392396231
2025-07-23 07:03:00+00:00,100352.08480285236
2025-07-23 07:04:00+00:00,100350.75418889262
2025-07-23 07:05:00+00:00,100345.71320908361
2025-07-23 07:06:00+00:00,100347.68354129323
2025-07-23 07:07:00+00:00,100338.47159849505
2025-07-23 07:08:00+00:00,100347.17176669333
2025-07-23 07:09:00+00:00,100328.74788109696
2025-07-23 07:10:00+00:00,100318.71709893894
2025-07-23 07:11:00+00:00,100337.67834786519
2025-07-23 07:12:00+00:00,100348.70709049302
2025-07-23 07:13:00+00:00,100350.01211572275
2025-07-23 07:14:00+00:00,100348.2720820831
2025-07-23 07:15:00+00:00,100365.05828895979
2025-07-23 07:16:00+00:00,100376.57321745751
2025-07-23 07:17:00+00:00,100371.17399542857
2025-07-23 07:18:00+00:00,100374.70524016788
2025-07-23 07:19:00+00:00,100368.18011401917
2025-07-23 07:20:00+00:00,100368.18011401917
2025-07-23 07:21:00+00:00,100366.13301561958
2025-07-23 07:22:00+00:00,100340.97929403454
2025-07-23 07:23:00+00:00,100344.58730496383
2025-07-23 07:24:00+00:00,100344.38259512387
2025-07-23 07:25:00+00:00,100342.56579529423
2025-07-23 07:26:00+00:00,100353.79924776201
2025-07-23 07:27:00+00:00,100363.0111905602
2025-07-23 07:28:00+00:00,100360.58026121068
2025-07-23 07:29:00+00:00,100361.98764136039
2025-07-23 07:30:00+00:00,100361.65498787045
2025-07-23 07:31:00+00:00,100372.6325530383
2025-07-23 07:32:00+00:00,100369.17807448897
2025-07-23 07:33:00+00:00,100364.18827213996
2025-07-23 07:34:00+00:00,100361.50145549049
2025-07-23 07:35:00+00:00,100359.99172042079
2025-07-23 07:36:00+00:00,100345.07349083373
2025-07-23 07:37:00+00:00,100348.98856652297
2025-07-23 07:38:00+00:00,100344.12670782392
2025-07-23 07:39:00+00:00,100334.91476502574
2025-07-23 07:40:00+00:00,100330.79497949655
2025-07-23 07:41:00+00:00,100334.42857915584
2025-07-23 07:42:00+00:00,100343.51257830404
2025-07-23 07:43:00+00:00,100345.40614432367
2025-07-23 07:44:00+00:00,100341.97725450435
2025-07-23 07:45:00+00:00,100346.99264558335
2025-07-23 07:46:00+00:00,100344.6896598838
2025-07-23 07:47:00+00:00,100336.93627469534
2025-07-23 07:48:00+00:00,100332.27912583626
2025-07-23 07:49:00+00:00,100303.13356237202
2025-07-23 07:50:00+00:00,100330.5646809266
2025-07-23 07:51:00+00:00,100329.61789791679
2025-07-23 07:52:00+00:00,100328.18492903707
2025-07-23 07:53:00+00:00,100331.17881044648
2025-07-23 07:54:00+00:00,100316.59323434936
2025-07-23 07:55:00+00:00,100310.73341518051
2025-07-23 07:56:00+00:00,100313.47140928998
2025-07-23 07:57:00+00:00,100315.3905640396
2025-07-23 07:58:00+00:00,100316.95147656929
2025-07-23 07:59:00+00:00,100315.18585419963
2025-07-23 08:00:00+00:00,100322.06922256827
2025-07-23 08:01:00+00:00,100313.8808289699
2025-07-23 08:02:00+00:00,100300.24203588259
2025-07-23 08:03:00+00:00,100296.45490384333
2025-07-23 08:04:00+00:00,100291.84893244425
2025-07-23 08:05:00+00:00,100285.24704010555
2025-07-23 08:06:00+00:00,100302.51943285213
2025-07-23 08:07:00+00:00,100313.8808289699
2025-07-23 08:08:00+00:00,100344.81760353378
2025-07-23 08:09:00+00:00,100338.57395341502
2025-07-23 08:10:00+00:00,100341.49106863444
2025-07-23 08:11:00+00:00,100347.14617796332
2025-07-23 08:12:00+00:00,100352.72452110222
2025-07-23 08:13:00+00:00,100354.28543363191
2025-07-23 08:14:00+00:00,100366.5168465695
2025-07-23 08:15:00+00:00,100361.9620526304
2025-07-23 08:16:00+00:00,100361.75734279044
2025-07-23 08:17:00+00:00,100356.86989536141
2025-07-23 08:18:00+00:00,100354.64367585184
2025-07-23 08:19:00+00:00,100360.22201899075
2025-07-23 08:20:00+00:00,100357.8934445612
2025-07-23 08:21:00+00:00,100352.03362539236
2025-07-23 08:22:00+00:00,100356.89548409141
2025-07-23 08:23:00+00:00,100322.22275494825
2025-07-23 08:24:00+00:00,100328.23610649706
2025-07-23 08:25:00+00:00,100325.13987016768
2025-07-23 08:26:00+00:00,100306.89510568127
2025-07-23 08:27:00+00:00,100311.8337305703
2025-07-23 08:28:00+00:00,100317.8982595791
2025-07-23 08:29:00+00:00,100318.51238909898
2025-07-23 08:30:00+00:00,100313.8808289699
2025-07-23 08:31:00+00:00,100315.95351609949
2025-07-23 08:32:00+00:00,100315.05791054966
2025-07-23 08:33:00+00:00,100308.99338154086
2025-07-23 08:34:00+00:00,100319.86859178872
2025-07-23 08:35:00+00:00,100309.55633360075
2025-07-23 08:36:00+00:00,100302.69855396211
2025-07-23 08:37:00+00:00,100299.73026128269
2025-07-23 08:38:00+00:00,100297.06903336322
2025-07-23 08:39:00+00:00,100298.24611494297
2025-07-23 08:40:00+00:00,100293.43543370394
2025-07-23 08:41:00+00:00,100292.36070704414
2025-07-23 08:42:00+00:00,100304.61770871172
2025-07-23 08:43:00+00:00,100301.1632301624
2025-07-23 08:44:00+00:00,100299.39760779275
2025-07-23 08:45:00+00:00,100307.7395337711
2025-07-23 08:46:00+00:00,100307.7395337711
2025-07-23 08:47:00+00:00,100317.43766243919
2025-07-23 08:48:00+00:00,100316.43970196939
2025-07-23 08:49:00+00:00,100306.97187187127
2025-07-23 08:50:00+00:00,100296.22460527338
2025-07-23 08:51:00+00:00,100298.98818811284
2025-07-23 08:52:00+00:00,100298.55317970293
2025-07-23 08:53:00+00:00,100305.94832267147
2025-07-23 08:54:00+00:00,100316.10704847946
2025-07-23 08:55:00+00:00,100319.17769607884
2025-07-23 08:56:00+00:00,100320.02212416868
2025-07-23 08:57:00+00:00,100340.95370530455
2025-07-23 08:58:00+00:00,100333.30267503606
2025-07-23 08:59:00+00:00,100333.55856233601
2025-07-23 09:00:00+00:00,100331.35793155644
2025-07-23 09:01:00+00:00,100344.2034740139
2025-07-23 09:02:00+00:00,100341.03047149454
2025-07-23 09:03:00+00:00,100335.24741851568
2025-07-23 09:04:00+00:00,100328.56875998699
2025-07-23 09:05:00+00:00,100322.19716621825
2025-07-23 09:06:00+00:00,100323.70690128795
2025-07-23 09:07:00+00:00,100323.60454636798
2025-07-23 09:08:00+00:00,100309.96575328067
2025-07-23 09:09:00+00:00,100285.32380629554
2025-07-23 09:10:00+00:00,100294.48457163373
2025-07-23 09:11:00+00:00,100304.2338777618
2025-07-23 09:12:00+00:00,100292.51423942411
2025-07-23 09:13:00+00:00,100284.24907963575
2025-07-23 09:14:00+00:00,100293.23072386398
2025-07-23 09:15:00+00:00,100277.10982396716
2025-07-23 09:16:00+00:00,100276.75158174723
2025-07-23 09:17:00+00:00,100267.94905862896
2025-07-23 09:18:00+00:00,100262.1915943801
2025-07-23 09:19:00+00:00,100257.56003425102
2025-07-23 09:20:00+00:00,100252.97965158192
2025-07-23 09:21:00+00:00,100255.25704855147
2025-07-23 09:22:00+00:00,100258.50681726083
2025-07-23 09:23:00+00:00,100261.27040010029
2025-07-23 09:24:00+00:00,100265.31341943948
2025-07-23 09:25:00+00:00,100250.93255318233
2025-07-23 09:26:00+00:00,100250.44636731243
2025-07-23 09:27:00+00:00,100246.17304940327
2025-07-23 09:28:00+00:00,100232.22719155601
2025-07-23 09:29:00+00:00,100224.83204858747
2025-07-23 09:30:00+00:00,100222.40111923795
2025-07-23 09:31:00+00:00,100210.63030344028
2025-07-23 09:32:00+00:00,100202.36514365191
2025-07-23 09:33:00+00:00,100234.01840265567
2025-07-23 09:34:00+00:00,100243.48623275378
2025-07-23 09:35:00+00:00,100258.6091721808
2025-07-23 09:36:00+00:00,100253.67054729178
2025-07-23 09:37:00+00:00,100256.56207378121
2025-07-23 09:38:00+00:00,100254.28467681166
2025-07-23 09:39:00+00:00,100259.58154392062
2025-07-23 09:40:00+00:00,100262.70336898
2025-07-23 09:41:00+00:00,100236.8587516851
2025-07-23 09:42:00+00:00,100216.00393673922
2025-07-23 09:43:00+00:00,100236.75639676512
2025-07-23 09:44:00+00:00,100243.25593418384
2025-07-23 09:45:00+00:00,100250.42077858243
2025-07-23 09:46:00+00:00,100263.7269181798
2025-07-23 09:47:00+00:00,100254.54056411161
2025-07-23 09:48:00+00:00,100238.13818818485
2025-07-23 09:49:00+00:00,100254.48938665162
2025-07-23 09:50:00+00:00,100257.611211711
2025-07-23 09:51:00+00:00,100269.35643877869
2025-07-23 09:52:00+00:00,100260.7330367704
2025-07-23 09:53:00+00:00,100253.5426036418
2025-07-23 09:54:00+00:00,100259.6327213806
2025-07-23 09:55:00+00:00,100257.53444552101
2025-07-23 09:56:00+00:00,100256.40854140124
2025-07-23 09:57:00+00:00,100256.05029918131
2025-07-23 09:58:00+00:00,100239.69910071454
2025-07-23 09:59:00+00:00,100234.06958011565
2025-07-23 10:00:00+00:00,100221.32639257816
2025-07-23 10:01:00+00:00,100214.90362134944
2025-07-23 10:02:00+00:00,100223.80849938768
2025-07-23 10:03:00+00:00,100208.86468107064
2025-07-23 10:04:00+00:00,100217.181018319
2025-07-23 10:05:00+00:00,100259.55595519062
2025-07-23 10:06:00+00:00,100232.76455488591
2025-07-23 10:07:00+00:00,100223.04083748783
2025-07-23 10:08:00+00:00,100221.99169955804
2025-07-23 10:09:00+00:00,100213.77771722966
2025-07-23 10:10:00+00:00,100195.48177528328
2025-07-23 10:11:00+00:00,100198.24535812273
2025-07-23 10:12:00+00:00,100189.51960119445
2025-07-23 10:13:00+00:00,100183.89008059556
2025-07-23 10:14:00+00:00,100181.84298219596
2025-07-23 10:15:00+00:00,100199.26890732252
2025-07-23 10:16:00+00:00,100207.91789806081
2025-07-23 10:17:00+00:00,100209.47881059052
2025-07-23 10:18:00+00:00,100201.31600572212
2025-07-23 10:19:00+00:00,100205.20549268136
2025-07-23 10:20:00+00:00,100218.17897878878
2025-07-23 10:21:00+00:00,100268.87025290879
2025-07-23 10:22:00+00:00,100277.54483237707
2025-07-23 10:23:00+00:00,100268.87025290879
2025-07-23 10:24:00+00:00,100274.14153128774
2025-07-23 10:25:00+00:00,100292.97483656403
2025-07-23 10:26:00+00:00,100291.87452117424
2025-07-23 10:27:00+00:00,100290.77420578446
2025-07-23 10:28:00+00:00,100295.45694337353
2025-07-23 10:29:00+00:00,100290.36478610453
2025-07-23 10:30:00+00:00,100284.55614439568
2025-07-23 10:31:00+00:00,100270.89176257838
2025-07-23 10:32:00+00:00,100288.77828484486
2025-07-23 10:33:00+00:00,100292.36070704414
2025-07-23 10:34:00+00:00,100279.25927728674
2025-07-23 10:35:00+00:00,100271.91531177818
2025-07-23 10:36:00+00:00,100284.5305556657
2025-07-23 10:37:00+00:00,100283.71171630586
2025-07-23 10:38:00+00:00,100287.29413850515
2025-07-23 10:39:00+00:00,100292.87248164404
2025-07-23 10:40:00+00:00,100310.09369693065
2025-07-23 10:41:00+00:00,100303.21032856201
2025-07-23 10:42:00+00:00,100302.59619904212
2025-07-23 10:43:00+00:00,100294.45898290373
2025-07-23 10:44:00+00:00,100295.96871797343
2025-07-23 10:45:00+00:00,100305.43654807156
2025-07-23 10:46:00+00:00,100311.8337305703
2025-07-23 10:47:00+00:00,100315.08349927966
2025-07-23 10:48:00+00:00,100311.8337305703
2025-07-23 10:49:00+00:00,100306.63921838133
2025-07-23 10:50:00+00:00,100302.64737650211
2025-07-23 10:51:00+00:00,100315.92792736948
2025-07-23 10:52:00+00:00,100322.55540843817
2025-07-23 10:53:00+00:00,100309.53074487075
2025-07-23 10:54:00+00:00,100310.2728180406
2025-07-23 10:55:00+00:00,100316.92588783929
2025-07-23 10:56:00+00:00,100320.4827213086
2025-07-23 10:57:00+00:00,100319.02416369888
2025-07-23 10:58:00+00:00,100322.68335208815
2025-07-23 10:59:00+00:00,100319.04975242887
2025-07-23 11:00:00+00:00,100309.7866321707
2025-07-23 11:01:00+00:00,100303.64533697191
2025-07-23 11:02:00+00:00,100306.69039584132
2025-07-23 11:03:00+00:00,100309.24926884081
2025-07-23 11:04:00+00:00,100322.06922256827
2025-07-23 11:05:00+00:00,100325.13987016768
2025-07-23 11:06:00+00:00,100330.28320489667
2025-07-23 11:07:00+00:00,100338.44600976504
2025-07-23 11:08:00+00:00,100322.78570700814
2025-07-23 11:09:00+00:00,100308.76308297091
2025-07-23 11:10:00+00:00,100299.80702747268
2025-07-23 11:11:00+00:00,100306.71598457132
2025-07-23 11:12:00+00:00,100306.92069441127
2025-07-23 11:13:00+00:00,100281.17843203635
2025-07-23 11:14:00+00:00,100265.2110645195
2025-07-23 11:15:00+00:00,100285.19586264556
2025-07-23 11:16:00+00:00,100298.45082478294
2025-07-23 11:17:00+00:00,100298.32288113298
2025-07-23 11:18:00+00:00,100311.8337305703
2025-07-23 11:19:00+00:00,100307.7395337711
2025-07-23 11:20:00+00:00,100310.8101813705
2025-07-23 11:21:00+00:00,100335.17065232569
2025-07-23 11:22:00+00:00,100352.77569856221
2025-07-23 11:23:00+00:00,100366.10742688959
2025-07-23 11:24:00+00:00,100355.8463461616
2025-07-23 11:25:00+00:00,100345.48291051366
2025-07-23 11:26:00+00:00,100368.1033478292
2025-07-23 11:27:00+00:00,100377.75029903729
2025-07-23 11:28:00+00:00,100367.84746052924
2025-07-23 11:29:00+00:00,100376.82910475746
2025-07-23 11:30:00+00:00,100371.19958415857
2025-07-23 11:31:00+00:00,100365.57006355969
2025-07-23 11:32:00+00:00,100370.17603495877
2025-07-23 11:33:00+00:00,100367.25891973935
2025-07-23 11:34:00+00:00,100370.66222082869
2025-07-23 11:35:00+00:00,100367.10538735939
2025-07-23 11:36:00+00:00,100362.57618215028
2025-07-23 11:37:00+00:00,100371.19958415857
2025-07-23 11:38:00+00:00,100368.12893655918
2025-07-23 11:39:00+00:00,100364.03473975998
2025-07-23 11:40:00+00:00,100362.5250046903
2025-07-23 11:41:00+00:00,100376.82910475746
2025-07-23 11:42:00+00:00,100375.80555555767
2025-07-23 11:43:00+00:00,100368.23129147917
2025-07-23 11:44:00+00:00,100370.17603495877
2025-07-23 11:45:00+00:00,100364.62328054987
2025-07-23 11:46:00+00:00,100362.9856018302
2025-07-23 11:47:00+00:00,100361.4502780305
2025-07-23 11:48:00+00:00,100359.9661316908
2025-07-23 11:49:00+00:00,100359.9405429608
2025-07-23 11:50:00+00:00,100356.3837094915
2025-07-23 11:51:00+00:00,100356.3837094915
2025-07-23 11:52:00+00:00,100358.48198535109
2025-07-23 11:53:00+00:00,100356.89548409141
2025-07-23 11:54:00+00:00,100355.33457156172
2025-07-23 11:55:00+00:00,100359.76142185084
2025-07-23 11:56:00+00:00,100356.71636298143
2025-07-23 11:57:00+00:00,100355.8719348916
2025-07-23 11:58:00+00:00,100364.4953368999
2025-07-23 11:59:00+00:00,100359.9661316908
2025-07-23 12:00:00+00:00,100354.79720823182
2025-07-23 12:01:00+00:00,100355.74399124163
2025-07-23 12:02:00+00:00,100357.84226710122
2025-07-23 12:03:00+00:00,100349.39798620288
2025-07-23 12:04:00+00:00,100347.65795256323
2025-07-23 12:05:00+00:00,100348.45120319308
2025-07-23 12:06:00+00:00,100346.63440336342
2025-07-23 12:07:00+00:00,100342.54020656424
2025-07-23 12:08:00+00:00,100338.57395341502
2025-07-23 12:09:00+00:00,100333.84003836595
2025-07-23 12:10:00+00:00,100351.77773809241
2025-07-23 12:11:00+00:00,100348.14413843313
2025-07-23 12:12:00+00:00,100375.11465984781
2025-07-23 12:13:00+00:00,100384.50572375595
2025-07-23 12:14:00+00:00,100392.13116529444
2025-07-23 12:15:00+00:00,100380.41152695676
2025-07-23 12:16:00+00:00,100374.83318381786
2025-07-23 12:17:00+00:00,100375.1914260378
2025-07-23 12:18:00+00:00,100388.06255722525
2025-07-23 12:19:00+00:00,100379.87416362687
2025-07-23 12:20:00+00:00,100364.85357911984
2025-07-23 12:21:00+00:00,100349.21886509292
2025-07-23 12:22:00+00:00,100347.65795256323
2025-07-23 12:23:00+00:00,100356.33253203152
2025-07-23 12:24:00+00:00,100354.3621998219
2025-07-23 12:25:00+00:00,100346.60881463344
2025-07-23 12:26:00+00:00,100360.4267288307
2025-07-23 12:27:00+00:00,100366.0306606996
2025-07-23 12:28:00+00:00,100363.0111905602
2025-07-23 12:29:00+00:00,100365.46770863971
2025-07-23 12:30:00+00:00,100347.8114849432
2025-07-23 12:31:00+00:00,100366.84950005944
2025-07-23 12:32:00+00:00,100365.31417625974
2025-07-23 12:33:00+00:00,100375.29378095777
2025-07-23 12:34:00+00:00,100360.9640921606
2025-07-23 12:35:00+00:00,100359.9149542308
2025-07-23 12:36:00+00:00,100357.38166996131
2025-07-23 12:37:00+00:00,100352.75010983221
2025-07-23 12:38:00+00:00,100333.584151066
2025-07-23 12:39:00+00:00,100340.49310816464
2025-07-23 12:40:00+00:00,100329.51554299681
2025-07-23 12:41:00+00:00,100281.28078695634
2025-07-23 12:42:00+00:00,100277.05864650717
2025-07-23 12:43:00+00:00,100279.46398712668
2025-07-23 12:44:00+00:00,100288.29209897495
2025-07-23 12:45:00+00:00,100286.24500057535
2025-07-23 12:46:00+00:00,100302.08442444222
2025-07-23 12:47:00+00:00,100315.9023386395
2025-07-23 12:48:00+00:00,100301.08646397242
2025-07-23 12:49:00+00:00,100304.20828903181
2025-07-23 12:50:00+00:00,100275.8559761974
2025-07-23 12:51:00+00:00,100234.55576598555
2025-07-23 12:52:00+00:00,100262.70336898
2025-07-23 12:53:00+00:00,100240.69706118434
2025-07-23 12:54:00+00:00,100208.45526139071
2025-07-23 12:55:00+00:00,100196.68444559304
2025-07-23 12:56:00+00:00,100181.86857092596
2025-07-23 12:57:00+00:00,100184.65774249542
2025-07-23 12:58:00+00:00,100212.5750469199
2025-07-23 12:59:00+00:00,100219.73989131849
2025-07-23 13:00:00+00:00,100213.5985961197
2025-07-23 13:01:00+00:00,100208.25055155075
2025-07-23 13:02:00+00:00,100235.06754058546
2025-07-23 13:03:00+00:00,100258.94182567074
2025-07-23 13:04:00+00:00,100271.3779484483
2025-07-23 13:05:00+00:00,100254.00320078172
2025-07-23 13:06:00+00:00,100256.56207378121
2025-07-23 13:07:00+00:00,100256.71560616119
2025-07-23 13:08:00+00:00,100235.06754058546
2025-07-23 13:09:00+00:00,100254.43820919163
2025-07-23 13:10:00+00:00,100238.85467262472
2025-07-23 13:11:00+00:00,100230.99893251626
2025-07-23 13:12:00+00:00,100244.58654814358
2025-07-23 13:13:00+00:00,100259.6327213806
2025-07-23 13:14:00+00:00,100257.07384838111
2025-07-23 13:15:00+00:00,100239.67351198455
2025-07-23 13:16:00+00:00,100217.33455069896
2025-07-23 13:17:00+00:00,100209.5043993205
2025-07-23 13:18:00+00:00,100197.24739765293
2025-07-23 13:19:00+00:00,100188.57281818464
2025-07-23 13:20:00+00:00,100218.40927735875
2025-07-23 13:21:00+00:00,100210.0161739204
2025-07-23 13:22:00+00:00,100214.54537912951
2025-07-23 13:23:00+00:00,100214.64773404949
2025-07-23 13:24:00+00:00,100210.68148090027
2025-07-23 13:25:00+00:00,100217.41131688895
2025-07-23 13:26:00+00:00,100226.87914698708
2025-07-23 13:27:00+00:00,100249.42281811262
2025-07-23 13:28:00+00:00,100244.33066084363
2025-07-23 13:29:00+00:00,100243.35828910382
2025-07-23 13:30:00+00:00,100226.7256146071
2025-07-23 13:31:00+00:00,100218.20456751878
2025-07-23 13:32:00+00:00,100191.08051372414
2025-07-23 13:33:00+00:00,100194.15116132353
2025-07-23 13:34:00+00:00,100201.29041699212
2025-07-23 13:35:00+00:00,100192.07847419394
2025-07-23 13:36:00+00:00,100167.53888212879
2025-07-23 13:37:00+00:00,100215.03156499942
2025-07-23 13:38:00+00:00,100240.15969785445
2025-07-23 13:39:00+00:00,100197.65681733284
2025-07-23 13:40:00+00:00,100178.23497126668
2025-07-23 13:41:00+00:00,100153.72096793153
2025-07-23 13:42:00+00:00,100145.2255095732
2025-07-23 13:43:00+00:00,100139.74952135427
2025-07-23 13:44:00+00:00,100125.01041287719
2025-07-23 13:45:00+00:00,100128.89989983643
2025-07-23 13:46:00+00:00,100111.65309581983
2025-07-23 13:47:00+00:00,100103.00410508153
2025-07-23 13:48:00+00:00,100097.91194781254
2025-07-23 13:49:00+00:00,100079.79512697611
2025-07-23 13:50:00+00:00,100055.43465602092
2025-07-23 13:51:00+00:00,100060.42445836993
2025-07-23 13:52:00+00:00,100107.45654410066
2025-07-23 13:53:00+00:00,100124.24275097734
2025-07-23 13:54:00+00:00,100145.04638846323
2025-07-23 13:55:00+00:00,100116.38701086889
2025-07-23 13:56:00+00:00,100076.57094699676
2025-07-23 13:57:00+00:00,100085.50141376499
2025-07-23 13:58:00+00:00,100084.01726742528
2025-07-23 13:59:00+00:00,100065.183962149
2025-07-23 14:00:00+00:00,100062.57391168951
2025-07-23 14:01:00+00:00,100124.52422700729
2025-07-23 14:02:00+00:00,100135.47620344513
2025-07-23 14:03:00+00:00,100135.52738090511
2025-07-23 14:04:00+00:00,100170.50717480821
2025-07-23 14:05:00+00:00,100190.67109404423
2025-07-23 14:06:00+00:00,100181.81739346597
2025-07-23 14:07:00+00:00,100148.2193909826
2025-07-23 14:08:00+00:00,100187.21661549491
2025-07-23 14:09:00+00:00,100166.64327657897
2025-07-23 14:10:00+00:00,100149.62677113233
2025-07-23 14:11:00+00:00,100163.11203183967
2025-07-23 14:12:00+00:00,100113.93049278938
2025-07-23 14:13:00+00:00,100135.5785583651
2025-07-23 14:14:00+00:00,100146.96554321285
2025-07-23 14:15:00+00:00,100195.94237242319
2025-07-23 14:16:00+00:00,100203.56781396168
2025-07-23 14:17:00+00:00,100210.86060201023
2025-07-23 14:18:00+00:00,100211.52590899011
2025-07-23 14:19:00+00:00,100215.6201057893
2025-07-23 14:20:00+00:00,100219.86783496846
2025-07-23 14:21:00+00:00,100209.73469789047
2025-07-23 14:22:00+00:00,100201.67424794205
2025-07-23 14:23:00+00:00,100215.5689283293
2025-07-23 14:24:00+00:00,100235.24666169542
2025-07-23 14:25:00+00:00,100240.18528658446
2025-07-23 14:26:00+00:00,100235.09312931546
2025-07-23 14:27:00+00:00,100234.04399138567
2025-07-23 14:28:00+00:00,100239.16173738465
2025-07-23 14:29:00+00:00,100227.41651031697
2025-07-23 14:30:00+00:00,100209.9905851904
2025-07-23 14:31:00+00:00,100193.58820926365
2025-07-23 14:32:00+00:00,100217.6672041889
2025-07-23 14:33:00+00:00,100222.78495018788
2025-07-23 14:34:00+00:00,100179.79588379637
2025-07-23 14:35:00+00:00,100209.19733456057
2025-07-23 14:36:00+00:00,100202.03249016198
2025-07-23 14:37:00+00:00,100222.01728828803
2025-07-23 14:38:00+00:00,100215.03156499942
2025-07-23 14:39:00+00:00,100211.11648931018
2025-07-23 14:40:00+00:00,100211.52590899011
2025-07-23 14:41:00+00:00,100212.01209486001
2025-07-23 14:42:00+00:00,100222.27317558798
2025-07-23 14:43:00+00:00,100196.65885686304
2025-07-23 14:44:00+00:00,100202.82574079183
2025-07-23 14:45:00+00:00,100214.5709678595
2025-07-23 14:46:00+00:00,100219.50959274852
2025-07-23 14:47:00+00:00,100184.32508900548
2025-07-23 14:48:00+00:00,100189.03341532455
2025-07-23 14:49:00+00:00,100184.6833312254
2025-07-23 14:50:00+00:00,100189.21253643451
2025-07-23 14:51:00+00:00,100220.73785178829
2025-07-23 14:52:00+00:00,100212.5750469199
2025-07-23 14:53:00+00:00,100213.36829754974
2025-07-23 14:54:00+00:00,100218.48604354874
2025-07-23 14:55:00+00:00,100205.38461379132
2025-07-23 14:56:00+00:00,100213.0868215198
2025-07-23 14:57:00+00:00,100227.36533285698
2025-07-23 14:58:00+00:00,100237.01228406507
2025-07-23 14:59:00+00:00,100282.15080377617
2025-07-23 15:00:00+00:00,100277.4168887271
2025-07-23 15:01:00+00:00,100289.31564817474
2025-07-23 15:02:00+00:00,100271.91531177818
2025-07-23 15:03:00+00:00,100264.75046737959
2025-07-23 15:04:00+00:00,100233.09720837584
2025-07-23 15:05:00+00:00,100241.72061038415
2025-07-23 15:06:00+00:00,100204.36106459152
2025-07-23 15:07:00+00:00,100222.29876431798
2025-07-23 15:08:00+00:00,100238.03583326488
2025-07-23 15:09:00+00:00,100234.70929836553
2025-07-23 15:10:00+00:00,100219.73989131849
2025-07-23 15:11:00+00:00,100217.181018319
2025-07-23 15:12:00+00:00,100204.64254062147
2025-07-23 15:13:00+00:00,100183.40389472566
2025-07-23 15:14:00+00:00,100182.1756356859
2025-07-23 15:15:00+00:00,100198.68036653264
2025-07-23 15:16:00+00:00,100212.01209486001
2025-07-23 15:17:00+00:00,100196.17267099314
2025-07-23 15:18:00+00:00,100210.37441614033
2025-07-23 15:19:00+00:00,100212.5750469199
2025-07-23 15:20:00+00:00,100226.98150190705
2025-07-23 15:21:00+00:00,100253.44024872183
2025-07-23 15:22:00+00:00,100222.6825952679
2025-07-23 15:23:00+00:00,100244.27948338364
2025-07-23 15:24:00+00:00,100216.41335641914
2025-07-23 15:25:00+00:00,100221.22403765819
2025-07-23 15:26:00+00:00,100224.85763731747
2025-07-23 15:27:00+00:00,100211.52590899011
2025-07-23 15:28:00+00:00,100232.48307885596
2025-07-23 15:29:00+00:00,100246.4801141632
2025-07-23 15:30:00+00:00,100260.37479455046
2025-07-23 15:31:00+00:00,100260.1700847105
2025-07-23 15:32:00+00:00,100268.2561233889
2025-07-23 15:33:00+00:00,100268.63995433883
2025-07-23 15:34:00+00:00,100261.75658597019
2025-07-23 15:35:00+00:00,100271.3523597183
2025-07-23 15:36:00+00:00,100268.92143036878
2025-07-23 15:37:00+00:00,100262.67778025
2025-07-23 15:38:00+00:00,100270.22645559852
2025-07-23 15:39:00+00:00,100269.38202750869
2025-07-23 15:40:00+00:00,100272.42708637808
2025-07-23 15:41:00+00:00,100270.91735130838
2025-07-23 15:42:00+00:00,100278.05660697697
2025-07-23 15:43:00+00:00,100291.33715784435
2025-07-23 15:44:00+00:00,100296.19901654338
2025-07-23 15:45:00+00:00,100283.4814177359
2025-07-23 15:46:00+00:00,100277.3912999971
2025-07-23 15:47:00+00:00,100277.05864650717
2025-07-23 15:48:00+00:00,100287.24296104515
2025-07-23 15:49:00+00:00,100272.42708637808
2025-07-23 15:50:00+00:00,100266.7719770492
2025-07-23 15:51:00+00:00,100275.01154810758
2025-07-23 15:52:00+00:00,100260.65627058041
2025-07-23 15:53:00+00:00,100257.07384838111
2025-07-23 15:54:00+00:00,100327.18696856727
2025-07-23 15:55:00+00:00,100358.37963043111
2025-07-23 15:56:00+00:00,100355.89752362159
2025-07-23 15:57:00+00:00,100355.33457156172
2025-07-23 15:58:00+00:00,100363.0111905602
2025-07-23 15:59:00+00:00,100372.76049668828
2025-07-23 16:00:00+00:00,100330.87174568654
2025-07-23 16:01:00+00:00,100343.53816703404
2025-07-23 16:02:00+00:00,100327.18696856727
2025-07-23 16:03:00+00:00,100324.65368429777
2025-07-23 16:04:00+00:00,100324.21867588785
2025-07-23 16:05:00+00:00,100297.1713882832
2025-07-23 16:06:00+00:00,100319.02416369888
2025-07-23 16:07:00+00:00,100317.87267084912
2025-07-23 16:08:00+00:00,100312.3199164402
2025-07-23 16:09:00+00:00,100289.31564817474
2025-07-23 16:10:00+00:00,100251.98169111212
2025-07-23 16:11:00+00:00,100235.09312931546
2025-07-23 16:12:00+00:00,100224.93440350746
2025-07-23 16:13:00+00:00,100206.40816299111
2025-07-23 16:14:00+00:00,100201.36718318211
2025-07-23 16:15:00+00:00,100204.4122420515
2025-07-23 16:16:00+00:00,100235.50254899537
2025-07-23 16:17:00+00:00,100182.2012244159
2025-07-23 16:18:00+00:00,100181.35679632606
2025-07-23 16:19:00+00:00,100177.1346558769
2025-07-23 16:20:00+00:00,100189.7498997644
2025-07-23 16:21:00+00:00,100180.46119077624
2025-07-23 16:22:00+00:00,100162.8817332697
2025-07-23 16:23:00+00:00,100177.77437412678
2025-07-23 16:24:00+00:00,100156.56131696096
2025-07-23 16:25:00+00:00,100165.4406062692
2025-07-23 16:26:00+00:00,100147.55408400274
2025-07-23 16:27:00+00:00,100181.84298219596
2025-07-23 16:28:00+00:00,100181.1776752161
2025-07-23 16:29:00+00:00,100192.07847419394
2025-07-23 16:30:00+00:00,100155.40982411118
2025-07-23 16:31:00+00:00,100153.18360460163
2025-07-23 16:32:00+00:00,100141.92456340385
2025-07-23 16:33:00+00:00,100148.04026987264
2025-07-23 16:34:00+00:00,100116.02876864896
2025-07-23 16:35:00+00:00,100132.20084600577
2025-07-23 16:36:00+00:00,100154.53980729135
2025-07-23 16:37:00+00:00,100138.98185945443
2025-07-23 16:38:00+00:00,100134.63177535529
2025-07-23 16:39:00+00:00,100135.78326820506
2025-07-23 16:40:00+00:00,100132.5846769557
2025-07-23 16:41:00+00:00,100137.83036660466
2025-07-23 16:42:00+00:00,100158.25017314062
2025-07-23 16:43:00+00:00,100169.09979465848
2025-07-23 16:44:00+00:00,100168.5368425986
2025-07-23 16:45:00+00:00,100156.53572823097
2025-07-23 16:46:00+00:00,100124.52422700729
2025-07-23 16:47:00+00:00,100143.92048434346
2025-07-23 16:48:00+00:00,100158.12222949065
2025-07-23 16:49:00+00:00,100170.94218321811
2025-07-23 16:50:00+00:00,100170.22569877826
2025-07-23 16:51:00+00:00,100174.47342795742
2025-07-23 16:52:00+00:00,100189.90343214438
2025-07-23 16:53:00+00:00,100203.84928999162
2025-07-23 16:54:00+00:00,100169.58598052838
2025-07-23 16:55:00+00:00,100147.04230940284
2025-07-23 16:56:00+00:00,100165.51737245919
2025-07-23 16:57:00+00:00,100154.38627491139
2025-07-23 16:58:00+00:00,100159.83667440031
2025-07-23 16:59:00+00:00,100154.20715380143
2025-07-23 17:00:00+00:00,100160.86022360012
2025-07-23 17:01:00+00:00,100201.75101413204
2025-07-23 17:02:00+00:00,100178.79792332657
2025-07-23 17:03:00+00:00,100185.52775931524
2025-07-23 17:04:00+00:00,100179.79588379637
2025-07-23 17:05:00+00:00,100172.65662812778
2025-07-23 17:06:00+00:00,100169.61156925838
2025-07-23 17:07:00+00:00,100145.50698560313
2025-07-23 17:08:00+00:00,100110.98778883996
2025-07-23 17:09:00+00:00,100113.03488723956
2025-07-23 17:10:00+00:00,100127.13427746677
2025-07-23 17:11:00+00:00,100120.4300302081
2025-07-23 17:12:00+00:00,100107.14947934072
2025-07-23 17:13:00+00:00,100098.96108574234
2025-07-23 17:14:00+00:00,100113.8281378694
2025-07-23 17:15:00+00:00,100106.86800331077
2025-07-23 17:16:00+00:00,100108.14743981052
2025-07-23 17:17:00+00:00,100106.81682585078
2025-07-23 17:18:00+00:00,100074.44708240718
2025-07-23 17:19:00+00:00,100060.6547569399
2025-07-23 17:20:00+00:00,100058.01911775042
2025-07-23 17:21:00+00:00,100074.21678383721
2025-07-23 17:22:00+00:00,100117.3337938787
2025-07-23 17:23:00+00:00,100177.67201920679
2025-07-23 17:24:00+00:00,100180.89619918616
2025-07-23 17:25:00+00:00,100175.70168699717
2025-07-23 17:26:00+00:00,100160.78345741013
2025-07-23 17:27:00+00:00,100137.77918914467
2025-07-23 17:28:00+00:00,100144.1763716434
2025-07-23 17:29:00+00:00,100134.75971900526
2025-07-23 17:30:00+00:00,100096.91398734273
2025-07-23 17:31:00+00:00,100096.32544655286
2025-07-23 17:32:00+00:00,100121.32563575791
2025-07-23 17:33:00+00:00,100182.32916806587
2025-07-23 17:34:00+00:00,100181.89415965596
2025-07-23 17:35:00+00:00,100163.4446853296
2025-07-23 17:36:00+00:00,100146.47935734295
2025-07-23 17:37:00+00:00,100139.57040024431
2025-07-23 17:38:00+00:00,100138.31655247456
2025-07-23 17:39:00+00:00,100158.3781167906
2025-07-23 17:40:00+00:00,100157.20103521083
2025-07-23 17:41:00+00:00,100174.67813779738
2025-07-23 17:42:00+00:00,100179.51440776643
2025-07-23 17:43:00+00:00,100180.81943299617
2025-07-23 17:44:00+00:00,100189.03341532455
2025-07-23 17:45:00+00:00,100186.96072819496
2025-07-23 17:46:00+00:00,100207.66201076086
2025-07-23 17:47:00+00:00,100199.24331859253
2025-07-23 17:48:00+00:00,100182.84094266576
2025-07-23 17:49:00+00:00,100187.98427739475
2025-07-23 17:50:00+00:00,100176.39258270705
2025-07-23 17:51:00+00:00,100159.93902932029
2025-07-23 17:52:00+00:00,100194.89323449339
2025-07-23 17:53:00+00:00,100191.82258689399
2025-07-23 17:54:00+00:00,100195.14912179334
2025-07-23 17:55:00+00:00,100219.07458433861
2025-07-23 17:56:00+00:00,100232.89249853589
2025-07-23 17:57:00+00:00,100235.09312931546
2025-07-23 17:58:00+00:00,100241.74619911413
2025-07-23 17:59:00+00:00,100262.67778025
2025-07-23 18:00:00+00:00,100268.35847830889
2025-07-23 18:01:00+00:00,100235.52813772537
2025-07-23 18:02:00+00:00,100262.67778025
2025-07-23 18:03:00+00:00,100254.0287895117
2025-07-23 18:04:00+00:00,100285.73322597545
2025-07-23 18:05:00+00:00,100280.07811664656
2025-07-23 18:06:00+00:00,100278.05660697697
2025-07-23 18:07:00+00:00,100272.93886097797
2025-07-23 18:08:00+00:00,100281.12725457636
2025-07-23 18:09:00+00:00,100291.33715784435
2025-07-23 18:10:00+00:00,100264.26428150969
2025-07-23 18:11:00+00:00,100270.3799879785
2025-07-23 18:12:00+00:00,100249.37164065264
2025-07-23 18:13:00+00:00,100244.27948338364
2025-07-23 18:14:00+00:00,100257.35532441107
2025-07-23 18:15:00+00:00,100266.79756577918
2025-07-23 18:16:00+00:00,100257.09943711112
2025-07-23 18:17:00+00:00,100254.97557252152
2025-07-23 18:18:00+00:00,100237.65200231495
2025-07-23 18:19:00+00:00,100247.32454225303
2025-07-23 18:20:00+00:00,100256.56207378121
2025-07-23 18:21:00+00:00,100247.35013098303
2025-07-23 18:22:00+00:00,100264.92958848955
2025-07-23 18:23:00+00:00,100277.00746904718
2025-07-23 18:24:00+00:00,100297.93905018305
2025-07-23 18:25:00+00:00,100296.99226717323
2025-07-23 18:26:00+00:00,100287.14060612518
2025-07-23 18:27:00+00:00,100282.17639250615
2025-07-23 18:28:00+00:00,100294.20309560378
2025-07-23 18:29:00+00:00,100270.99411749837
2025-07-23 18:30:00+00:00,100256.07588791131
2025-07-23 18:31:00+00:00,100276.00950857738
2025-07-23 18:32:00+00:00,100290.33919737455
2025-07-23 18:33:00+00:00,100275.98391984738
2025-07-23 18:34:00+00:00,100284.17231344576
2025-07-23 18:35:00+00:00,100287.57561453509
2025-07-23 18:36:00+00:00,100269.86821337859
2025-07-23 18:37:00+00:00,100276.26539587733
2025-07-23 18:38:00+00:00,100280.61547997646
2025-07-23 18:39:00+00:00,100287.78032437505
2025-07-23 18:40:00+00:00,100295.45694337353
2025-07-23 18:41:00+00:00,100296.73637987328
2025-07-23 18:42:00+00:00,100306.51127473135
2025-07-23 18:43:00+00:00,100295.71283067348
2025-07-23 18:44:00+00:00,100276.52128317728
2025-07-23 18:45:00+00:00,100298.47641351294
2025-07-23 18:46:00+00:00,100306.81833949129
2025-07-23 18:47:00+00:00,100302.13560190222
2025-07-23 18:48:00+00:00,100306.63921838133
2025-07-23 18:49:00+00:00,100319.66388194876
2025-07-23 18:50:00+00:00,100309.53074487075
2025-07-23 18:51:00+00:00,100299.03936557283
2025-07-23 18:52:00+00:00,100308.7886717009
2025-07-23 18:53:00+00:00,100306.71598457132
2025-07-23 18:54:00+00:00,100319.02416369888
2025-07-23 18:55:00+00:00,100317.4120737092
2025-07-23 18:56:00+00:00,100317.94943703909
2025-07-23 18:57:00+00:00,100317.20736386924
2025-07-23 18:58:00+00:00,100317.94943703909
2025-07-23 18:59:00+00:00,100325.06310397768
2025-07-23 19:00:00+00:00,100331.6394075864
2025-07-23 19:01:00+00:00,100316.69558926934
2025-07-23 19:02:00+00:00,100331.25557663647
2025-07-23 19:03:00+00:00,100328.87582474694
2025-07-23 19:04:00+00:00,100318.9985749689
2025-07-23 19:05:00+00:00,100327.69874316716
2025-07-23 19:06:00+00:00,100329.79701902675
2025-07-23 19:07:00+00:00,100337.90864643516
2025-07-23 19:08:00+00:00,100321.91569018831
2025-07-23 19:09:00+00:00,100307.53482393114
2025-07-23 19:10:00+00:00,100316.51646815937
2025-07-23 19:11:00+00:00,100334.86358756575
2025-07-23 19:12:00+00:00,100338.82984071497
2025-07-23 19:13:00+00:00,100321.76215780833
2025-07-23 19:14:00+00:00,100315.49291895959
2025-07-23 19:15:00+00:00,100283.19994170596
2025-07-23 19:16:00+00:00,100298.52759097292
2025-07-23 19:17:00+00:00,100301.06087524243
2025-07-23 19:18:00+00:00,100339.39279277486
2025-07-23 19:19:00+00:00,100337.1153958053
2025-07-23 19:20:00+00:00,100338.625130875
2025-07-23 19:21:00+00:00,100334.30063550586
2025-07-23 19:22:00+00:00,100328.61993744699
2025-07-23 19:23:00+00:00,100317.43766243919
2025-07-23 19:24:00+00:00,100316.49087942939
2025-07-23 19:25:00+00:00,100303.61974824192
2025-07-23 19:26:00+00:00,100316.97706529929
2025-07-23 19:27:00+00:00,100326.67519396737
2025-07-23 19:28:00+00:00,100325.08869270768
2025-07-23 19:29:00+00:00,100319.51034956878
2025-07-23 19:30:00+00:00,100289.67389039468
2025-07-23 19:31:00+00:00,100295.96871797343
2025-07-23 19:32:00+00:00,100298.6811233529
2025-07-23 19:33:00+00:00,100298.52759097292
2025-07-23 19:34:00+00:00,100299.55114017273
2025-07-23 19:35:00+00:00,100311.2963672404
2025-07-23 19:36:00+00:00,100302.98002999205
2025-07-23 19:37:00+00:00,100298.50200224292
2025-07-23 19:38:00+00:00,100326.0610644475
2025-07-23 19:39:00+00:00,100316.64441180935
2025-07-23 19:40:00+00:00,100307.7395337711
2025-07-23 19:41:00+00:00,100305.15507204161
2025-07-23 19:42:00+00:00,100298.52759097292
2025-07-23 19:43:00+00:00,100318.17973560904
2025-07-23 19:44:00+00:00,100298.55317970293
2025-07-23 19:45:00+00:00,100314.08553880986
2025-07-23 19:46:00+00:00,100315.92792736948
2025-07-23 19:47:00+00:00,100322.52981970819
2025-07-23 19:48:00+00:00,100335.27300724568
2025-07-23 19:49:00+00:00,100340.13486594471
2025-07-23 19:50:00+00:00,100324.9607490577
2025-07-23 19:51:00+00:00,100313.8808289699
2025-07-23 19:52:00+00:00,100325.75399968756
2025-07-23 19:53:00+00:00,100329.20847823686
2025-07-23 19:54:00+00:00,100307.2277591712
2025-07-23 19:55:00+00:00,100311.19401232043
2025-07-23 19:56:00+00:00,100323.11836049808
2025-07-23 19:57:00+00:00,100332.0488272663
2025-07-23 19:58:00+00:00,100326.16341936747
2025-07-23 19:59:00+00:00,100326.13783063747
2025-07-23 20:00:00+00:00,100332.30471456626
2025-07-23 20:01:00+00:00,100339.29043785488
2025-07-23 20:02:00+00:00,100352.67334364224
2025-07-23 20:03:00+00:00,100312.24315025021
2025-07-23 20:04:00+00:00,100315.9023386395
2025-07-23 20:05:00+00:00,100304.66888617171
2025-07-23 20:06:00+00:00,100307.7395337711
2025-07-23 20:07:00+00:00,100313.8808289699
2025-07-23 20:08:00+00:00,100307.71394504112
2025-07-23 20:09:00+00:00,100312.3199164402
2025-07-23 20:10:00+00:00,100317.8982595791
2025-07-23 20:11:00+00:00,100346.53204844345
2025-07-23 20:12:00+00:00,100329.74584156676
2025-07-23 20:13:00+00:00,100330.79497949655
2025-07-23 20:14:00+00:00,100348.96297779297
2025-07-23 20:15:00+00:00,100347.14617796332
2025-07-23 20:16:00+00:00,100329.23406696686
2025-07-23 20:17:00+00:00,100332.33030329626
2025-07-23 20:18:00+00:00,100316.18381466944
2025-07-23 20:19:00+00:00,100311.8337305703
2025-07-23 20:20:00+00:00,100309.37721249078
2025-07-23 20:21:00+00:00,100310.19605185062
2025-07-23 20:22:00+00:00,100326.13783063747
2025-07-23 20:23:00+00:00,100325.11428143768
2025-07-23 20:24:00+00:00,100327.16137983727
2025-07-23 20:25:00+00:00,100298.52759097292
2025-07-23 20:26:00+00:00,100247.37571971303
2025-07-23 20:27:00+00:00,100223.06642621783
2025-07-23 20:28:00+00:00,100239.16173738465
2025-07-23 20:29:00+00:00,100237.65200231495
2025-07-23 20:30:00+00:00,100245.32862131344
2025-07-23 20:31:00+00:00,100207.43171219091
2025-07-23 20:32:00+00:00,100190.69668277423
2025-07-23 20:33:00+00:00,100180.43560204624
2025-07-23 20:34:00+00:00,100143.94607307344
2025-07-23 20:35:00+00:00,100137.31859200475
2025-07-23 20:36:00+00:00,100175.47138842722
2025-07-23 20:37:00+00:00,100159.32489980041
2025-07-23 20:38:00+00:00,100186.96072819496
2025-07-23 20:39:00+00:00,100127.92752809661
2025-07-23 20:40:00+00:00,100147.80997130269
2025-07-23 20:41:00+00:00,100146.53053480294
2025-07-23 20:42:00+00:00,100152.16005540182
2025-07-23 20:43:00+00:00,100169.0486171985
2025-07-23 20:44:00+00:00,100198.19418066274
2025-07-23 20:45:00+00:00,100189.13577024452
2025-07-23 20:46:00+00:00,100199.47361716248
2025-07-23 20:47:00+00:00,100209.96499646042
2025-07-23 20:48:00+00:00,100220.22607718839
2025-07-23 20:49:00+00:00,100182.63623282581
2025-07-23 20:50:00+00:00,100190.03137579435
2025-07-23 20:51:00+00:00,100189.00782659455
2025-07-23 20:52:00+00:00,100211.47473153012
2025-07-23 20:53:00+00:00,100219.07458433861
2025-07-23 20:54:00+00:00,100240.56911753437
2025-07-23 20:55:00+00:00,100205.38461379132
2025-07-23 20:56:00+00:00,100209.45322186052
2025-07-23 20:57:00+00:00,100209.47881059052
2025-07-23 20:58:00+00:00,100216.15746911919
2025-07-23 20:59:00+00:00,100201.11129588216
2025-07-23 21:00:00+00:00,100213.72653976968
2025-07-23 21:01:00+00:00,100208.81350361064
2025-07-23 21:02:00+00:00,100212.6006356499
2025-07-23 21:03:00+00:00,100224.80645985749
2025-07-23 21:04:00+00:00,100226.85355825708
2025-07-23 21:05:00+00:00,100219.43282655854
2025-07-23 21:06:00+00:00,100223.37349097777
2025-07-23 21:07:00+00:00,100214.1103707196
2025-07-23 21:08:00+00:00,100222.29876431798
2025-07-23 21:09:00+00:00,100224.16674160761
2025-07-23 21:10:00+00:00,100208.45526139071
2025-07-23 21:11:00+00:00,100214.49420166953
2025-07-23 21:12:00+00:00,100217.6672041889
2025-07-23 21:13:00+00:00,100227.92828491687
2025-07-23 21:14:00+00:00,100238.13818818485
2025-07-23 21:15:00+00:00,100223.29672478778
2025-07-23 21:16:00+00:00,100208.86468107064
2025-07-23 21:17:00+00:00,100206.91993759101
2025-07-23 21:18:00+00:00,100164.4426457994
2025-07-23 21:19:00+00:00,100139.90305373425
2025-07-23 21:20:00+00:00,100144.99521100325
2025-07-23 21:21:00+00:00,100155.25629173122
2025-07-23 21:22:00+00:00,100150.11295700223
2025-07-23 21:23:00+00:00,100135.50179217511
2025-07-23 21:24:00+00:00,100128.59283507647
2025-07-23 21:25:00+00:00,100112.80458866959
2025-07-23 21:26:00+00:00,100081.33045077581
2025-07-23 21:27:00+00:00,100105.56297808103
2025-07-23 21:28:00+00:00,100096.32544655286
2025-07-23 21:29:00+00:00,100113.70019421942
2025-07-23 21:30:00+00:00,100147.7587938427
2025-07-23 21:31:00+00:00,100143.99725053344
2025-07-23 21:32:00+00:00,100159.32489980041
2025-07-23 21:33:00+00:00,100147.93791495266
2025-07-23 21:34:00+00:00,100148.04026987264
2025-07-23 21:35:00+00:00,100131.10053061598
2025-07-23 21:36:00+00:00,100110.22012694011
2025-07-23 21:37:00+00:00,100081.53516061578
2025-07-23 21:38:00+00:00,100123.70538764744
2025-07-23 21:39:00+00:00,100188.08663231473
2025-07-23 21:40:00+00:00,100181.84298219596
2025-07-23 21:41:00+00:00,100202.28837746193
2025-07-23 21:42:00+00:00,100212.6006356499
2025-07-23 21:43:00+00:00,100204.36106459152
2025-07-23 21:44:00+00:00,100186.93513946496
2025-07-23 21:45:00+00:00,100197.78476098282
2025-07-23 21:46:00+00:00,100219.40723782855
2025-07-23 21:47:00+00:00,100215.5945170593
2025-07-23 21:48:00+00:00,100236.4237432752
2025-07-23 21:49:00+00:00,100243.74212005374
2025-07-23 21:50:00+00:00,100243.74212005374
2025-07-23 21:51:00+00:00,100246.0706944833
2025-07-23 21:52:00+00:00,100246.04510575329
2025-07-23 21:53:00+00:00,100256.79237235116
2025-07-23 21:54:00+00:00,100263.1895548499
2025-07-23 21:55:00+00:00,100271.3267709883
2025-07-23 21:56:00+00:00,100271.3779484483
2025-07-23 21:57:00+00:00,100271.3779484483
2025-07-23 21:58:00+00:00,100256.79237235116
2025-07-23 21:59:00+00:00,100273.96241017777
2025-07-23 22:00:00+00:00,100242.23238498405
2025-07-23 22:01:00+00:00,100240.69706118434
2025-07-23 22:02:00+00:00,100233.17397456584
2025-07-23 22:03:00+00:00,100217.6416154589
2025-07-23 22:04:00+00:00,100248.37368018283
2025-07-23 22:05:00+00:00,100239.64792325455
2025-07-23 22:06:00+00:00,100255.64087950138
2025-07-23 22:07:00+00:00,100271.3523597183
2025-07-23 22:08:00+00:00,100283.66053884586
2025-07-23 22:09:00+00:00,100294.20309560378
2025-07-23 22:10:00+00:00,100287.37090469513
2025-07-23 22:11:00+00:00,100284.19790217576
2025-07-23 22:12:00+00:00,100291.23480292436
2025-07-23 22:13:00+00:00,100307.71394504112
2025-07-23 22:14:00+00:00,100301.06087524243
2025-07-23 22:15:00+00:00,100304.66888617171
2025-07-23 22:16:00+00:00,100313.11316707004
2025-07-23 22:17:00+00:00,100284.73526550565
2025-07-23 22:18:00+00:00,100300.72822175249
2025-07-23 22:19:00+00:00,100309.45397868077
2025-07-23 22:20:00+00:00,100319.68947067874
2025-07-23 22:21:00+00:00,100317.3864849792
2025-07-23 22:22:00+00:00,100313.47140928998
2025-07-23 22:23:00+00:00,100325.4981123876
2025-07-23 22:24:00+00:00,100331.28116536647
2025-07-23 22:25:00+00:00,100337.42246056524
2025-07-23 22:26:00+00:00,100339.44397023485
2025-07-23 22:27:00+00:00,100331.81852869636
2025-07-23 22:28:00+00:00,100337.93423516514
2025-07-23 22:29:00+00:00,100377.95500887724
2025-07-23 22:30:00+00:00,100382.97039995625
2025-07-23 22:31:00+00:00,100365.46770863971
2025-07-23 22:32:00+00:00,100370.73898701867
2025-07-23 22:33:00+00:00,100368.12893655918
2025-07-23 22:34:00+00:00,100381.87008456647
2025-07-23 22:35:00+00:00,100378.21089617719
2025-07-23 22:36:00+00:00,100379.38797775697
2025-07-23 22:37:00+00:00,100367.69392814927
2025-07-23 22:38:00+00:00,100358.76346138104
2025-07-23 22:39:00+00:00,100365.05828895979
2025-07-23 22:40:00+00:00,100365.59565228969
2025-07-23 22:41:00+00:00,100375.77996682767
2025-07-23 22:42:00+00:00,100372.73490795828
2025-07-23 22:43:00+00:00,100375.24260349778
2025-07-23 22:44:00+00:00,100374.78200635787
2025-07-23 22:45:00+00:00,100373.5537473181
2025-07-23 22:46:00+00:00,100373.24668255818
2025-07-23 22:47:00+00:00,100378.33883982716
2025-07-23 22:48:00+00:00,100378.33883982716
2025-07-23 22:49:00+00:00,100380.56505933673
2025-07-23 22:50:00+00:00,100383.2774647162
2025-07-23 22:51:00+00:00,100383.45658582615
2025-07-23 22:52:00+00:00,100380.00210727684
2025-07-23 22:53:00+00:00,100366.59361275949
2025-07-23 22:54:00+00:00,100352.77569856221
2025-07-23 22:55:00+00:00,100353.3642393521
2025-07-23 22:56:00+00:00,100352.77569856221
2025-07-23 22:57:00+00:00,100355.74399124163
2025-07-23 22:58:00+00:00,100369.48513924892
2025-07-23 22:59:00+00:00,100372.19754462838
2025-07-23 23:00:00+00:00,100377.59676665731
2025-07-23 23:01:00+00:00,100383.45658582615
2025-07-23 23:02:00+00:00,100385.01749835585
2025-07-23 23:03:00+00:00,100384.86396597588
2025-07-23 23:04:00+00:00,100400.60103492277
2025-07-23 23:05:00+00:00,100397.50479859338
2025-07-23 23:06:00+00:00,100400.54985746279
2025-07-23 23:07:00+00:00,100398.86100128312
2025-07-23 23:08:00+00:00,100401.88047142251
2025-07-23 23:09:00+00:00,100403.41579522222
2025-07-23 23:10:00+00:00,100399.37277588302
2025-07-23 23:11:00+00:00,100401.88047142251
2025-07-23 23:12:00+00:00,100403.44138395222
2025-07-23 23:13:00+00:00,100407.66352440137
2025-07-23 23:14:00+00:00,100402.23871364245
2025-07-23 23:15:00+00:00,100390.49348657476
2025-07-23 23:16:00+00:00,100392.69411735433
2025-07-23 23:17:00+00:00,100393.71766655413
2025-07-23 23:18:00+00:00,100397.78627462333
2025-07-23 23:19:00+00:00,100393.8967876641
2025-07-23 23:20:00+00:00,100398.32363795322
2025-07-23 23:21:00+00:00,100402.41783475241
2025-07-23 23:22:00+00:00,100394.76680448392
2025-07-23 23:23:00+00:00,100373.22109382818
2025-07-23 23:24:00+00:00,100371.71135875848
2025-07-23 23:25:00+00:00,100361.4758667605
2025-07-23 23:26:00+00:00,100375.42172460775
2025-07-23 23:27:00+00:00,100382.50980281635
2025-07-23 23:28:00+00:00,100394.28061861402
2025-07-23 23:29:00+00:00,100385.55486168574
2025-07-23 23:30:00+00:00,100370.71339828867
2025-07-23 23:31:00+00:00,100357.38166996131
2025-07-23 23:32:00+00:00,100347.14617796332
2025-07-23 23:33:00+00:00,100356.8443066314
2025-07-23 23:34:00+00:00,100370.0736800388
2025-07-23 23:35:00+00:00,100375.1914260378
2025-07-23 23:36:00+00:00,100366.10742688959
2025-07-23 23:37:00+00:00,100383.2006985262
2025-07-23 23:38:00+00:00,100380.89771282666
2025-07-23 23:39:00+00:00,100374.24464302798
2025-07-23 23:40:00+00:00,100388.08814595525
2025-07-23 23:41:00+00:00,100388.08814595525
2025-07-23 23:42:00+00:00,100374.93553873785
2025-07-23 23:43:00+00:00,100365.33976498974
2025-07-23 23:44:00+00:00,100370.0736800388
2025-07-23 23:45:00+00:00,100360.32437391073
2025-07-23 23:46:00+00:00,100356.51165314148
2025-07-23 23:47:00+00:00,100355.33457156172
2025-07-23 23:48:00+00:00,100353.28747316211
2025-07-23 23:49:00+00:00,100350.2680030227
2025-07-23 23:50:00+00:00,100350.2935917527
2025-07-23 23:51:00+00:00,100349.21886509292
2025-07-23 23:52:00+00:00,100344.10111909393
2025-07-23 23:53:00+00:00,100342.43785164427
2025-07-23 23:54:00+00:00,100358.891405031
2025-07-23 23:55:00+00:00,100370.96928558862
2025-07-23 23:56:00+00:00,100391.13320482464
2025-07-23 23:57:00+00:00,100390.3143654648
2025-07-23 23:58:00+00:00,100410.60622835079
2025-07-23 23:59:00+00:00,100418.76903321919
2025-07-24 00:00:00+00:00,100403.51815014219
2025-07-24 00:01:00+00:00,100396.60919304357
2025-07-24 00:02:00+00:00,100416.21016021969
2025-07-24 00:03:00+00:00,100396.66037050355
2025-07-24 00:04:00+00:00,100386.57841088554
2025-07-24 00:05:00+00:00,100378.39001728717
2025-07-24 00:06:00+00:00,100381.94685075646
2025-07-24 00:07:00+00:00,100410.22239740088
2025-07-24 00:08:00+00:00,100410.35034105084
2025-07-24 00:09:00+00:00,100410.35034105084
2025-07-24 00:10:00+00:00,100411.29712406066
2025-07-24 00:11:00+00:00,100425.16621571792
2025-07-24 00:12:00+00:00,100420.32994574888
2025-07-24 00:13:00+00:00,100424.91032841797
2025-07-24 00:14:00+00:00,100414.16306182009
2025-07-24 00:15:00+00:00,100398.80982382313
2025-07-24 00:16:00+00:00,100411.1180029507
2025-07-24 00:17:00+00:00,100414.08629563011
2025-07-24 00:18:00+00:00,100423.17029477832
2025-07-24 00:19:00+00:00,100451.88084983264
2025-07-24 00:20:00+00:00,100461.34867993079
2025-07-24 00:21:00+00:00,100462.39781786056
2025-07-24 00:22:00+00:00,100464.34256134019
2025-07-24 00:23:00+00:00,100451.06201047282
2025-07-24 00:24:00+00:00,100460.222775811
2025-07-24 00:25:00+00:00,100452.57174554252
2025-07-24 00:26:00+00:00,100440.77534101484
2025-07-24 00:27:00+00:00,100442.84802814444
2025-07-24 00:28:00+00:00,100454.43972283215
2025-07-24 00:29:00+00:00,100483.27822153644
2025-07-24 00:30:00+00:00,100459.60864629112
2025-07-24 00:31:00+00:00,100484.35294819623
2025-07-24 00:32:00+00:00,100490.44306593503
2025-07-24 00:33:00+00:00,100491.38984894485
2025-07-24 00:34:00+00:00,100502.06034935275
2025-07-24 00:35:00+00:00,100502.18829300272
2025-07-24 00:36:00+00:00,100490.69895323498
2025-07-24 00:37:00+00:00,100499.62942000321
2025-07-24 00:38:00+00:00,100512.67967230064
2025-07-24 00:39:00+00:00,100506.2824898019
2025-07-24 00:40:00+00:00,100501.13915507292
2025-07-24 00:41:00+00:00,100506.2824898019
2025-07-24 00:42:00+00:00,100498.63145953341
2025-07-24 00:43:00+00:00,100494.53726273423
2025-07-24 00:44:00+00:00,100493.94872194434
2025-07-24 00:45:00+00:00,100458.73862947129
2025-07-24 00:46:00+00:00,100472.01918033867
2025-07-24 00:47:00+00:00,100476.49720808779
2025-07-24 00:48:00+00:00,100478.82578251732
2025-07-24 00:49:00+00:00,100488.37037880544
2025-07-24 00:50:00+00:00,100496.66112732381
2025-07-24 00:51:00+00:00,100492.49016433462
2025-07-24 00:52:00+00:00,100500.26913825309
2025-07-24 00:53:00+00:00,100499.96207349315
2025-07-24 00:54:00+00:00,100495.33051336407
2025-07-24 00:55:00+00:00,100495.1258035241
2025-07-24 00:56:00+00:00,100482.20349487665
2025-07-24 00:57:00+00:00,100490.49424339502
2025-07-24 00:58:00+00:00,100492.72046290457
2025-07-24 00:59:00+00:00,100495.43286828404
2025-07-24 01:00:00+00:00,100491.00601799492
2025-07-24 01:01:00+00:00,100483.4573426464
2025-07-24 01:02:00+00:00,100492.31104322466
2025-07-24 01:03:00+00:00,100493.48812480443
2025-07-24 01:04:00+00:00,100483.30381026644
2025-07-24 01:05:00+00:00,100481.20553440685
2025-07-24 01:06:00+00:00,100490.26394482507
2025-07-24 01:07:00+00:00,100458.7130407413
2025-07-24 01:08:00+00:00,100448.34960509335
2025-07-24 01:09:00+00:00,100452.52056808252
2025-07-24 01:10:00+00:00,100452.23909205258
2025-07-24 01:11:00+00:00,100447.40282208353
2025-07-24 01:12:00+00:00,100445.38131241393
2025-07-24 01:13:00+00:00,100443.46215766431
2025-07-24 01:14:00+00:00,100444.35776321412
2025-07-24 01:15:00+00:00,100444.94630400401
2025-07-24 01:16:00+00:00,100455.6679818719
2025-07-24 01:17:00+00:00,100447.0957573236
2025-07-24 01:18:00+00:00,100478.64666140736
2025-07-24 01:19:00+00:00,100471.4050508188
2025-07-24 01:20:00+00:00,100485.68356215597
2025-07-24 01:21:00+00:00,100483.76440740636
2025-07-24 01:22:00+00:00,100466.38965973978
2025-07-24 01:23:00+00:00,100470.99563113888
2025-07-24 01:24:00+00:00,100481.35906678683
2025-07-24 01:25:00+00:00,100470.48385653898
2025-07-24 01:26:00+00:00,100469.23000876923
2025-07-24 01:27:00+00:00,100473.52891540837
2025-07-24 01:28:00+00:00,100481.71730900675
2025-07-24 01:29:00+00:00,100470.48385653898
2025-07-24 01:30:00+00:00,100458.12449995142
2025-07-24 01:31:00+00:00,100469.20442003923
2025-07-24 01:32:00+00:00,100452.5973342725
2025-07-24 01:33:00+00:00,100462.32105167059
2025-07-24 01:34:00+00:00,100448.88696842323
2025-07-24 01:35:00+00:00,100446.32809542374
2025-07-24 01:36:00+00:00,100427.13654792754
2025-07-24 01:37:00+00:00,100457.1521282116
2025-07-24 01:38:00+00:00,100472.47977747858
2025-07-24 01:39:00+00:00,100478.87695997732
2025-07-24 01:40:00+00:00,100463.2678346804
2025-07-24 01:41:00+00:00,100478.64666140736
2025-07-24 01:42:00+00:00,100487.85860420554
2025-07-24 01:43:00+00:00,100471.55858319876
2025-07-24 01:44:00+00:00,100476.82986157772
2025-07-24 01:45:00+00:00,100480.9496471069
2025-07-24 01:46:00+00:00,100478.62107267737
2025-07-24 01:47:00+00:00,100471.76329303872
2025-07-24 01:48:00+00:00,100489.39392800524
2025-07-24 01:49:00+00:00,100493.00193893453
2025-07-24 01:50:00+00:00,100500.16678333312
2025-07-24 01:51:00+00:00,100503.72361680241
2025-07-24 01:52:00+00:00,100497.65908779361
2025-07-24 01:53:00+00:00,100499.11764540331
2025-07-24 01:54:00+00:00,100499.14323413331
2025-07-24 01:55:00+00:00,100499.11764540331
2025-07-24 01:56:00+00:00,100503.3141971225
2025-07-24 01:57:00+00:00,100506.3080785319
2025-07-24 01:58:00+00:00,100506.84544186179
2025-07-24 01:59:00+00:00,100501.7276958628
2025-07-24 02:00:00+00:00,100496.07258653392
2025-07-24 02:01:00+00:00,100498.91293556336
2025-07-24 02:02:00+00:00,100496.58436113382
2025-07-24 02:03:00+00:00,100489.95688006513
2025-07-24 02:04:00+00:00,100479.26079092725
2025-07-24 02:05:00+00:00,100469.15324257924
2025-07-24 02:06:00+00:00,100488.75420975537
2025-07-24 02:07:00+00:00,100483.30381026644
2025-07-24 02:08:00+00:00,100471.86564795871
2025-07-24 02:09:00+00:00,100462.37222913057
2025-07-24 02:10:00+00:00,100462.80723754049
2025-07-24 02:11:00+00:00,100455.23297346199
2025-07-24 02:12:00+00:00,100463.31901214039
2025-07-24 02:13:00+00:00,100463.34460087039
2025-07-24 02:14:00+00:00,100466.7990794197
2025-07-24 02:15:00+00:00,100455.181796002
2025-07-24 02:16:00+00:00,100444.89512654403
2025-07-24 02:17:00+00:00,100441.82447894463
2025-07-24 02:18:00+00:00,100443.38539147432
2025-07-24 02:19:00+00:00,100443.87157734422
2025-07-24 02:20:00+00:00,100443.87157734422
2025-07-24 02:21:00+00:00,100441.82447894463
2025-07-24 02:22:00+00:00,100440.82651847483
2025-07-24 02:23:00+00:00,100440.77534101484
2025-07-24 02:24:00+00:00,100429.90013076698
2025-07-24 02:25:00+00:00,100445.17660257398
2025-07-24 02:26:00+00:00,100437.73028214544
2025-07-24 02:27:00+00:00,100432.17752773654
2025-07-24 02:28:00+00:00,100434.65963454604
2025-07-24 02:29:00+00:00,100445.30454622395
2025-07-24 02:30:00+00:00,100450.03846127301
2025-07-24 02:31:00+00:00,100464.62403737013
2025-07-24 02:32:00+00:00,100455.6423931419
2025-07-24 02:33:00+00:00,100450.52464714291
2025-07-24 02:34:00+00:00,100458.6874520113
2025-07-24 02:35:00+00:00,100462.32105167059
2025-07-24 02:36:00+00:00,100478.64666140736
2025-07-24 02:37:00+00:00,100466.41524846977
2025-07-24 02:38:00+00:00,100467.56674131955
2025-07-24 02:39:00+00:00,100462.29546294059
2025-07-24 02:40:00+00:00,100467.20849909962
2025-07-24 02:41:00+00:00,100464.36815007018
2025-07-24 02:42:00+00:00,100467.92498353947
2025-07-24 02:43:00+00:00,100480.69375980695
2025-07-24 02:44:00+00:00,100490.82689688496
2025-07-24 02:45:00+00:00,100498.34998350347
2025-07-24 02:46:00+00:00,100497.96615255355
2025-07-24 02:47:00+00:00,100499.09205667333
2025-07-24 02:48:00+00:00,100493.07870512451
2025-07-24 02:49:00+00:00,100480.74493726695
2025-07-24 02:50:00+00:00,100482.40820471662
2025-07-24 02:51:00+00:00,100471.04680859885
2025-07-24 02:52:00+00:00,100466.38965973978
2025-07-24 02:53:00+00:00,100472.42860001858
2025-07-24 02:54:00+00:00,100463.72843182032
2025-07-24 02:55:00+00:00,100473.83598016831
2025-07-24 02:56:00+00:00,100474.62923079815
2025-07-24 02:57:00+00:00,100475.11541666806
2025-07-24 02:58:00+00:00,100463.31901214039
2025-07-24 02:59:00+00:00,100471.48181700878
2025-07-24 03:00:00+00:00,100469.46030733918
2025-07-24 03:01:00+00:00,100464.18902896022
2025-07-24 03:02:00+00:00,100467.41320893957
2025-07-24 03:03:00+00:00,100474.29657730821
2025-07-24 03:04:00+00:00,100486.37445786584
2025-07-24 03:05:00+00:00,100478.67225013736
2025-07-24 03:06:00+00:00,100479.38873457722
2025-07-24 03:07:00+00:00,100465.98024005986
2025-07-24 03:08:00+00:00,100466.7990794197
2025-07-24 03:09:00+00:00,100462.83282627049
2025-07-24 03:10:00+00:00,100472.71007604853
2025-07-24 03:11:00+00:00,100482.84321312653
2025-07-24 03:12:00+00:00,100474.60364206816
2025-07-24 03:13:00+00:00,100480.07963028707
2025-07-24 03:14:00+00:00,100482.61291455658
2025-07-24 03:15:00+00:00,100486.34886913584
2025-07-24 03:16:00+00:00,100489.18921816528
2025-07-24 03:17:00+00:00,100491.23631656487
2025-07-24 03:18:00+00:00,100493.28341496448
2025-07-24 03:19:00+00:00,100489.5730491152
2025-07-24 03:20:00+00:00,100488.93333086533
2025-07-24 03:21:00+00:00,100489.01009705532
2025-07-24 03:22:00+00:00,100493.25782623448
2025-07-24 03:23:00+00:00,100498.55469334344
2025-07-24 03:24:00+00:00,100512.44937373069
2025-07-24 03:25:00+00:00,100509.3787261313
2025-07-24 03:26:00+00:00,100536.47719119594
2025-07-24 03:27:00+00:00,100538.44752340556
2025-07-24 03:28:00+00:00,100541.59493719492
2025-07-24 03:29:00+00:00,100544.69117352432
2025-07-24 03:30:00+00:00,100510.40227533109
2025-07-24 03:31:00+00:00,100511.73288929083
2025-07-24 03:32:00+00:00,100519.30715336933
2025-07-24 03:33:00+00:00,100523.58047127849
2025-07-24 03:34:00+00:00,100515.00824673018
2025-07-24 03:35:00+00:00,100498.11968493351
2025-07-24 03:36:00+00:00,100486.37445786584
2025-07-24 03:37:00+00:00,100488.75420975537
2025-07-24 03:38:00+00:00,100472.55654366856
2025-07-24 03:39:00+00:00,100473.11949572846
2025-07-24 03:40:00+00:00,100483.27822153644
2025-07-24 03:41:00+00:00,100487.09094230569
2025-07-24 03:42:00+00:00,100465.85229640988
2025-07-24 03:43:00+00:00,100469.46030733918
2025-07-24 03:44:00+00:00,100461.78368834069
2025-07-24 03:45:00+00:00,100453.56970601232
2025-07-24 03:46:00+00:00,100429.54188854706
2025-07-24 03:47:00+00:00,100406.23055552166
2025-07-24 03:48:00+00:00,100416.6195798996
2025-07-24 03:49:00+00:00,100399.37277588302
2025-07-24 03:50:00+00:00,100400.34514762282
2025-07-24 03:51:00+00:00,100392.20793148443
2025-07-24 03:52:00+00:00,100397.78627462333
2025-07-24 03:53:00+00:00,100407.20292726147
2025-07-24 03:54:00+00:00,100381.89567329647
2025-07-24 03:55:00+00:00,100371.73694748848
2025-07-24 03:56:00+00:00,100366.28654799955
2025-07-24 03:57:00+00:00,100350.47271286267
2025-07-24 03:58:00+00:00,100349.44916366288
2025-07-24 03:59:00+00:00,100351.24037476252
2025-07-24 04:00:00+00:00,100345.99468511355
2025-07-24 04:01:00+00:00,100301.62382730232
2025-07-24 04:02:00+00:00,100273.96241017777
2025-07-24 04:03:00+00:00,100321.04567336848
2025-07-24 04:04:00+00:00,100345.04790210375
2025-07-24 04:05:00+00:00,100331.30675409645
2025-07-24 04:06:00+00:00,100326.67519396737
2025-07-24 04:07:00+00:00,100344.99672464374
2025-07-24 04:08:00+00:00,100330.30879362665
2025-07-24 04:09:00+00:00,100322.29952113824
2025-07-24 04:10:00+00:00,100300.60027810252
2025-07-24 04:11:00+00:00,100317.94943703909
2025-07-24 04:12:00+00:00,100337.34569437525
2025-07-24 04:13:00+00:00,100358.86581630101
2025-07-24 04:14:00+00:00,100371.66018129849
2025-07-24 04:15:00+00:00,100365.57006355969
2025-07-24 04:16:00+00:00,100351.72656063242
2025-07-24 04:17:00+00:00,100342.94962624415
2025-07-24 04:18:00+00:00,100340.82576165457
2025-07-24 04:19:00+00:00,100341.82372212438
2025-07-24 04:20:00+00:00,100341.84931085438
2025-07-24 04:21:00+00:00,100325.13987016768
2025-07-24 04:22:00+00:00,100324.09073223788
2025-07-24 04:23:00+00:00,100305.69243537151
2025-07-24 04:24:00+00:00,100296.48049257333
2025-07-24 04:25:00+00:00,100310.8101813705
2025-07-24 04:26:00+00:00,100320.53389876858
2025-07-24 04:27:00+00:00,100314.49495848977
2025-07-24 04:28:00+00:00,100287.26854977515
2025-07-24 04:29:00+00:00,100297.50404177312
2025-07-24 04:30:00+00:00,100304.18270030181
2025-07-24 04:31:00+00:00,100282.4322798061
2025-07-24 04:32:00+00:00,100276.06068603737
2025-07-24 04:33:00+00:00,100302.59619904212
2025-07-24 04:34:00+00:00,100285.27262883555
2025-07-24 04:35:00+00:00,100280.48753632649
2025-07-24 04:36:00+00:00,100271.3779484483
2025-07-24 04:37:00+00:00,100263.2151435799
2025-07-24 04:38:00+00:00,100263.77809563979
2025-07-24 04:39:00+00:00,100266.79756577918
2025-07-24 04:40:00+00:00,100224.98558096745
2025-07-24 04:41:00+00:00,100235.09312931546
2025-07-24 04:42:00+00:00,100207.32935727094
2025-07-24 04:43:00+00:00,100195.68648512324
2025-07-24 04:44:00+00:00,100194.15116132353
2025-07-24 04:45:00+00:00,100208.71114869067
2025-07-24 04:46:00+00:00,100206.35698553112
2025-07-24 04:47:00+00:00,100207.78995441084
2025-07-24 04:48:00+00:00,100203.84928999162
2025-07-24 04:49:00+00:00,100229.69390728652
2025-07-24 04:50:00+00:00,100215.87599308926
2025-07-24 04:51:00+00:00,100209.9905851904
2025-07-24 04:52:00+00:00,100211.37237661013
2025-07-24 04:53:00+00:00,100198.4244792327
2025-07-24 04:54:00+00:00,100181.84298219596
2025-07-24 04:55:00+00:00,100187.49809152485
2025-07-24 04:56:00+00:00,100212.5494581899
2025-07-24 04:57:00+00:00,100233.02044218587
2025-07-24 04:58:00+00:00,100220.73785178829
2025-07-24 04:59:00+00:00,100210.0161739204
2025-07-24 05:00:00+00:00,100208.5064388507
2025-07-24 05:01:00+00:00,100212.01209486001
2025-07-24 05:02:00+00:00,100206.86876013102
2025-07-24 05:03:00+00:00,100194.63734719343
2025-07-24 05:04:00+00:00,100216.6436549891
2025-07-24 05:05:00+00:00,100192.71819244382
2025-07-24 05:06:00+00:00,100178.03026142673
2025-07-24 05:07:00+00:00,100160.8858123301
2025-07-24 05:08:00+00:00,100169.35568195843
2025-07-24 05:09:00+00:00,100154.3095087214
2025-07-24 05:10:00+00:00,100149.11499653243
2025-07-24 05:11:00+00:00,100153.72096793153
2025-07-24 05:12:00+00:00,100143.99725053344
2025-07-24 05:13:00+00:00,100126.59691413687
2025-07-24 05:14:00+00:00,100125.57336493708
2025-07-24 05:15:00+00:00,100126.05955080698
2025-07-24 05:16:00+00:00,100160.9114010601
2025-07-24 05:17:00+00:00,100159.86226313032
2025-07-24 05:18:00+00:00,100131.94495870582
2025-07-24 05:19:00+00:00,100115.10757436915
2025-07-24 05:20:00+00:00,100131.4843615659
2025-07-24 05:21:00+00:00,100127.10868873677
2025-07-24 05:22:00+00:00,100113.7769604094
2025-07-24 05:23:00+00:00,100112.2928140697
2025-07-24 05:24:00+00:00,100109.91306218016
2025-07-24 05:25:00+00:00,100127.59487460667
2025-07-24 05:26:00+00:00,100117.05231784876
2025-07-24 05:27:00+00:00,100115.3122842091
2025-07-24 05:28:00+00:00,100113.2907745395
2025-07-24 05:29:00+00:00,100120.96739353798
2025-07-24 05:30:00+00:00,100113.2651858095
2025-07-24 05:31:00+00:00,100144.99521100325
2025-07-24 05:32:00+00:00,100154.77010586132
2025-07-24 05:33:00+00:00,100147.57967273274
2025-07-24 05:34:00+00:00,100137.31859200475
2025-07-24 05:35:00+00:00,100134.75971900526
2025-07-24 05:36:00+00:00,100171.09571559809
2025-07-24 05:37:00+00:00,100164.4426457994
2025-07-24 05:38:00+00:00,100142.94811260366
2025-07-24 05:39:00+00:00,100158.27576187062
2025-07-24 05:40:00+00:00,100172.63103939779
2025-07-24 05:41:00+00:00,100195.12353306334
2025-07-24 05:42:00+00:00,100182.86653139576
2025-07-24 05:43:00+00:00,100199.19214113255
2025-07-24 05:44:00+00:00,100198.52683415267
2025-07-24 05:45:00+00:00,100184.09479043553
2025-07-24 05:46:00+00:00,100187.98427739475
2025-07-24 05:47:00+00:00,100188.00986612475
2025-07-24 05:48:00+00:00,100181.84298219596
2025-07-24 05:49:00+00:00,100178.1070276167
2025-07-24 05:50:00+00:00,100162.3955473998
2025-07-24 05:51:00+00:00,100143.92048434346
2025-07-24 05:52:00+00:00,100156.7916155309
2025-07-24 05:53:00+00:00,100153.15801587162
2025-07-24 05:54:00+00:00,100132.22643473577
2025-07-24 05:55:00+00:00,100130.17933633616
2025-07-24 05:56:00+00:00,100117.3593826087
2025-07-24 05:57:00+00:00,100118.63881910846
2025-07-24 05:58:00+00:00,100109.40128758027
2025-07-24 05:59:00+00:00,100122.68183844765
2025-07-24 06:00:00+00:00,100125.03600160718
2025-07-24 06:01:00+00:00,100162.9584994597
2025-07-24 06:02:00+00:00,100150.34325557218
2025-07-24 06:03:00+00:00,100148.57763320254
2025-07-24 06:04:00+00:00,100134.60618662529
2025-07-24 06:05:00+00:00,100132.76379806566
2025-07-24 06:06:00+00:00,100134.37588805534
2025-07-24 06:07:00+00:00,100132.14966854578
2025-07-24 06:08:00+00:00,100136.24386534496
2025-07-24 06:09:00+00:00,100127.59487460667
2025-07-24 06:10:00+00:00,100136.85799486484
2025-07-24 06:11:00+00:00,100157.4057450508
2025-07-24 06:12:00+00:00,100132.73820933566
2025-07-24 06:13:00+00:00,100142.35957181377
2025-07-24 06:14:00+00:00,100157.78957600071
2025-07-24 06:15:00+00:00,100169.58598052838
2025-07-24 06:16:00+00:00,100116.05435737895
2025-07-24 06:17:00+00:00,100108.73598060041
2025-07-24 06:18:00+00:00,100115.3122842091
2025-07-24 06:19:00+00:00,100123.29596796753
2025-07-24 06:20:00+00:00,100124.37069462732
2025-07-24 06:21:00+00:00,100127.56928587669
2025-07-24 06:22:00+00:00,100172.60545066779
2025-07-24 06:23:00+00:00,100178.23497126668
2025-07-24 06:24:00+00:00,100168.5368425986
2025-07-24 06:25:00+00:00,100182.09886949591
2025-07-24 06:26:00+00:00,100182.84094266576
2025-07-24 06:27:00+00:00,100181.33120759607
2025-07-24 06:28:00+00:00,100177.74878539678
2025-07-24 06:29:00+00:00,100176.21346159707
2025-07-24 06:30:00+00:00,100181.33120759607
2025-07-24 06:31:00+00:00,100166.0035583291
2025-07-24 06:32:00+00:00,100192.53907133386
2025-07-24 06:33:00+00:00,100177.46730936682
2025-07-24 06:34:00+00:00,100173.0404590777
2025-07-24 06:35:00+00:00,100160.96257852009
2025-07-24 06:36:00+00:00,100156.76602680092
2025-07-24 06:37:00+00:00,100133.19880647557
2025-07-24 06:38:00+00:00,100128.61842380647
2025-07-24 06:39:00+00:00,100124.39628335732
2025-07-24 06:40:00+00:00,100119.8414894182
2025-07-24 06:41:00+00:00,100095.608962113
2025-07-24 06:42:00+00:00,100091.18211182387
2025-07-24 06:43:00+00:00,100090.23532881406
2025-07-24 06:44:00+00:00,100084.9640504351
2025-07-24 06:45:00+00:00,100087.42056851462
2025-07-24 06:46:00+00:00,100087.70204454455
2025-07-24 06:47:00+00:00,100088.23940787444
2025-07-24 06:48:00+00:00,100083.04489568548
2025-07-24 06:49:00+00:00,100089.39090072422
2025-07-24 06:50:00+00:00,100113.08606469954
2025-07-24 06:51:00+00:00,100109.17098901031
2025-07-24 06:52:00+00:00,100084.9384617051
2025-07-24 06:53:00+00:00,100071.99056432766
2025-07-24 06:54:00+00:00,100085.57817995497
2025-07-24 06:55:00+00:00,100101.1105390619
2025-07-24 06:56:00+00:00,100113.2651858095
2025-07-24 06:57:00+00:00,100074.3191387572
2025-07-24 06:58:00+00:00,100097.88635908253
2025-07-24 06:59:00+00:00,100086.11554328486
2025-07-24 07:00:00+00:00,100071.2996686178
2025-07-24 07:01:00+00:00,100060.57799074991
2025-07-24 07:02:00+00:00,100058.12147267039
2025-07-24 07:03:00+00:00,100065.6445592889
2025-07-24 07:04:00+00:00,100032.63509759543
2025-07-24 07:05:00+00:00,99995.35231799279
2025-07-24 07:06:00+00:00,100022.91138019734
2025-07-24 07:07:00+00:00,100080.28131284603
2025-07-24 07:08:00+00:00,100118.56205291845
2025-07-24 07:09:00+00:00,100121.78623289782
2025-07-24 07:10:00+00:00,100138.34214120456
2025-07-24 07:11:00+00:00,100198.75713272263
2025-07-24 07:12:00+00:00,100196.09590480315
2025-07-24 07:13:00+00:00,100191.56669959406
2025-07-24 07:14:00+00:00,100226.39296111718
2025-07-24 07:15:00+00:00,100229.18213268662
2025-07-24 07:16:00+00:00,100215.41539594934
2025-07-24 07:17:00+00:00,100199.26890732252
2025-07-24 07:18:00+00:00,100239.9038105545
2025-07-24 07:19:00+00:00,100229.51478617656
2025-07-24 07:20:00+00:00,100252.621409362
2025-07-24 07:21:00+00:00,100203.33751539173
2025-07-24 07:22:00+00:00,100226.11148508723
2025-07-24 07:23:00+00:00,100227.10944555703
2025-07-24 07:24:00+00:00,100230.97334378626
2025-07-24 07:25:00+00:00,100236.09108978526
2025-07-24 07:26:00+00:00,100238.01024453487
2025-07-24 07:27:00+00:00,100235.52813772537
2025-07-24 07:28:00+00:00,100250.42077858243
2025-07-24 07:29:00+00:00,100254.94998379154
2025-07-24 07:30:00+00:00,100226.90473571708
2025-07-24 07:31:00+00:00,100238.4196642148
2025-07-24 07:32:00+00:00,100235.24666169542
2025-07-24 07:33:00+00:00,100213.80330595965
2025-07-24 07:34:00+00:00,100221.1728601982
2025-07-24 07:35:00+00:00,100206.17786442116
2025-07-24 07:36:00+00:00,100211.93532867002
2025-07-24 07:37:00+00:00,100218.61398719871
2025-07-24 07:38:00+00:00,100251.70021508218
2025-07-24 07:39:00+00:00,100249.62752795257
2025-07-24 07:40:00+00:00,100240.62029499435
2025-07-24 07:41:00+00:00,100257.79033282096
2025-07-24 07:42:00+00:00,100265.67166165942
2025-07-24 07:43:00+00:00,100283.68612757586
2025-07-24 07:44:00+00:00,100288.80387357484
2025-07-24 07:45:00+00:00,100280.4363588665
2025-07-24 07:46:00+00:00,100281.12725457636
2025-07-24 07:47:00+00:00,100278.10778443696
2025-07-24 07:48:00+00:00,100272.52944129806
2025-07-24 07:49:00+00:00,100249.5763504926
2025-07-24 07:50:00+00:00,100268.33288957889
2025-07-24 07:51:00+00:00,100288.06180040499
2025-07-24 07:52:00+00:00,100282.4322798061
2025-07-24 07:53:00+00:00,100288.47122008492
2025-07-24 07:54:00+00:00,100300.57468937253
2025-07-24 07:55:00+00:00,100301.39352873235
2025-07-24 07:56:00+00:00,100326.4704841274
2025-07-24 07:57:00+00:00,100336.39891136545
2025-07-24 07:58:00+00:00,100339.72544626478
2025-07-24 07:59:00+00:00,100326.85431507733
2025-07-24 08:00:00+00:00,100301.49588365234
2025-07-24 08:01:00+00:00,100302.62178777212
2025-07-24 08:02:00+00:00,100298.50200224292
2025-07-24 08:03:00+00:00,100291.31156911436
2025-07-24 08:04:00+00:00,100308.04659853104
2025-07-24 08:05:00+00:00,100340.49310816464
2025-07-24 08:06:00+00:00,100351.82891555241
2025-07-24 08:07:00+00:00,100357.79108964122
2025-07-24 08:08:00+00:00,100351.11243111255
2025-07-24 08:09:00+00:00,100373.68169096808
2025-07-24 08:10:00+00:00,100383.2006985262
2025-07-24 08:11:00+00:00,100403.95315855212
2025-07-24 08:12:00+00:00,100426.44565221766
2025-07-24 08:13:00+00:00,100420.99525272875
2025-07-24 08:14:00+00:00,100410.0944537509
2025-07-24 08:15:00+00:00,100395.76476495372
2025-07-24 08:16:00+00:00,100397.78627462333
2025-07-24 08:17:00+00:00,100393.20589195423
2025-07-24 08:18:00+00:00,100383.45658582615
2025-07-24 08:19:00+00:00,100385.50368422575
2025-07-24 08:20:00+00:00,100381.00006774665
2025-07-24 08:21:00+00:00,100361.98764136039
2025-07-24 08:22:00+00:00,100376.21497523758
2025-07-24 08:23:00+00:00,100378.36442855716
2025-07-24 08:24:00+00:00,100376.57321745751
2025-07-24 08:25:00+00:00,100381.94685075646
2025-07-24 08:26:00+00:00,100388.57433182515
2025-07-24 08:27:00+00:00,100381.43507615656
2025-07-24 08:28:00+00:00,100386.85988691548
2025-07-24 08:29:00+00:00,100382.7656901163
2025-07-24 08:30:00+00:00,100402.16194745246
2025-07-24 08:31:00+00:00,100406.99821742151
2025-07-24 08:32:00+00:00,100400.11484905287
2025-07-24 08:33:00+00:00,100412.65332675038
2025-07-24 08:34:00+00:00,100400.37073635282
2025-07-24 08:35:00+00:00,100406.48644282161
2025-07-24 08:36:00+00:00,100411.1180029507
2025-07-24 08:37:00+00:00,100410.60622835079
2025-07-24 08:38:00+00:00,100411.70654374058
2025-07-24 08:39:00+00:00,100409.30120312105
2025-07-24 08:40:00+00:00,100405.74436965176
2025-07-24 08:41:00+00:00,100398.19569430324
2025-07-24 08:42:00+00:00,100372.22313335838
2025-07-24 08:43:00+00:00,100373.6049247781
2025-07-24 08:44:00+00:00,100385.50368422575
2025-07-24 08:45:00+00:00,100405.4628936218
2025-07-24 08:46:00+00:00,100398.4771703332
2025-07-24 08:47:00+00:00,100406.5120315516
2025-07-24 08:48:00+00:00,100411.24594660067
2025-07-24 08:49:00+00:00,100417.28488687948
2025-07-24 08:50:00+00:00,100410.73417200077
2025-07-24 08:51:00+00:00,100420.25317955889
2025-07-24 08:52:00+00:00,100425.11503825794
2025-07-24 08:53:00+00:00,100414.64924769
2025-07-24 08:54:00+00:00,100414.18865055009
2025-07-24 08:55:00+00:00,100418.25725861928
2025-07-24 08:56:00+00:00,100418.79462194917
2025-07-24 08:57:00+00:00,100416.26133767968
2025-07-24 08:58:00+00:00,100417.74548401938
2025-07-24 08:59:00+00:00,100422.37704414848
2025-07-24 09:00:00+00:00,100418.28284734928
2025-07-24 09:01:00+00:00,100408.50795249121
2025-07-24 09:02:00+00:00,100423.40059334827
2025-07-24 09:03:00+00:00,100425.83152269779
2025-07-24 09:04:00+00:00,100432.61253614645
2025-07-24 09:05:00+00:00,100426.49682967766
2025-07-24 09:06:00+00:00,100414.67483641999
2025-07-24 09:07:00+00:00,100419.61346130903
2025-07-24 09:08:00+00:00,100424.96150587796
2025-07-24 09:09:00+00:00,100414.70042514999
2025-07-24 09:10:00+00:00,100412.1415521505
2025-07-24 09:11:00+00:00,100403.44138395222
2025-07-24 09:12:00+00:00,100394.20385242403
2025-07-24 09:13:00+00:00,100380.94889028666
2025-07-24 09:14:00+00:00,100391.64497942454
2025-07-24 09:15:00+00:00,100399.88455048291
2025-07-24 09:16:00+00:00,100385.93869263567
2025-07-24 09:17:00+00:00,100371.83930240845
2025-07-24 09:18:00+00:00,100352.31510142231
2025-07-24 09:19:00+00:00,100364.31621578994
2025-07-24 09:20:00+00:00,100371.19958415857
2025-07-24 09:21:00+00:00,100395.73917622372
2025-07-24 09:22:00+00:00,100394.76680448392
2025-07-24 09:23:00+00:00,100381.97243948645
2025-07-24 09:24:00+00:00,100361.4502780305
2025-07-24 09:25:00+00:00,100365.57006355969
2025-07-24 09:26:00+00:00,100374.73082889788
2025-07-24 09:27:00+00:00,100371.14840669859
2025-07-24 09:28:00+00:00,100374.52611905792
2025-07-24 09:29:00+00:00,100377.95500887724
2025-07-24 09:30:00+00:00,100391.67056815454
2025-07-24 09:31:00+00:00,100391.3123259346
2025-07-24 09:32:00+00:00,100382.2795042464
2025-07-24 09:33:00+00:00,100377.6479441173
2025-07-24 09:34:00+00:00,100368.18011401917
2025-07-24 09:35:00+00:00,100351.72656063242
2025-07-24 09:36:00+00:00,100349.52592985285
2025-07-24 09:37:00+00:00,100333.71209471597
2025-07-24 09:38:00+00:00,100341.87489958436
2025-07-24 09:39:00+00:00,100332.45824694623
2025-07-24 09:40:00+00:00,100347.65795256323
2025-07-24 09:41:00+00:00,100345.61085416363
2025-07-24 09:42:00+00:00,100354.25984490193
2025-07-24 09:43:00+00:00,100369.05013083901
2025-07-24 09:44:00+00:00,100368.64071115908
2025-07-24 09:45:00+00:00,100354.95074061179
2025-07-24 09:46:00+00:00,100347.65795256323
2025-07-24 09:47:00+00:00,100356.56283060147
2025-07-24 09:48:00+00:00,100351.26596349251
2025-07-24 09:49:00+00:00,100308.02100980106
2025-07-24 09:50:00+00:00,100324.9351603277
2025-07-24 09:51:00+00:00,100312.42227136018
2025-07-24 09:52:00+00:00,100340.95370530455
2025-07-24 09:53:00+00:00,100348.16972716313
2025-07-24 09:54:00+00:00,100327.00784745731
2025-07-24 09:55:00+00:00,100330.71821330657
2025-07-24 09:56:00+00:00,100333.84003836595
2025-07-24 09:57:00+00:00,100345.07349083373
2025-07-24 09:58:00+00:00,100354.56690966187
2025-07-24 09:59:00+00:00,100349.57710731284
2025-07-24 10:00:00+00:00,100357.86785583121
2025-07-24 10:01:00+00:00,100345.63644289362
2025-07-24 10:02:00+00:00,100357.07460520137
2025-07-24 10:03:00+00:00,100367.10538735939
2025-07-24 10:04:00+00:00,100387.06459675544
2025-07-24 10:05:00+00:00,100358.942582491
2025-07-24 10:06:00+00:00,100334.88917629575
2025-07-24 10:07:00+00:00,100326.16341936747
2025-07-24 10:08:00+00:00,100334.37740169585
2025-07-24 10:09:00+00:00,100314.57172467976
2025-07-24 10:10:00+00:00,100309.24926884081
2025-07-24 10:11:00+00:00,100322.06922256827
2025-07-24 10:12:00+00:00,100315.41615276958
2025-07-24 10:13:00+00:00,100318.9985749689
2025-07-24 10:14:00+00:00,100312.8572797701
2025-07-24 10:15:00+00:00,100317.97502576909
2025-07-24 10:16:00+00:00,100319.51034956878
2025-07-24 10:17:00+00:00,100293.66573227389
2025-07-24 10:18:00+00:00,100282.66257837607
2025-07-24 10:19:00+00:00,100281.58785171626
2025-07-24 10:20:00+00:00,100274.8836044576
2025-07-24 10:21:00+00:00,100264.1875153197
2025-07-24 10:22:00+00:00,100262.70336898
2025-07-24 10:23:00+00:00,100262.67778025
2025-07-24 10:24:00+00:00,100256.56207378121
2025-07-24 10:25:00+00:00,100269.35643877869
2025-07-24 10:26:00+00:00,100262.11482819011
2025-07-24 10:27:00+00:00,100256.53648505121
2025-07-24 10:28:00+00:00,100266.2857911793
2025-07-24 10:29:00+00:00,100253.00524031192
2025-07-24 10:30:00+00:00,100247.83631685293
2025-07-24 10:31:00+00:00,100225.36941191737
2025-07-24 10:32:00+00:00,100227.92828491687
2025-07-24 10:33:00+00:00,100229.61714109653
2025-07-24 10:34:00+00:00,100218.20456751878
2025-07-24 10:35:00+00:00,100223.80849938768
2025-07-24 10:36:00+00:00,100219.22811671859
2025-07-24 10:37:00+00:00,100224.80645985749
2025-07-24 10:38:00+00:00,100247.37571971303
2025-07-24 10:39:00+00:00,100244.27948338364
2025-07-24 10:40:00+00:00,100249.39722938262
2025-07-24 10:41:00+00:00,100251.95610238213
2025-07-24 10:42:00+00:00,100239.80145563453
2025-07-24 10:43:00+00:00,100256.45971886124
2025-07-24 10:44:00+00:00,100255.02674998151
2025-07-24 10:45:00+00:00,100247.11983241308
2025-07-24 10:46:00+00:00,100258.6091721808
2025-07-24 10:47:00+00:00,100285.73322597545
2025-07-24 10:48:00+00:00,100308.328074561
2025-07-24 10:49:00+00:00,100300.03732604263
2025-07-24 10:50:00+00:00,100320.02212416868
2025-07-24 10:51:00+00:00,100302.11001317222
2025-07-24 10:52:00+00:00,100305.94832267147
2025-07-24 10:53:00+00:00,100314.3670148398
2025-07-24 10:54:00+00:00,100309.8122209007
2025-07-24 10:55:00+00:00,100315.92792736948
2025-07-24 10:56:00+00:00,100326.77754888734
2025-07-24 10:57:00+00:00,100327.16137983727
2025-07-24 10:58:00+00:00,100329.18288950688
2025-07-24 10:59:00+00:00,100324.09073223788
2025-07-24 11:00:00+00:00,100328.72229236696
2025-07-24 11:01:00+00:00,100323.63013509798
2025-07-24 11:02:00+00:00,100332.48383567622
2025-07-24 11:03:00+00:00,100334.88917629575
2025-07-24 11:04:00+00:00,100316.97706529929
2025-07-24 11:05:00+00:00,100320.40595511861
2025-07-24 11:06:00+00:00,100339.77662372479
2025-07-24 11:07:00+00:00,100321.04567336848
2025-07-24 11:08:00+00:00,100335.47771708563
2025-07-24 11:09:00+00:00,100327.69874316716
2025-07-24 11:10:00+00:00,100339.95574483475
2025-07-24 11:11:00+00:00,100346.86470193337
2025-07-24 11:12:00+00:00,100349.16768763293
2025-07-24 11:13:00+00:00,100372.40225446834
2025-07-24 11:14:00+00:00,100399.85896175292
2025-07-24 11:15:00+00:00,100415.54485323981
2025-07-24 11:16:00+00:00,100396.50683812358
2025-07-24 11:17:00+00:00,100401.88047142251
2025-07-24 11:18:00+00:00,100409.17325947108
2025-07-24 11:19:00+00:00,100393.20589195423
2025-07-24 11:20:00+00:00,100397.81186335333
2025-07-24 11:21:00+00:00,100398.86100128312
2025-07-24 11:22:00+00:00,100393.53854544417
2025-07-24 11:23:00+00:00,100385.17103073582
2025-07-24 11:24:00+00:00,100390.67260768474
2025-07-24 11:25:00+00:00,100388.06255722525
2025-07-24 11:26:00+00:00,100391.15879355464
2025-07-24 11:27:00+00:00,100385.01749835585
2025-07-24 11:28:00+00:00,100378.36442855716
2025-07-24 11:29:00+00:00,100383.50776328615
2025-07-24 11:30:00+00:00,100377.36646808736
2025-07-24 11:31:00+00:00,100385.01749835585
2025-07-24 11:32:00+00:00,100384.48013502595
2025-07-24 11:33:00+00:00,100384.224247726
2025-07-24 11:34:00+00:00,100392.15675402444
2025-07-24 11:35:00+00:00,100380.43711568676
2025-07-24 11:36:00+00:00,100384.53131248595
2025-07-24 11:37:00+00:00,100387.06459675544
2025-07-24 11:38:00+00:00,100385.52927295576
2025-07-24 11:39:00+00:00,100381.35830996657
2025-07-24 11:40:00+00:00,100373.16991636819
2025-07-24 11:41:00+00:00,100381.94685075646
2025-07-24 11:42:00+00:00,100382.45862535635
2025-07-24 11:43:00+00:00,100386.88547564548
2025-07-24 11:44:00+00:00,100386.57841088554
2025-07-24 11:45:00+00:00,100390.44230911478
2025-07-24 11:46:00+00:00,100398.83541255312
2025-07-24 11:47:00+00:00,100392.43823005438
2025-07-24 11:48:00+00:00,100391.15879355464
2025-07-24 11:49:00+00:00,100391.44026958458
2025-07-24 11:50:00+00:00,100394.382973534
2025-07-24 11:51:00+00:00,100399.83337302292
2025-07-24 11:52:00+00:00,100401.90606015251
2025-07-24 11:53:00+00:00,100405.71878092176
2025-07-24 11:54:00+00:00,100394.25502988402
2025-07-24 11:55:00+00:00,100402.03400380249
2025-07-24 11:56:00+00:00,100404.28581204204
2025-07-24 11:57:00+00:00,100392.15675402444
2025-07-24 11:58:00+00:00,100386.2457573956
2025-07-24 11:59:00+00:00,100377.85265395726
2025-07-24 12:00:00+00:00,100379.87416362687
2025-07-24 12:01:00+00:00,100406.48644282161
2025-07-24 12:02:00+00:00,100406.5120315516
2025-07-24 12:03:00+00:00,100402.39224602241
2025-07-24 12:04:00+00:00,100402.62254459238
2025-07-24 12:05:00+00:00,100378.90179188707
2025-07-24 12:06:00+00:00,100375.77996682767
2025-07-24 12:07:00+00:00,100377.34087935736
2025-07-24 12:08:00+00:00,100370.48309971872
2025-07-24 12:09:00+00:00,100373.04197271822
2025-07-24 12:10:00+00:00,100371.71135875848
2025-07-24 12:11:00+00:00,100373.0931501782
2025-07-24 12:12:00+00:00,100358.891405031
2025-07-24 12:13:00+00:00,100362.4994159603
2025-07-24 12:14:00+00:00,100371.37870526854
2025-07-24 12:15:00+00:00,100356.53724187147
2025-07-24 12:16:00+00:00,100343.768465604
2025-07-24 12:17:00+00:00,100342.92403751417
2025-07-24 12:18:00+00:00,100332.30471456626
2025-07-24 12:19:00+00:00,100331.28116536647
2025-07-24 12:20:00+00:00,100338.44600976504
2025-07-24 12:21:00+00:00,100352.75010983221
2025-07-24 12:22:00+00:00,100343.58934449403
2025-07-24 12:23:00+00:00,100323.09277176808
2025-07-24 12:24:00+00:00,100342.05402069434
2025-07-24 12:25:00+00:00,100360.9640921606
2025-07-24 12:26:00+00:00,100344.7920148038
2025-07-24 12:27:00+00:00,100357.38166996131
2025-07-24 12:28:00+00:00,100371.17399542857
2025-07-24 12:29:00+00:00,100368.12893655918
2025-07-24 12:30:00+00:00,100358.4308078911
2025-07-24 12:31:00+00:00,100360.4779062907
2025-07-24 12:32:00+00:00,100365.03270022979
2025-07-24 12:33:00+00:00,100341.13282641451
2025-07-24 12:34:00+00:00,100332.84207789614
2025-07-24 12:35:00+00:00,100311.3219559704
2025-07-24 12:36:00+00:00,100327.72433189716
2025-07-24 12:37:00+00:00,100326.24018555746
2025-07-24 12:38:00+00:00,100322.76011827814
2025-07-24 12:39:00+00:00,100315.13467673965
2025-07-24 12:40:00+00:00,100331.76735123637
2025-07-24 12:41:00+00:00,100321.07126209847
2025-07-24 12:42:00+00:00,100318.84504258892
2025-07-24 12:43:00+00:00,100317.46325116919
2025-07-24 12:44:00+00:00,100310.8357701005
2025-07-24 12:45:00+00:00,100331.51146393642
2025-07-24 12:46:00+00:00,100336.93627469534
2025-07-24 12:47:00+00:00,100299.11613176281
2025-07-24 12:48:00+00:00,100320.55948749857
2025-07-24 12:49:00+00:00,100334.35181296585
2025-07-24 12:50:00+00:00,100328.69670363696
2025-07-24 12:51:00+00:00,100316.23499212944
2025-07-24 12:52:00+00:00,100323.11836049808
2025-07-24 12:53:00+00:00,100329.79701902675
2025-07-24 12:54:00+00:00,100319.12651861887
2025-07-24 12:55:00+00:00,100337.1409845353
2025-07-24 12:56:00+00:00,100345.09907956373
2025-07-24 12:57:00+00:00,100362.47382723031
2025-07-24 12:58:00+00:00,100361.9620526304
2025-07-24 12:59:00+00:00,100358.37963043111
2025-07-24 13:00:00+00:00,100340.31398705467
2025-07-24 13:01:00+00:00,100357.38166996131
2025-07-24 13:02:00+00:00,100364.5209256299
2025-07-24 13:03:00+00:00,100378.36442855716
2025-07-24 13:04:00+00:00,100371.45547145852
2025-07-24 13:05:00+00:00,100367.10538735939
2025-07-24 13:06:00+00:00,100385.01749835585
2025-07-24 13:07:00+00:00,100379.10650172702
2025-07-24 13:08:00+00:00,100382.97039995625
2025-07-24 13:09:00+00:00,100383.17510979621
2025-07-24 13:10:00+00:00,100380.41152695676
2025-07-24 13:11:00+00:00,100362.4482385003
2025-07-24 13:12:00+00:00,100388.08814595525
2025-07-24 13:13:00+00:00,100398.68188017316
2025-07-24 13:14:00+00:00,100384.48013502595
2025-07-24 13:15:00+00:00,100397.78627462333
2025-07-24 13:16:00+00:00,100392.79647227432
2025-07-24 13:17:00+00:00,100395.73917622372
2025-07-24 13:18:00+00:00,100396.07182971366
2025-07-24 13:19:00+00:00,100405.0022964819
2025-07-24 13:20:00+00:00,100408.5591299512
2025-07-24 13:21:00+00:00,100395.76476495372
2025-07-24 13:22:00+00:00,100384.50572375595
2025-07-24 13:23:00+00:00,100393.74325528412
2025-07-24 13:24:00+00:00,100394.28061861402
2025-07-24 13:25:00+00:00,100397.19773383345
2025-07-24 13:26:00+00:00,100394.25502988402
2025-07-24 13:27:00+00:00,100400.06367159288
2025-07-24 13:28:00+00:00,100397.73509716334
2025-07-24 13:29:00+00:00,100395.76476495372
2025-07-24 13:30:00+00:00,100380.07887346682
2025-07-24 13:31:00+00:00,100376.41968507755
2025-07-24 13:32:00+00:00,100358.66110646105
2025-07-24 13:33:00+00:00,100352.77569856221
2025-07-24 13:34:00+00:00,100385.01749835585
2025-07-24 13:35:00+00:00,100392.25910894442
2025-07-24 13:36:00+00:00,100378.08295252721
2025-07-24 13:37:00+00:00,100396.76272542353
2025-07-24 13:38:00+00:00,100347.17176669333
2025-07-24 13:39:00+00:00,100355.59045886167
2025-07-24 13:40:00+00:00,100362.96001310021
2025-07-24 13:41:00+00:00,100377.44323427734
2025-07-24 13:42:00+00:00,100398.80982382313
2025-07-24 13:43:00+00:00,100388.11373468523
2025-07-24 13:44:00+00:00,100377.59676665731
2025-07-24 13:45:00+00:00,100380.28358330678
2025-07-24 13:46:00+00:00,100385.52927295576
2025-07-24 13:47:00+00:00,100403.95315855212
2025-07-24 13:48:00+00:00,100383.96836042605
2025-07-24 13:49:00+00:00,100381.40948742656
2025-07-24 13:50:00+00:00,100364.44415943991
2025-07-24 13:51:00+00:00,100375.98467666763
2025-07-24 13:52:00+00:00,100349.7818171528
2025-07-24 13:53:00+00:00,100361.4502780305
2025-07-24 13:54:00+00:00,100318.9985749689
2025-07-24 13:55:00+00:00,100341.95166577435
2025-07-24 13:56:00+00:00,100307.2277591712
2025-07-24 13:57:00+00:00,100306.05067759144
2025-07-24 13:58:00+00:00,100285.63087105547
2025-07-24 13:59:00+00:00,100279.4128096667
2025-07-24 14:00:00+00:00,100270.14968940853
2025-07-24 14:01:00+00:00,100297.32492066317
2025-07-24 14:02:00+00:00,100313.85524023991
2025-07-24 14:03:00+00:00,100295.48253210353
2025-07-24 14:04:00+00:00,100322.09481129827
2025-07-24 14:05:00+00:00,100342.54020656424
2025-07-24 14:06:00+00:00,100314.3926035698
2025-07-24 14:07:00+00:00,100310.2984067706
2025-07-24 14:08:00+00:00,100265.82519403938
2025-07-24 14:09:00+00:00,100215.6201057893
2025-07-24 14:10:00+00:00,100246.71041273315
2025-07-24 14:11:00+00:00,100237.62641358495
2025-07-24 14:12:00+00:00,100194.12557259353
2025-07-24 14:13:00+00:00,100200.29245652232
2025-07-24 14:14:00+00:00,100218.69075338868
2025-07-24 14:15:00+00:00,100234.55576598555
2025-07-24 14:16:00+00:00,100252.97965158192
2025-07-24 14:17:00+00:00,100220.76344051829
2025-07-24 14:18:00+00:00,100251.41873905223
2025-07-24 14:19:00+00:00,100242.74415958393
2025-07-24 14:20:00+00:00,100224.7552823975
2025-07-24 14:21:00+00:00,100240.54352880438
2025-07-24 14:22:00+00:00,100223.29672478778
2025-07-24 14:23:00+00:00,100202.62103095186
2025-07-24 14:24:00+00:00,100230.97334378626
2025-07-24 14:25:00+00:00,100278.97780125678
2025-07-24 14:26:00+00:00,100272.27355399811
2025-07-24 14:27:00+00:00,100282.66257837607
2025-07-24 14:28:00+00:00,100283.17435297596
2025-07-24 14:29:00+00:00,100262.93366754995
2025-07-24 14:30:00+00:00,100299.03936557283
2025-07-24 14:31:00+00:00,100300.60027810252
2025-07-24 14:32:00+00:00,100302.11001317222
2025-07-24 14:33:00+00:00,100323.14394922806
2025-07-24 14:34:00+00:00,100335.6312494656
2025-07-24 14:35:00+00:00,100338.54836468502
2025-07-24 14:36:00+00:00,100351.44508460248
2025-07-24 14:37:00+00:00,100398.80982382313
2025-07-24 14:38:00+00:00,100396.27653955363
2025-07-24 14:39:00+00:00,100399.88455048291
2025-07-24 14:40:00+00:00,100398.83541255312
2025-07-24 14:41:00+00:00,100376.31733015756
2025-07-24 14:42:00+00:00,100369.5874941689
2025-07-24 14:43:00+00:00,100384.99190962585
2025-07-24 14:44:00+00:00,100382.2795042464
2025-07-24 14:45:00+00:00,100400.34514762282
2025-07-24 14:46:00+00:00,100389.06051769505
2025-07-24 14:47:00+00:00,100400.88251095271
2025-07-24 14:48:00+00:00,100399.29600969303
2025-07-24 14:49:00+00:00,100435.9390710458
2025-07-24 14:50:00+00:00,100452.90439903244
2025-07-24 14:51:00+00:00,100450.06405000301
2025-07-24 14:52:00+00:00,100439.24001721514
2025-07-24 14:53:00+00:00,100451.03642174281
2025-07-24 14:54:00+00:00,100453.03234268242
2025-07-24 14:55:00+00:00,100464.8543359401
2025-07-24 14:56:00+00:00,100475.57601380796
2025-07-24 14:57:00+00:00,100478.05812061748
2025-07-24 14:58:00+00:00,100509.91608946119
2025-07-24 14:59:00+00:00,100495.56081193402
2025-07-24 15:00:00+00:00,100539.06165292543
2025-07-24 15:01:00+00:00,100506.2824898019
2025-07-24 15:02:00+00:00,100547.27563525381
2025-07-24 15:03:00+00:00,100561.06796072109
2025-07-24 15:04:00+00:00,100565.5459884702
2025-07-24 15:05:00+00:00,100564.65038292037
2025-07-24 15:06:00+00:00,100588.9084989556
2025-07-24 15:07:00+00:00,100603.21259902277
2025-07-24 15:08:00+00:00,100601.88198506302
2025-07-24 15:09:00+00:00,100599.9884190434
2025-07-24 15:10:00+00:00,100593.33534924472
2025-07-24 15:11:00+00:00,100558.53467645159
2025-07-24 15:12:00+00:00,100568.20721638968
2025-07-24 15:13:00+00:00,100570.97079922914
2025-07-24 15:14:00+00:00,100552.06072776287
2025-07-24 15:15:00+00:00,100530.92443678704
2025-07-24 15:16:00+00:00,100523.73400365846
2025-07-24 15:17:00+00:00,100515.54561006007
2025-07-24 15:18:00+00:00,100513.72881023043
2025-07-24 15:19:00+00:00,100517.56711972968
2025-07-24 15:20:00+00:00,100496.30288510387
2025-07-24 15:21:00+00:00,100481.74289773675
2025-07-24 15:22:00+00:00,100466.41524846977
2025-07-24 15:23:00+00:00,100478.9793148973
2025-07-24 15:24:00+00:00,100465.87788513988
2025-07-24 15:25:00+00:00,100460.50425184095
2025-07-24 15:26:00+00:00,100470.99563113888
2025-07-24 15:27:00+00:00,100463.52372198035
2025-07-24 15:28:00+00:00,100492.00397846472
2025-07-24 15:29:00+00:00,100482.4849709066
2025-07-24 15:30:00+00:00,100449.68021905309
2025-07-24 15:31:00+00:00,100453.5952947423
2025-07-24 15:32:00+00:00,100409.60826788099
2025-07-24 15:33:00+00:00,100422.40263287847
2025-07-24 15:34:00+00:00,100411.1435916807
2025-07-24 15:35:00+00:00,100425.01268333795
2025-07-24 15:36:00+00:00,100393.71766655413
2025-07-24 15:37:00+00:00,100408.17529900128
2025-07-24 15:38:00+00:00,100404.84876410193
2025-07-24 15:39:00+00:00,100421.83968081858
2025-07-24 15:40:00+00:00,100455.130618542
2025-07-24 15:41:00+00:00,100484.81354533615
2025-07-24 15:42:00+00:00,100455.6423931419
2025-07-24 15:43:00+00:00,100440.16121149497
2025-07-24 15:44:00+00:00,100441.10799450477
2025-07-24 15:45:00+00:00,100480.74493726695
2025-07-24 15:46:00+00:00,100456.2053452018
2025-07-24 15:47:00+00:00,100468.71823416933
2025-07-24 15:48:00+00:00,100481.76848646675
2025-07-24 15:49:00+00:00,100499.11764540331
2025-07-24 15:50:00+00:00,100497.27525684368
2025-07-24 15:51:00+00:00,100502.7512450626
2025-07-24 15:52:00+00:00,100507.92016852158
2025-07-24 15:53:00+00:00,100498.11968493351
2025-07-24 15:54:00+00:00,100500.57620301303
2025-07-24 15:55:00+00:00,100473.55450413836
2025-07-24 15:56:00+00:00,100480.74493726695
2025-07-24 15:57:00+00:00,100503.72361680241
2025-07-24 15:58:00+00:00,100509.60902470125
2025-07-24 15:59:00+00:00,100508.89254026138
2025-07-24 16:00:00+00:00,100520.10040399918
2025-07-24 16:01:00+00:00,100513.57527785047
2025-07-24 16:02:00+00:00,100516.9785789398
2025-07-24 16:03:00+00:00,100519.66539558925
2025-07-24 16:04:00+00:00,100514.65000451026
2025-07-24 16:05:00+00:00,100480.71934853695
2025-07-24 16:06:00+00:00,100506.3080785319
2025-07-24 16:07:00+00:00,100478.67225013736
2025-07-24 16:08:00+00:00,100494.02548813433
2025-07-24 16:09:00+00:00,100498.63145953341
2025-07-24 16:10:00+00:00,100485.09502136608
2025-07-24 16:11:00+00:00,100486.34886913584
2025-07-24 16:12:00+00:00,100466.41524846977
2025-07-24 16:13:00+00:00,100455.6679818719
2025-07-24 16:14:00+00:00,100452.5973342725
2025-07-24 16:15:00+00:00,100433.14989947635
2025-07-24 16:16:00+00:00,100420.09964717893
2025-07-24 16:17:00+00:00,100438.39558912531
2025-07-24 16:18:00+00:00,100453.0835201424
2025-07-24 16:19:00+00:00,100440.82651847483
2025-07-24 16:20:00+00:00,100466.87584560968
2025-07-24 16:21:00+00:00,100472.45418874858
2025-07-24 16:22:00+00:00,100446.73751510365
2025-07-24 16:23:00+00:00,100464.34256134019
2025-07-24 16:24:00+00:00,100449.52668667311
2025-07-24 16:25:00+00:00,100453.56970601232
2025-07-24 16:26:00+00:00,100408.81501725115
2025-07-24 16:27:00+00:00,100431.58898694665
2025-07-24 16:28:00+00:00,100407.10057234149
2025-07-24 16:29:00+00:00,100397.78627462333
2025-07-24 16:30:00+00:00,100433.96873883618
2025-07-24 16:31:00+00:00,100422.55616525843
2025-07-24 16:32:00+00:00,100383.50776328615
2025-07-24 16:33:00+00:00,100390.64701895474
2025-07-24 16:34:00+00:00,100400.37073635282
2025-07-24 16:35:00+00:00,100355.41133775169
2025-07-24 16:36:00+00:00,100343.17992481412
2025-07-24 16:37:00+00:00,100343.38463465407
2025-07-24 16:38:00+00:00,100316.8747103793
2025-07-24 16:39:00+00:00,100346.63440336342
2025-07-24 16:40:00+00:00,100340.00692229473
2025-07-24 16:41:00+00:00,100330.25761616667
2025-07-24 16:42:00+00:00,100343.56375576403
2025-07-24 16:43:00+00:00,100323.63013509798
2025-07-24 16:44:00+00:00,100323.60454636798
2025-07-24 16:45:00+00:00,100341.10723768451
2025-07-24 16:46:00+00:00,100343.56375576403
2025-07-24 16:47:00+00:00,100336.85950850535
2025-07-24 16:48:00+00:00,100339.87897864476
2025-07-24 16:49:00+00:00,100354.82279696182
2025-07-24 16:50:00+00:00,100362.0132300904
2025-07-24 16:51:00+00:00,100383.30305344619
2025-07-24 16:52:00+00:00,100370.17603495877
2025-07-24 16:53:00+00:00,100378.90179188707
2025-07-24 16:54:00+00:00,100385.47809549575
2025-07-24 16:55:00+00:00,100378.36442855716
2025-07-24 16:56:00+00:00,100348.68150176303
2025-07-24 16:57:00+00:00,100352.69893237224
2025-07-24 16:58:00+00:00,100361.75734279044
2025-07-24 16:59:00+00:00,100361.98764136039
2025-07-24 17:00:00+00:00,100353.79924776201
2025-07-24 17:01:00+00:00,100361.78293152043
2025-07-24 17:02:00+00:00,100355.02750680177
2025-07-24 17:03:00+00:00,100392.69411735433
2025-07-24 17:04:00+00:00,100418.76903321919
2025-07-24 17:05:00+00:00,100420.53465558884
2025-07-24 17:06:00+00:00,100418.79462194917
2025-07-24 17:07:00+00:00,100426.47124094766
2025-07-24 17:08:00+00:00,100450.24317111296
2025-07-24 17:09:00+00:00,100446.43045034373
2025-07-24 17:10:00+00:00,100458.1756774114
2025-07-24 17:11:00+00:00,100464.72639229012
2025-07-24 17:12:00+00:00,100461.27191374078
2025-07-24 17:13:00+00:00,100474.19422238824
2025-07-24 17:14:00+00:00,100451.54819634272
2025-07-24 17:15:00+00:00,100472.01918033867
2025-07-24 17:16:00+00:00,100427.00860427757
2025-07-24 17:17:00+00:00,100440.08444530498
2025-07-24 17:18:00+00:00,100442.84802814444
2025-07-24 17:19:00+00:00,100450.16640492299
2025-07-24 17:20:00+00:00,100445.91867574383
2025-07-24 17:21:00+00:00,100454.10706934221
2025-07-24 17:22:00+00:00,100480.18198520706
2025-07-24 17:23:00+00:00,100494.76756130418
2025-07-24 17:24:00+00:00,100511.83524421082
2025-07-24 17:25:00+00:00,100513.77998769042
2025-07-24 17:26:00+00:00,100510.09521057115
2025-07-24 17:27:00+00:00,100518.4627252795
2025-07-24 17:28:00+00:00,100497.07054700372
2025-07-24 17:29:00+00:00,100481.53818789679
2025-07-24 17:30:00+00:00,100506.8198531318
2025-07-24 17:31:00+00:00,100511.91201040079
2025-07-24 17:32:00+00:00,100504.7983434622
2025-07-24 17:33:00+00:00,100513.98469753038
2025-07-24 17:34:00+00:00,100504.87510965217
2025-07-24 17:35:00+00:00,100505.71953774201
2025-07-24 17:36:00+00:00,100515.4176664101
2025-07-24 17:37:00+00:00,100510.99081612098
2025-07-24 17:38:00+00:00,100523.09428540859
2025-07-24 17:39:00+00:00,100530.66854948709
2025-07-24 17:40:00+00:00,100528.82616092745
2025-07-24 17:41:00+00:00,100529.33793552735
2025-07-24 17:42:00+00:00,100530.71972694708
2025-07-24 17:43:00+00:00,100535.47923072614
2025-07-24 17:44:00+00:00,100531.35944519695
2025-07-24 17:45:00+00:00,100537.01455452584
2025-07-24 17:46:00+00:00,100533.6880196265
2025-07-24 17:47:00+00:00,100533.94390692645
2025-07-24 17:48:00+00:00,100539.06165292543
2025-07-24 17:49:00+00:00,100537.01455452584
2025-07-24 17:50:00+00:00,100532.1015183668
2025-07-24 17:51:00+00:00,100538.52428959555
2025-07-24 17:52:00+00:00,100548.81095905352
2025-07-24 17:53:00+00:00,100552.31661506282
2025-07-24 17:54:00+00:00,100561.579735321
2025-07-24 17:55:00+00:00,100554.9266655223
2025-07-24 17:56:00+00:00,100541.10875132502
2025-07-24 17:57:00+00:00,100512.44937373069
2025-07-24 17:58:00+00:00,100517.18328877975
2025-07-24 17:59:00+00:00,100511.93759913079
2025-07-24 18:00:00+00:00,100496.7123047838
2025-07-24 18:01:00+00:00,100499.93648476317
2025-07-24 18:02:00+00:00,100490.21276736508
2025-07-24 18:03:00+00:00,100489.93129133513
2025-07-24 18:04:00+00:00,100505.2845293321
2025-07-24 18:05:00+00:00,100541.59493719492
2025-07-24 18:06:00+00:00,100557.17847376186
2025-07-24 18:07:00+00:00,100560.04441152129
2025-07-24 18:08:00+00:00,100567.69544178978
2025-07-24 18:09:00+00:00,100565.16215752027
2025-07-24 18:10:00+00:00,100582.7927924868
2025-07-24 18:11:00+00:00,100572.1478808089
2025-07-24 18:12:00+00:00,100565.67393212017
2025-07-24 18:13:00+00:00,100560.09558898128
2025-07-24 18:14:00+00:00,100561.29825929104
2025-07-24 18:15:00+00:00,100544.8447059043
2025-07-24 18:16:00+00:00,100553.72399521254
2025-07-24 18:17:00+00:00,100536.04218278603
2025-07-24 18:18:00+00:00,100534.96745612624
2025-07-24 18:19:00+00:00,100543.41173702458
2025-07-24 18:20:00+00:00,100562.21945357085
2025-07-24 18:21:00+00:00,100563.08947039068
2025-07-24 18:22:00+00:00,100549.78333079332
2025-07-24 18:23:00+00:00,100527.29083712776
2025-07-24 18:24:00+00:00,100536.83543341586
2025-07-24 18:25:00+00:00,100544.71676225432
2025-07-24 18:26:00+00:00,100538.57546705553
2025-07-24 18:27:00+00:00,100540.11079085522
2025-07-24 18:28:00+00:00,100545.20294812422
2025-07-24 18:29:00+00:00,100557.4599497918
2025-07-24 18:30:00+00:00,100552.3933812528
2025-07-24 18:31:00+00:00,100549.29714492342
2025-07-24 18:32:00+00:00,100520.58658986908
2025-07-24 18:33:00+00:00,100520.12599272917
2025-07-24 18:34:00+00:00,100519.66539558925
2025-07-24 18:35:00+00:00,100477.13692633765
2025-07-24 18:36:00+00:00,100492.49016433462
2025-07-24 18:37:00+00:00,100507.3316277317
2025-07-24 18:38:00+00:00,100499.16882286331
2025-07-24 18:39:00+00:00,100508.79018534141
2025-07-24 18:40:00+00:00,100517.18328877975
2025-07-24 18:41:00+00:00,100493.48812480443
2025-07-24 18:42:00+00:00,100488.60067737539
2025-07-24 18:43:00+00:00,100485.83709453593
2025-07-24 18:44:00+00:00,100486.32328040585
2025-07-24 18:45:00+00:00,100477.93017696751
2025-07-24 18:46:00+00:00,100490.82689688496
2025-07-24 18:47:00+00:00,100490.77571942497
2025-07-24 18:48:00+00:00,100508.89254026138
2025-07-24 18:49:00+00:00,100505.15658568213
2025-07-24 18:50:00+00:00,100492.49016433462
2025-07-24 18:51:00+00:00,100504.2865688623
2025-07-24 18:52:00+00:00,100507.7922248716
2025-07-24 18:53:00+00:00,100509.3531374013
2025-07-24 18:54:00+00:00,100506.38484472188
2025-07-24 18:55:00+00:00,100501.7021071328
2025-07-24 18:56:00+00:00,100497.14731319371
2025-07-24 18:57:00+00:00,100494.53726273423
2025-07-24 18:58:00+00:00,100485.14619882609
2025-07-24 18:59:00+00:00,100492.46457560462
2025-07-24 19:00:00+00:00,100502.2138817327
2025-07-24 19:01:00+00:00,100504.23539140231
2025-07-24 19:02:00+00:00,100510.88846120099
2025-07-24 19:03:00+00:00,100506.48719964187
2025-07-24 19:04:00+00:00,100531.89680852684
2025-07-24 19:05:00+00:00,100524.37372190834
2025-07-24 19:06:00+00:00,100530.6173720271
2025-07-24 19:07:00+00:00,100538.49870086554
2025-07-24 19:08:00+00:00,100534.25097168639
2025-07-24 19:09:00+00:00,100539.06165292543
2025-07-24 19:10:00+00:00,100547.78740985371
2025-07-24 19:11:00+00:00,100554.9522542523
2025-07-24 19:12:00+00:00,100549.80891952332
2025-07-24 19:13:00+00:00,100565.23892371026
2025-07-24 19:14:00+00:00,100568.38633749964
2025-07-24 19:15:00+00:00,100561.55414659099
2025-07-24 19:16:00+00:00,100545.20294812422
2025-07-24 19:17:00+00:00,100548.78537032352
2025-07-24 19:18:00+00:00,100552.75162347272
2025-07-24 19:19:00+00:00,100561.55414659099
2025-07-24 19:20:00+00:00,100564.65038292037
2025-07-24 19:21:00+00:00,100552.4445587128
2025-07-24 19:22:00+00:00,100556.9481751919
2025-07-24 19:23:00+00:00,100553.9287050525
2025-07-24 19:24:00+00:00,100534.04626184642
2025-07-24 19:25:00+00:00,100514.72677070023
2025-07-24 19:26:00+00:00,100527.31642585775
2025-07-24 19:27:00+00:00,100503.23743093251
2025-07-24 19:28:00+00:00,100510.91404993099
2025-07-24 19:29:00+00:00,100521.61013906889
2025-07-24 19:30:00+00:00,100514.75235943023
2025-07-24 19:31:00+00:00,100497.58232160362
2025-07-24 19:32:00+00:00,100498.63145953341
2025-07-24 19:33:00+00:00,100505.2845293321
2025-07-24 19:34:00+00:00,100500.729735393
2025-07-24 19:35:00+00:00,100487.37241833564
2025-07-24 19:36:00+00:00,100473.58009286836
2025-07-24 19:37:00+00:00,100482.35702725663
2025-07-24 19:38:00+00:00,100473.81039143831
2025-07-24 19:39:00+00:00,100492.46457560462
2025-07-24 19:40:00+00:00,100482.9711567765
2025-07-24 19:41:00+00:00,100475.62719126797
2025-07-24 19:42:00+00:00,100468.89735527929
2025-07-24 19:43:00+00:00,100474.04069000827
2025-07-24 19:44:00+00:00,100478.67225013736
2025-07-24 19:45:00+00:00,100475.60160253796
2025-07-24 19:46:00+00:00,100467.15732163964
2025-07-24 19:47:00+00:00,100492.49016433462
2025-07-24 19:48:00+00:00,100486.91182119572
2025-07-24 19:49:00+00:00,100487.90978166554
2025-07-24 19:50:00+00:00,100511.40023580089
2025-07-24 19:51:00+00:00,100514.72677070023
2025-07-24 19:52:00+00:00,100509.19960502133
2025-07-24 19:53:00+00:00,100505.796303932
2025-07-24 19:54:00+00:00,100505.20776314211
2025-07-24 19:55:00+00:00,100505.84748139199
2025-07-24 19:56:00+00:00,100491.33867148486
2025-07-24 19:57:00+00:00,100473.73362524834
2025-07-24 19:58:00+00:00,100470.27914669902
2025-07-24 19:59:00+00:00,100468.23204829943
2025-07-24 20:00:00+00:00,100453.62088347231
2025-07-24 20:01:00+00:00,100443.35980274432
2025-07-24 20:02:00+00:00,100451.03642174281
2025-07-24 20:03:00+00:00,100447.42841081353
2025-07-24 20:04:00+00:00,100434.19903740614
2025-07-24 20:05:00+00:00,100435.68318374584
2025-07-24 20:06:00+00:00,100453.5952947423
2025-07-24 20:07:00+00:00,100445.45807860392
2025-07-24 20:08:00+00:00,100440.82651847483
2025-07-24 20:09:00+00:00,100437.65351595546
2025-07-24 20:10:00+00:00,100452.13673713259
2025-07-24 20:11:00+00:00,100449.96169508302
2025-07-24 20:12:00+00:00,100440.03326784499
2025-07-24 20:13:00+00:00,100457.61272535152
2025-07-24 20:14:00+00:00,100447.68429811347
2025-07-24 20:15:00+00:00,100454.05589188222
2025-07-24 20:16:00+00:00,100453.05793141242
2025-07-24 20:17:00+00:00,100454.10706934221
2025-07-24 20:18:00+00:00,100457.1521282116
2025-07-24 20:19:00+00:00,100451.77849491267
2025-07-24 20:20:00+00:00,100429.56747727706
2025-07-24 20:21:00+00:00,100431.10280107675
2025-07-24 20:22:00+00:00,100431.61457567665
2025-07-24 20:23:00+00:00,100429.56747727706
2025-07-24 20:24:00+00:00,100428.03215347735
2025-07-24 20:25:00+00:00,100444.81836035404
2025-07-24 20:26:00+00:00,100454.74678759208
2025-07-24 20:27:00+00:00,100456.25652266177
2025-07-24 20:28:00+00:00,100454.6444326721
2025-07-24 20:29:00+00:00,100456.1541677418
2025-07-24 20:30:00+00:00,100431.10280107675
2025-07-24 20:31:00+00:00,100427.98097601737
2025-07-24 20:32:00+00:00,100430.25837298692
2025-07-24 20:33:00+00:00,100436.60437802566
2025-07-24 20:34:00+00:00,100443.87157734422
2025-07-24 20:35:00+00:00,100451.06201047282
2025-07-24 20:36:00+00:00,100449.50109794311
2025-07-24 20:37:00+00:00,100434.17344867614
2025-07-24 20:38:00+00:00,100430.07925187694
2025-07-24 20:39:00+00:00,100434.17344867614
2025-07-24 20:40:00+00:00,100436.22054707573
2025-07-24 20:41:00+00:00,100427.13654792754
2025-07-24 20:42:00+00:00,100421.37908367868
2025-07-24 20:43:00+00:00,100431.02603488677
2025-07-24 20:44:00+00:00,100427.36684649749
2025-07-24 20:45:00+00:00,100426.47124094766
2025-07-24 20:46:00+00:00,100428.51833934725
2025-07-24 20:47:00+00:00,100421.14878510871
2025-07-24 20:48:00+00:00,100436.11819215576
2025-07-24 20:49:00+00:00,100428.51833934725
2025-07-24 20:50:00+00:00,100426.95742681756
2025-07-24 20:51:00+00:00,100424.32178762808
2025-07-24 20:52:00+00:00,100429.3371787071
2025-07-24 20:53:00+00:00,100429.3627674371
2025-07-24 20:54:00+00:00,100435.01787676598
2025-07-24 20:55:00+00:00,100420.81613161878
2025-07-24 20:56:00+00:00,100417.25929814948
2025-07-24 20:57:00+00:00,100414.16306182009
2025-07-24 20:58:00+00:00,100411.45065644063
2025-07-24 20:59:00+00:00,100410.0176875609
2025-07-24 21:00:00+00:00,100410.91329311073
2025-07-24 21:01:00+00:00,100407.25410472146
2025-07-24 21:02:00+00:00,100427.23890284752
2025-07-24 21:03:00+00:00,100420.84172034878
2025-07-24 21:04:00+00:00,100418.25725861928
2025-07-24 21:05:00+00:00,100404.79758664194
2025-07-24 21:06:00+00:00,100417.79666147937
2025-07-24 21:07:00+00:00,100414.64924769
2025-07-24 21:08:00+00:00,100406.5376202816
2025-07-24 21:09:00+00:00,100408.35442011124
2025-07-24 21:10:00+00:00,100398.34922668322
2025-07-24 21:11:00+00:00,100384.53131248595
2025-07-24 21:12:00+00:00,100378.79943696708
2025-07-24 21:13:00+00:00,100380.41152695676
2025-07-24 21:14:00+00:00,100375.52407952772
2025-07-24 21:15:00+00:00,100373.50256985813
2025-07-24 21:16:00+00:00,100372.76049668828
2025-07-24 21:17:00+00:00,100382.45862535635
2025-07-24 21:18:00+00:00,100373.91198953804
2025-07-24 21:19:00+00:00,100371.76253621846
2025-07-24 21:20:00+00:00,100364.77681292985
2025-07-24 21:21:00+00:00,100373.83522334805
2025-07-24 21:22:00+00:00,100371.71135875848
2025-07-24 21:23:00+00:00,100372.73490795828
2025-07-24 21:24:00+00:00,100368.998953379
2025-07-24 21:25:00+00:00,100379.89975235685
2025-07-24 21:26:00+00:00,100391.10761609464
2025-07-24 21:27:00+00:00,100385.52927295576
2025-07-24 21:28:00+00:00,100365.36535371972
2025-07-24 21:29:00+00:00,100360.78497105063
2025-07-24 21:30:00+00:00,100358.22609805113
2025-07-24 21:31:00+00:00,100355.07868426177
2025-07-24 21:32:00+00:00,100364.06032848998
2025-07-24 21:33:00+00:00,100351.26596349251
2025-07-24 21:34:00+00:00,100351.70097190244
2025-07-24 21:35:00+00:00,100350.67742270263
2025-07-24 21:36:00+00:00,100351.93127047239
2025-07-24 21:37:00+00:00,100349.67946223283
2025-07-24 21:38:00+00:00,100347.55559764325
2025-07-24 21:39:00+00:00,100355.8463461616
2025-07-24 21:40:00+00:00,100375.70320063768
2025-07-24 21:41:00+00:00,100361.16880200055
2025-07-24 21:42:00+00:00,100361.14321327057
2025-07-24 21:43:00+00:00,100378.00618633724
2025-07-24 21:44:00+00:00,100379.00414680704
2025-07-24 21:45:00+00:00,100383.17510979621
2025-07-24 21:46:00+00:00,100378.36442855716
2025-07-24 21:47:00+00:00,100371.25076161856
2025-07-24 21:48:00+00:00,100370.94369685862
2025-07-24 21:49:00+00:00,100367.20774227937
2025-07-24 21:50:00+00:00,100367.25891973935
2025-07-24 21:51:00+00:00,100369.5874941689
2025-07-24 21:52:00+00:00,100364.93034530981
2025-07-24 21:53:00+00:00,100368.28246893916
2025-07-24 21:54:00+00:00,100379.54151013693
2025-07-24 21:55:00+00:00,100378.82502569706
2025-07-24 21:56:00+00:00,100374.167876838
2025-07-24 21:57:00+00:00,100369.66426035888
2025-07-24 21:58:00+00:00,100359.14729233095
2025-07-24 21:59:00+00:00,100356.9210728214
2025-07-24 22:00:00+00:00,100362.26911739034
2025-07-24 22:01:00+00:00,100362.4994159603
2025-07-24 22:02:00+00:00,100354.56690966187
2025-07-24 22:03:00+00:00,100381.43507615656
2025-07-24 22:04:00+00:00,100378.85061442707
2025-07-24 22:05:00+00:00,100382.43303662636
2025-07-24 22:06:00+00:00,100370.17603495877
2025-07-24 22:07:00+00:00,100363.72767500006
2025-07-24 22:08:00+00:00,100350.70301143262
2025-07-24 22:09:00+00:00,100351.24037476252
2025-07-24 22:10:00+00:00,100351.49626206247
2025-07-24 22:11:00+00:00,100354.64367585184
2025-07-24 22:12:00+00:00,100340.74899546459
2025-07-24 22:13:00+00:00,100341.77254466439
2025-07-24 22:14:00+00:00,100333.45620741603
2025-07-24 22:15:00+00:00,100342.51461783424
2025-07-24 22:16:00+00:00,100345.94350765357
2025-07-24 22:17:00+00:00,100330.25761616667
2025-07-24 22:18:00+00:00,100343.92199798397
2025-07-24 22:19:00+00:00,100365.64682974968
2025-07-24 22:20:00+00:00,100363.77885246005
2025-07-24 22:21:00+00:00,100344.94554718376
2025-07-24 22:22:00+00:00,100346.3017498735
2025-07-24 22:23:00+00:00,100341.82372212438
2025-07-24 22:24:00+00:00,100346.09704003354
2025-07-24 22:25:00+00:00,100339.46955896485
2025-07-24 22:26:00+00:00,100327.21255729726
2025-07-24 22:27:00+00:00,100327.21255729726
2025-07-24 22:28:00+00:00,100325.5492898476
2025-07-24 22:29:00+00:00,100342.87286005417
2025-07-24 22:30:00+00:00,100339.49514769483
2025-07-24 22:31:00+00:00,100335.06829740571
2025-07-24 22:32:00+00:00,100321.04567336848
2025-07-24 22:33:00+00:00,100328.67111490697
2025-07-24 22:34:00+00:00,100324.67927302777
2025-07-24 22:35:00+00:00,100324.11632096788
2025-07-24 22:36:00+00:00,100326.49607285741
2025-07-24 22:37:00+00:00,100336.39891136545
2025-07-24 22:38:00+00:00,100334.5821115358
2025-07-24 22:39:00+00:00,100323.65572382796
2025-07-24 22:40:00+00:00,100319.53593829878
2025-07-24 22:41:00+00:00,100319.53593829878
2025-07-24 22:42:00+00:00,100319.02416369888
2025-07-24 22:43:00+00:00,100328.23610649706
2025-07-24 22:44:00+00:00,100336.39891136545
2025-07-24 22:45:00+00:00,100323.57895763798
2025-07-24 22:46:00+00:00,100321.37832685842
2025-07-24 22:47:00+00:00,100310.57988280055
2025-07-24 22:48:00+00:00,100309.8378096307
2025-07-24 22:49:00+00:00,100294.97075750363
2025-07-24 22:50:00+00:00,100292.36070704414
2025-07-24 22:51:00+00:00,100278.05660697697
2025-07-24 22:52:00+00:00,100301.47029492234
2025-07-24 22:53:00+00:00,100308.76308297091
2025-07-24 22:54:00+00:00,100301.08646397242
2025-07-24 22:55:00+00:00,100312.06402914025
2025-07-24 22:56:00+00:00,100301.62382730232
2025-07-24 22:57:00+00:00,100321.19920574845
2025-07-24 22:58:00+00:00,100310.70782645053
2025-07-24 22:59:00+00:00,100296.99226717323
2025-07-24 23:00:00+00:00,100298.01581637302
2025-07-24 23:01:00+00:00,100278.4404379269
2025-07-24 23:02:00+00:00,100276.00950857738
2025-07-24 23:03:00+00:00,100291.87452117424
2025-07-24 23:04:00+00:00,100295.53370956352
2025-07-24 23:05:00+00:00,100302.62178777212
2025-07-24 23:06:00+00:00,100320.02212416868
2025-07-24 23:07:00+00:00,100314.3926035698
2025-07-24 23:08:00+00:00,100306.71598457132
2025-07-24 23:09:00+00:00,100315.16026546965
2025-07-24 23:10:00+00:00,100328.64552617699
2025-07-24 23:11:00+00:00,100330.02731759672
2025-07-24 23:12:00+00:00,100335.01711994573
2025-07-24 23:13:00+00:00,100322.06922256827
2025-07-24 23:14:00+00:00,100313.3946431
2025-07-24 23:15:00+00:00,100316.74676672932
2025-07-24 23:16:00+00:00,100333.1235539261
2025-07-24 23:17:00+00:00,100338.1389450051
2025-07-24 23:18:00+00:00,100321.14802828846
2025-07-24 23:19:00+00:00,100331.38352028644
2025-07-24 23:20:00+00:00,100314.92996689968
2025-07-24 23:21:00+00:00,100312.7805135801
2025-07-24 23:22:00+00:00,100318.17973560904
2025-07-24 23:23:00+00:00,100321.42950431841
2025-07-24 23:24:00+00:00,100321.40391558841
2025-07-24 23:25:00+00:00,100308.7886717009
2025-07-24 23:26:00+00:00,100300.03732604263
2025-07-24 23:27:00+00:00,100295.22664480358
2025-07-24 23:28:00+00:00,100284.19790217576
2025-07-24 23:29:00+00:00,100286.32176676534
2025-07-24 23:30:00+00:00,100289.34123690474
2025-07-24 23:31:00+00:00,100283.66053884586
2025-07-24 23:32:00+00:00,100281.12725457636
2025-07-24 23:33:00+00:00,100290.62067340448
2025-07-24 23:34:00+00:00,100280.69224616645
2025-07-24 23:35:00+00:00,100282.56022345608
2025-07-24 23:36:00+00:00,100318.410034179
2025-07-24 23:37:00+00:00,100308.37925202098
2025-07-24 23:38:00+00:00,100309.63309979074
2025-07-24 23:39:00+00:00,100315.46733022959
2025-07-24 23:40:00+00:00,100315.08349927966
2025-07-24 23:41:00+00:00,100314.9043781697
2025-07-24 23:42:00+00:00,100309.65868852072
2025-07-24 23:43:00+00:00,100330.99968933652
2025-07-24 23:44:00+00:00,100308.25130837101
2025-07-24 23:45:00+00:00,100320.68743114854
2025-07-24 23:46:00+00:00,100317.66796100915
2025-07-24 23:47:00+00:00,100309.8122209007
2025-07-24 23:48:00+00:00,100289.92977769462
2025-07-24 23:49:00+00:00,100291.87452117424
2025-07-24 23:50:00+00:00,100289.82742277464
2025-07-24 23:51:00+00:00,100306.51127473135
2025-07-24 23:52:00+00:00,100302.05883571223
2025-07-24 23:53:00+00:00,100293.81926465387
2025-07-24 23:54:00+00:00,100305.69243537151
2025-07-24 23:55:00+00:00,100302.77532015208
2025-07-24 23:56:00+00:00,100306.71598457132
2025-07-24 23:57:00+00:00,100295.96871797343
2025-07-24 23:58:00+00:00,100302.1611906322
2025-07-24 23:59:00+00:00,100312.2943277102
2025-07-25 00:00:00+00:00,100301.6750047623
2025-07-25 00:01:00+00:00,100309.7866321707
2025-07-25 00:02:00+00:00,100321.55744796837
2025-07-25 00:03:00+00:00,100318.74268766894
2025-07-25 00:04:00+00:00,100284.68408804566
2025-07-25 00:05:00+00:00,100306.38333108138
2025-07-25 00:06:00+00:00,100284.65849931567
2025-07-25 00:07:00+00:00,100274.96037064758
2025-07-25 00:08:00+00:00,100259.53036646063
2025-07-25 00:09:00+00:00,100264.46899134965
2025-07-25 00:10:00+00:00,100259.65831011061
2025-07-25 00:11:00+00:00,100255.97353299132
2025-07-25 00:12:00+00:00,100243.25593418384
2025-07-25 00:13:00+00:00,100270.8661738484
2025-07-25 00:14:00+00:00,100266.79756577918
2025-07-25 00:15:00+00:00,100252.49346571202
2025-07-25 00:16:00+00:00,100249.37164065264
2025-07-25 00:17:00+00:00,100262.2171831101
2025-07-25 00:18:00+00:00,100243.25593418384
2025-07-25 00:19:00+00:00,100235.22107296543
2025-07-25 00:20:00+00:00,100235.06754058546
2025-07-25 00:21:00+00:00,100224.85763731747
2025-07-25 00:22:00+00:00,100221.27521511818
2025-07-25 00:23:00+00:00,100225.29264572739
2025-07-25 00:24:00+00:00,100227.39092158698
2025-07-25 00:25:00+00:00,100217.43690561893
2025-07-25 00:26:00+00:00,100243.12799053386
2025-07-25 00:27:00+00:00,100221.47992495814
2025-07-25 00:28:00+00:00,100223.83408811767
2025-07-25 00:29:00+00:00,100214.1103707196
2025-07-25 00:30:00+00:00,100214.82685515945
2025-07-25 00:31:00+00:00,100209.45322186052
2025-07-25 00:32:00+00:00,100203.13280555177
2025-07-25 00:33:00+00:00,100205.38461379132
2025-07-25 00:34:00+00:00,100199.24331859253
2025-07-25 00:35:00+00:00,100171.60749019799
2025-07-25 00:36:00+00:00,100165.38942880921
2025-07-25 00:37:00+00:00,100168.07624545868
2025-07-25 00:38:00+00:00,100160.8858123301
2025-07-25 00:39:00+00:00,100155.76806633112
2025-07-25 00:40:00+00:00,100141.79661975388
2025-07-25 00:41:00+00:00,100140.36365087415
2025-07-25 00:42:00+00:00,100139.90305373425
2025-07-25 00:43:00+00:00,100141.95015213385
2025-07-25 00:44:00+00:00,100173.14281399769
2025-07-25 00:45:00+00:00,100183.04565250572
2025-07-25 00:46:00+00:00,100171.60749019799
2025-07-25 00:47:00+00:00,100161.09052217007
2025-07-25 00:48:00+00:00,100151.13650620203
2025-07-25 00:49:00+00:00,100138.39331866454
2025-07-25 00:50:00+00:00,100141.20807896399
2025-07-25 00:51:00+00:00,100150.08736827223
2025-07-25 00:52:00+00:00,100143.6390083135
2025-07-25 00:53:00+00:00,100148.06585860264
2025-07-25 00:54:00+00:00,100145.48139687315
2025-07-25 00:55:00+00:00,100150.62473160213
2025-07-25 00:56:00+00:00,100150.16413446222
2025-07-25 00:57:00+00:00,100152.13446667184
2025-07-25 00:58:00+00:00,100142.97370133364
2025-07-25 00:59:00+00:00,100141.6686761039
2025-07-25 01:00:00+00:00,100136.55093010492
2025-07-25 01:01:00+00:00,100137.44653565473
2025-07-25 01:02:00+00:00,100140.38923960415
2025-07-25 01:03:00+00:00,100139.77511008427
2025-07-25 01:04:00+00:00,100148.55204447254
2025-07-25 01:05:00+00:00,100144.04842799343
2025-07-25 01:06:00+00:00,100148.60322193253
2025-07-25 01:07:00+00:00,100167.76918069874
2025-07-25 01:08:00+00:00,100140.41482833415
2025-07-25 01:09:00+00:00,100124.52422700729
2025-07-25 01:10:00+00:00,100122.75860463764
2025-07-25 01:11:00+00:00,100119.9438443382
2025-07-25 01:12:00+00:00,100115.90082499899
2025-07-25 01:13:00+00:00,100117.23143895873
2025-07-25 01:14:00+00:00,100115.69611515902
2025-07-25 01:15:00+00:00,100115.3378729391
2025-07-25 01:16:00+00:00,100113.23959707952
2025-07-25 01:17:00+00:00,100084.09403361527
2025-07-25 01:18:00+00:00,100088.29058533444
2025-07-25 01:19:00+00:00,100093.79216228335
2025-07-25 01:20:00+00:00,100071.2740798878
2025-07-25 01:21:00+00:00,100077.95273841648
2025-07-25 01:22:00+00:00,100079.48806221617
2025-07-25 01:23:00+00:00,100064.23717913919
2025-07-25 01:24:00+00:00,100060.57799074991
2025-07-25 01:25:00+00:00,100057.5841093405
2025-07-25 01:26:00+00:00,100066.6936972187
2025-07-25 01:27:00+00:00,100063.87893691927
2025-07-25 01:28:00+00:00,100061.72948359969
2025-07-25 01:29:00+00:00,100078.64363412635
2025-07-25 01:30:00+00:00,100061.08976534981
2025-07-25 01:31:00+00:00,100063.18804120939
2025-07-25 01:32:00+00:00,100056.96997982063
2025-07-25 01:33:00+00:00,100087.9835205745
2025-07-25 01:34:00+00:00,100100.03581240211
2025-07-25 01:35:00+00:00,100106.84241458078
2025-07-25 01:36:00+00:00,100136.49975264492
2025-07-25 01:37:00+00:00,100111.2692648699
2025-07-25 01:38:00+00:00,100097.96312527252
2025-07-25 01:39:00+00:00,100101.5967249318
2025-07-25 01:40:00+00:00,100093.86892847334
2025-07-25 01:41:00+00:00,100094.35511434324
2025-07-25 01:42:00+00:00,100106.10034141093
2025-07-25 01:43:00+00:00,100095.35307481304
2025-07-25 01:44:00+00:00,100078.77157777632
2025-07-25 01:45:00+00:00,100079.20658618624
2025-07-25 01:46:00+00:00,100063.93011437924
2025-07-25 01:47:00+00:00,100062.21566946959
2025-07-25 01:48:00+00:00,100061.08976534981
2025-07-25 01:49:00+00:00,100048.60246511227
2025-07-25 01:50:00+00:00,100037.95755343437
2025-07-25 01:51:00+00:00,100034.45189742507
2025-07-25 01:52:00+00:00,100024.72818002698
2025-07-25 01:53:00+00:00,100033.42834822528
2025-07-25 01:54:00+00:00,100029.92269221597
2025-07-25 01:55:00+00:00,100040.00465183397
2025-07-25 01:56:00+00:00,100069.58522370813
2025-07-25 01:57:00+00:00,100089.97944151411
2025-07-25 01:58:00+00:00,100078.49010174637
2025-07-25 01:59:00+00:00,100064.1348242192
2025-07-25 02:00:00+00:00,100054.43669555112
2025-07-25 02:01:00+00:00,100053.41314635132
2025-07-25 02:02:00+00:00,100052.36400842153
2025-07-25 02:03:00+00:00,100047.37420607252
2025-07-25 02:04:00+00:00,100036.01280995476
2025-07-25 02:05:00+00:00,100042.61470229346
2025-07-25 02:06:00+00:00,100022.16930702749
2025-07-25 02:07:00+00:00,100041.07937849376
2025-07-25 02:08:00+00:00,100020.1222086279
2025-07-25 02:09:00+00:00,100020.1222086279
2025-07-25 02:10:00+00:00,100009.88671662992
2025-07-25 02:11:00+00:00,100011.95940375951
2025-07-25 02:12:00+00:00,99994.53347863295
2025-07-25 02:13:00+00:00,100016.18154420868
2025-07-25 02:14:00+00:00,100017.89598911835
2025-07-25 02:15:00+00:00,100008.81198997013
2025-07-25 02:16:00+00:00,100014.543865489
2025-07-25 02:17:00+00:00,100012.47117835941
2025-07-25 02:18:00+00:00,100005.30633396082
2025-07-25 02:19:00+00:00,100015.82330198874
2025-07-25 02:20:00+00:00,100019.0730706981
2025-07-25 02:21:00+00:00,100015.00446262892
2025-07-25 02:22:00+00:00,100012.47117835941
2025-07-25 02:23:00+00:00,100016.23272166867
2025-07-25 02:24:00+00:00,100013.80179231915
2025-07-25 02:25:00+00:00,99994.53347863295
2025-07-25 02:26:00+00:00,99994.50788990295
2025-07-25 02:27:00+00:00,99994.53347863295
2025-07-25 02:28:00+00:00,99994.53347863295
2025-07-25 02:29:00+00:00,99994.53347863295
2025-07-25 02:30:00+00:00,99989.08307914402
2025-07-25 02:31:00+00:00,99989.211022794
2025-07-25 02:32:00+00:00,99984.29798663498
2025-07-25 02:33:00+00:00,99988.87836930406
2025-07-25 02:34:00+00:00,99977.67050556629
2025-07-25 02:35:00+00:00,99964.05730120896
2025-07-25 02:36:00+00:00,99955.8177301506
2025-07-25 02:37:00+00:00,99944.27721292287
2025-07-25 02:38:00+00:00,99925.18802034664
2025-07-25 02:39:00+00:00,99918.02317594807
2025-07-25 02:40:00+00:00,99912.03541312924
2025-07-25 02:41:00+00:00,99898.01278909201
2025-07-25 02:42:00+00:00,99924.93213304669
2025-07-25 02:43:00+00:00,99867.81808769797
2025-07-25 02:44:00+00:00,99870.2746057775
2025-07-25 02:45:00+00:00,99871.1958000573
2025-07-25 02:46:00+00:00,99841.05227612326
2025-07-25 02:47:00+00:00,99830.25383206538
2025-07-25 02:48:00+00:00,99860.19264615947
2025-07-25 02:49:00+00:00,99905.53587571053
2025-07-25 02:50:00+00:00,99884.86018187461
2025-07-25 02:51:00+00:00,99871.42609862726
2025-07-25 02:52:00+00:00,99853.28368906085
2025-07-25 02:53:00+00:00,99858.6061448998
2025-07-25 02:54:00+00:00,99891.38530802331
2025-07-25 02:55:00+00:00,99871.2725662473
2025-07-25 02:56:00+00:00,99879.05154016576
2025-07-25 02:57:00+00:00,99833.27330220479
2025-07-25 02:58:00+00:00,99832.27534173499
2025-07-25 02:59:00+00:00,99801.08267987115
2025-07-25 03:00:00+00:00,99789.82363867338
2025-07-25 03:01:00+00:00,99778.61577493558
2025-07-25 03:02:00+00:00,99778.07841160569
2025-07-25 03:03:00+00:00,99789.82363867338
2025-07-25 03:04:00+00:00,99727.43831494568
2025-07-25 03:05:00+00:00,99723.80471528642
2025-07-25 03:06:00+00:00,99779.63932413538
2025-07-25 03:07:00+00:00,99809.80843679943
2025-07-25 03:08:00+00:00,99806.66102301005
2025-07-25 03:09:00+00:00,99809.37342838952
2025-07-25 03:10:00+00:00,99784.73148140438
2025-07-25 03:11:00+00:00,99793.35488341267
2025-07-25 03:12:00+00:00,99764.23490867842
2025-07-25 03:13:00+00:00,99760.57572028914
2025-07-25 03:14:00+00:00,99772.09064878688
2025-07-25 03:15:00+00:00,99728.4106866855
2025-07-25 03:16:00+00:00,99715.66749914801
2025-07-25 03:17:00+00:00,99682.04390793465
2025-07-25 03:18:00+00:00,99701.31222162084
2025-07-25 03:19:00+00:00,99691.86998025271
2025-07-25 03:20:00+00:00,99729.9460104852
2025-07-25 03:21:00+00:00,99760.16630060923
2025-07-25 03:22:00+00:00,99755.53474048014
2025-07-25 03:23:00+00:00,99733.91226363441
2025-07-25 03:24:00+00:00,99724.36766734629
2025-07-25 03:25:00+00:00,99734.52639315429
2025-07-25 03:26:00+00:00,99732.4792947547
2025-07-25 03:27:00+00:00,99734.14256220436
2025-07-25 03:28:00+00:00,99715.744265338
2025-07-25 03:29:00+00:00,99722.06468164675
2025-07-25 03:30:00+00:00,99616.81823517753
2025-07-25 03:31:00+00:00,99618.91651103713
2025-07-25 03:32:00+00:00,99570.52822261667
2025-07-25 03:33:00+00:00,99564.8219358278
2025-07-25 03:34:00+00:00,99600.87645639069
2025-07-25 03:35:00+00:00,99555.40528318966
2025-07-25 03:36:00+00:00,99550.85048925056
2025-07-25 03:37:00+00:00,99562.46777266826
2025-07-25 03:38:00+00:00,99566.8178567674
2025-07-25 03:39:00+00:00,99570.52822261667
2025-07-25 03:40:00+00:00,99555.63558175962
2025-07-25 03:41:00+00:00,99564.66840344784
2025-07-25 03:42:00+00:00,99563.90074154799
2025-07-25 03:43:00+00:00,99556.65913095941
2025-07-25 03:44:00+00:00,99565.66636391764
2025-07-25 03:45:00+00:00,99579.9704639848
2025-07-25 03:46:00+00:00,99600.46703671076
2025-07-25 03:47:00+00:00,99616.81823517753
2025-07-25 03:48:00+00:00,99597.93375244125
2025-07-25 03:49:00+00:00,99628.25639748527
2025-07-25 03:50:00+00:00,99576.64392908546
2025-07-25 03:51:00+00:00,99563.61926551803
2025-07-25 03:52:00+00:00,99572.31943371631
2025-07-25 03:53:00+00:00,99555.50763810964
2025-07-25 03:54:00+00:00,99562.67248250822
2025-07-25 03:55:00+00:00,99563.59367678803
2025-07-25 03:56:00+00:00,99563.13307964813
2025-07-25 03:57:00+00:00,99559.85772220878
2025-07-25 03:58:00+00:00,99559.88331093878
2025-07-25 03:59:00+00:00,99563.13307964813
2025-07-25 04:00:00+00:00,99568.12288199714
2025-07-25 04:01:00+00:00,99569.27437484692
2025-07-25 04:02:00+00:00,99574.82712925582
2025-07-25 04:03:00+00:00,99583.73200729406
2025-07-25 04:04:00+00:00,99537.4931721932
2025-07-25 04:05:00+00:00,99533.9363387239
2025-07-25 04:06:00+00:00,99533.9363387239
2025-07-25 04:07:00+00:00,99532.9383782541
2025-07-25 04:08:00+00:00,99513.97712932783
2025-07-25 04:09:00+00:00,99504.25341192976
2025-07-25 04:10:00+00:00,99536.54638918338
2025-07-25 04:11:00+00:00,99521.62815959632
2025-07-25 04:12:00+00:00,99511.41825632834
2025-07-25 04:13:00+00:00,99516.63835724731
2025-07-25 04:14:00+00:00,99511.5973774383
2025-07-25 04:15:00+00:00,99502.94838670001
2025-07-25 04:16:00+00:00,99527.05297035526
2025-07-25 04:17:00+00:00,99519.06928659683
2025-07-25 04:18:00+00:00,99505.45608223951
2025-07-25 04:19:00+00:00,99506.81228492926
2025-07-25 04:20:00+00:00,99503.17868526997
2025-07-25 04:21:00+00:00,99492.99437073199
2025-07-25 04:22:00+00:00,99484.2942025337
2025-07-25 04:23:00+00:00,99482.810056194
2025-07-25 04:24:00+00:00,99491.20315963234
2025-07-25 04:25:00+00:00,99482.52858016404
2025-07-25 04:26:00+00:00,99482.758878734
2025-07-25 04:27:00+00:00,99492.20112010214
2025-07-25 04:28:00+00:00,99545.19537992167
2025-07-25 04:29:00+00:00,99532.9383782541
2025-07-25 04:30:00+00:00,99581.0196019146
2025-07-25 04:31:00+00:00,99600.39027052077
2025-07-25 04:32:00+00:00,99603.3073857402
2025-07-25 04:33:00+00:00,99623.29218386626
2025-07-25 04:34:00+00:00,99617.35559850742
2025-07-25 04:35:00+00:00,99636.21449251371
2025-07-25 04:36:00+00:00,99650.82565734081
2025-07-25 04:37:00+00:00,99674.64876496611
2025-07-25 04:38:00+00:00,99675.08377337603
2025-07-25 04:39:00+00:00,99695.65711229197
2025-07-25 04:40:00+00:00,99678.84531668529
2025-07-25 04:41:00+00:00,99678.97326033526
2025-07-25 04:42:00+00:00,99674.6999424261
2025-07-25 04:43:00+00:00,99655.25250762995
2025-07-25 04:44:00+00:00,99636.49596854365
2025-07-25 04:45:00+00:00,99680.53417286495
2025-07-25 04:46:00+00:00,99689.72052693315
2025-07-25 04:47:00+00:00,99697.29479101163
2025-07-25 04:48:00+00:00,99719.8128734072
2025-07-25 04:49:00+00:00,99733.52843268448
2025-07-25 04:50:00+00:00,99685.31926537401
2025-07-25 04:51:00+00:00,99696.83419387173
2025-07-25 04:52:00+00:00,99688.72256646333
2025-07-25 04:53:00+00:00,99665.99977422782
2025-07-25 04:54:00+00:00,99690.66730994295
2025-07-25 04:55:00+00:00,99704.97141001013
2025-07-25 04:56:00+00:00,99699.0092359213
2025-07-25 04:57:00+00:00,99715.07895835812
2025-07-25 04:58:00+00:00,99739.95120391322
2025-07-25 04:59:00+00:00,99733.17019046456
2025-07-25 05:00:00+00:00,99690.71848740295
2025-07-25 05:01:00+00:00,99683.83511903431
2025-07-25 05:02:00+00:00,99695.27328134204
2025-07-25 05:03:00+00:00,99698.62540497139
2025-07-25 05:04:00+00:00,99708.47706601943
2025-07-25 05:05:00+00:00,99674.7255311561
2025-07-25 05:06:00+00:00,99682.35097269459
2025-07-25 05:07:00+00:00,99629.74054382498
2025-07-25 05:08:00+00:00,99606.81304174951
2025-07-25 05:09:00+00:00,99586.23970283357
2025-07-25 05:10:00+00:00,99628.33316367526
2025-07-25 05:11:00+00:00,99584.80673395385
2025-07-25 05:12:00+00:00,99592.1251107324
2025-07-25 05:13:00+00:00,99550.85048925056
2025-07-25 05:14:00+00:00,99537.87700314312
2025-07-25 05:15:00+00:00,99563.41455567809
2025-07-25 05:16:00+00:00,99585.93263807363
2025-07-25 05:17:00+00:00,99598.90612418107
2025-07-25 05:18:00+00:00,99622.65246561638
2025-07-25 05:19:00+00:00,99647.57588863146
2025-07-25 05:20:00+00:00,99648.21560688133
2025-07-25 05:21:00+00:00,99632.45294920445
2025-07-25 05:22:00+00:00,99625.49281464583
2025-07-25 05:23:00+00:00,99639.69455979302
2025-07-25 05:24:00+00:00,99625.49281464583
2025-07-25 05:25:00+00:00,99627.25843701547
2025-07-25 05:26:00+00:00,99639.82250344299
2025-07-25 05:27:00+00:00,99616.5367591476
2025-07-25 05:28:00+00:00,99617.38118723742
2025-07-25 05:29:00+00:00,99609.19279363904
2025-07-25 05:30:00+00:00,99589.71977011289
2025-07-25 05:31:00+00:00,99588.21003504319
2025-07-25 05:32:00+00:00,99592.27864311238
2025-07-25 05:33:00+00:00,99594.83751611187
2025-07-25 05:34:00+00:00,99589.20799551299
2025-07-25 05:35:00+00:00,99586.93059854343
2025-07-25 05:36:00+00:00,99595.1957583318
2025-07-25 05:37:00+00:00,99594.04426548202
2025-07-25 05:38:00+00:00,99607.4015825394
2025-07-25 05:39:00+00:00,99590.99920661263
2025-07-25 05:40:00+00:00,99580.37988366473
2025-07-25 05:41:00+00:00,99590.10360106282
2025-07-25 05:42:00+00:00,99587.49355060332
2025-07-25 05:43:00+00:00,99612.87757075831
2025-07-25 05:44:00+00:00,99615.97380708769
2025-07-25 05:45:00+00:00,99597.39638911137
2025-07-25 05:46:00+00:00,99585.90704934363
2025-07-25 05:47:00+00:00,99568.02052707717
2025-07-25 05:48:00+00:00,99567.20168771733
2025-07-25 05:49:00+00:00,99562.13511917833
2025-07-25 05:50:00+00:00,99569.22319738692
2025-07-25 05:51:00+00:00,99574.3665321159
2025-07-25 05:52:00+00:00,99577.92336558521
2025-07-25 05:53:00+00:00,99578.43514018512
2025-07-25 05:54:00+00:00,99577.61630082528
2025-07-25 05:55:00+00:00,99587.16089711338
2025-07-25 05:56:00+00:00,99577.43717971531
2025-07-25 05:57:00+00:00,99586.1373479136
2025-07-25 05:58:00+00:00,99604.53564477996
2025-07-25 05:59:00+00:00,99590.25713344278
2025-07-25 06:00:00+00:00,99579.5098668449
2025-07-25 06:01:00+00:00,99589.51506027293
2025-07-25 06:02:00+00:00,99581.09636810458
2025-07-25 06:03:00+00:00,99590.82008550267
2025-07-25 06:04:00+00:00,99561.44422346847
2025-07-25 06:05:00+00:00,99549.28957672087
2025-07-25 06:06:00+00:00,99531.3774657244
2025-07-25 06:07:00+00:00,99547.77984165117
2025-07-25 06:08:00+00:00,99546.73070372138
2025-07-25 06:09:00+00:00,99551.56697369041
2025-07-25 06:10:00+00:00,99550.74813433058
2025-07-25 06:11:00+00:00,99554.12584668992
2025-07-25 06:12:00+00:00,99559.49947998885
2025-07-25 06:13:00+00:00,99563.64485424804
2025-07-25 06:14:00+00:00,99559.55065744884
2025-07-25 06:15:00+00:00,99554.84233112977
2025-07-25 06:16:00+00:00,99539.05408472288
2025-07-25 06:17:00+00:00,99559.93448839877
2025-07-25 06:18:00+00:00,99553.20465241009
2025-07-25 06:19:00+00:00,99577.87218812521
2025-07-25 06:20:00+00:00,99554.56085509983
2025-07-25 06:21:00+00:00,99551.74609480039
2025-07-25 06:22:00+00:00,99548.0869064111
2025-07-25 06:23:00+00:00,99538.92614107291
2025-07-25 06:24:00+00:00,99538.54231012298
2025-07-25 06:25:00+00:00,99531.4030544544
2025-07-25 06:26:00+00:00,99534.4481133238
2025-07-25 06:27:00+00:00,99522.16552292623
2025-07-25 06:28:00+00:00,99525.59441274554
2025-07-25 06:29:00+00:00,99535.98343712349
2025-07-25 06:30:00+00:00,99523.317015776
2025-07-25 06:31:00+00:00,99520.32313436658
2025-07-25 06:32:00+00:00,99519.7090048467
2025-07-25 06:33:00+00:00,99523.16348339603
2025-07-25 06:34:00+00:00,99525.23617052562
2025-07-25 06:35:00+00:00,99521.7561032463
2025-07-25 06:36:00+00:00,99523.52172561595
2025-07-25 06:37:00+00:00,99528.30681812501
2025-07-25 06:38:00+00:00,99526.02942115546
2025-07-25 06:39:00+00:00,99527.64151114514
2025-07-25 06:40:00+00:00,99551.87403845036
2025-07-25 06:41:00+00:00,99569.24878611692
2025-07-25 06:42:00+00:00,99561.08598124854
2025-07-25 06:43:00+00:00,99558.50151951905
2025-07-25 06:44:00+00:00,99559.52506871885
2025-07-25 06:45:00+00:00,99568.22523691713
2025-07-25 06:46:00+00:00,99574.08505608597
2025-07-25 06:47:00+00:00,99555.89146905957
2025-07-25 06:48:00+00:00,99560.2159644287
2025-07-25 06:49:00+00:00,99559.44830252886
2025-07-25 06:50:00+00:00,99552.12992575031
2025-07-25 06:51:00+00:00,99554.6632100198
2025-07-25 06:52:00+00:00,99550.33871465066
2025-07-25 06:53:00+00:00,99546.47481642143
2025-07-25 06:54:00+00:00,99537.16051870325
2025-07-25 06:55:00+00:00,99536.18814696345
2025-07-25 06:56:00+00:00,99536.13696950347
2025-07-25 06:57:00+00:00,99538.46554393301
2025-07-25 06:58:00+00:00,99535.52283998358
2025-07-25 06:59:00+00:00,99534.4737020538
2025-07-25 07:00:00+00:00,99489.43753726268
2025-07-25 07:01:00+00:00,99481.50503096425
2025-07-25 07:02:00+00:00,99479.17645653471
2025-07-25 07:03:00+00:00,99482.733290004
2025-07-25 07:04:00+00:00,99489.3863598027
2025-07-25 07:05:00+00:00,99492.99437073199
2025-07-25 07:06:00+00:00,99482.14474921413
2025-07-25 07:07:00+00:00,99479.27881145469
2025-07-25 07:08:00+00:00,99474.08429926571
2025-07-25 07:09:00+00:00,99482.733290004
2025-07-25 07:10:00+00:00,99470.27157849647
2025-07-25 07:11:00+00:00,99465.81913947735
2025-07-25 07:12:00+00:00,99506.47963143932
2025-07-25 07:13:00+00:00,99563.69603170802
2025-07-25 07:14:00+00:00,99587.80061536326
2025-07-25 07:15:00+00:00,99632.24823936449
2025-07-25 07:16:00+00:00,99665.99977422782
2025-07-25 07:17:00+00:00,99652.66804590046
2025-07-25 07:18:00+00:00,99657.06930745958
2025-07-25 07:19:00+00:00,99661.80322250865
2025-07-25 07:20:00+00:00,99642.66285247242
2025-07-25 07:21:00+00:00,99608.68101903914
2025-07-25 07:22:00+00:00,99570.75852118662
2025-07-25 07:23:00+00:00,99602.51413511035
2025-07-25 07:24:00+00:00,99653.69159510024
2025-07-25 07:25:00+00:00,99648.34355053131
2025-07-25 07:26:00+00:00,99626.23488781568
2025-07-25 07:27:00+00:00,99610.54899632877
2025-07-25 07:28:00+00:00,99612.74962710834
2025-07-25 07:29:00+00:00,99598.41993831117
2025-07-25 07:30:00+00:00,99605.55919397976
2025-07-25 07:31:00+00:00,99603.02590971025
2025-07-25 07:32:00+00:00,99589.51506027293
2025-07-25 07:33:00+00:00,99555.7379366796
2025-07-25 07:34:00+00:00,99532.4010149242
2025-07-25 07:35:00+00:00,99513.49094345793
2025-07-25 07:36:00+00:00,99526.89943797528
2025-07-25 07:37:00+00:00,99538.414366473
2025-07-25 07:38:00+00:00,99552.33463559026
2025-07-25 07:39:00+00:00,99546.73070372138
2025-07-25 07:40:00+00:00,99532.4010149242
2025-07-25 07:41:00+00:00,99508.32201999896
2025-07-25 07:42:00+00:00,99504.50929922971
2025-07-25 07:43:00+00:00,99500.23598132055
2025-07-25 07:44:00+00:00,99503.71604859986
2025-07-25 07:45:00+00:00,99498.39359276091
2025-07-25 07:46:00+00:00,99498.64948006086
2025-07-25 07:47:00+00:00,99527.76945479511
2025-07-25 07:48:00+00:00,99518.12250358702
2025-07-25 07:49:00+00:00,99505.5328484295
2025-07-25 07:50:00+00:00,99504.22782319976
2025-07-25 07:51:00+00:00,99493.99233120179
2025-07-25 07:52:00+00:00,99449.8773606905
2025-07-25 07:53:00+00:00,99403.99676780956
2025-07-25 07:54:00+00:00,99395.68043056119
2025-07-25 07:55:00+00:00,99388.64352981259
2025-07-25 07:56:00+00:00,99402.38467781988
2025-07-25 07:57:00+00:00,99469.45273913663
2025-07-25 07:58:00+00:00,99514.61684757771
2025-07-25 07:59:00+00:00,99540.10322265269
2025-07-25 08:00:00+00:00,99596.39842864157
2025-07-25 08:01:00+00:00,99570.19556912674
2025-07-25 08:02:00+00:00,99616.22969438764
2025-07-25 08:03:00+00:00,99575.44125877571
2025-07-25 08:04:00+00:00,99577.9745430452
2025-07-25 08:05:00+00:00,99608.62984157915
2025-07-25 08:06:00+00:00,99590.25713344278
2025-07-25 08:07:00+00:00,99588.18444631319
2025-07-25 08:08:00+00:00,99578.12807542516
2025-07-25 08:09:00+00:00,99575.87626718561
2025-07-25 08:10:00+00:00,99574.77595179583
2025-07-25 08:11:00+00:00,99524.87792830568
2025-07-25 08:12:00+00:00,99578.4863176451
2025-07-25 08:13:00+00:00,99624.03425703611
2025-07-25 08:14:00+00:00,99626.36283146565
2025-07-25 08:15:00+00:00,99587.26325203337
2025-07-25 08:16:00+00:00,99606.60833190955
2025-07-25 08:17:00+00:00,99594.35133024197
2025-07-25 08:18:00+00:00,99615.79468597773
2025-07-25 08:19:00+00:00,99635.26770950388
2025-07-25 08:20:00+00:00,99691.17908454285
2025-07-25 08:21:00+00:00,99686.93135536369
2025-07-25 08:22:00+00:00,99689.79729312312
2025-07-25 08:23:00+00:00,99687.98049329348
2025-07-25 08:24:00+00:00,99656.53194412969
2025-07-25 08:25:00+00:00,99661.87998869864
2025-07-25 08:26:00+00:00,99656.91577507961
2025-07-25 08:27:00+00:00,99644.99142690196
2025-07-25 08:28:00+00:00,99652.30980368053
2025-07-25 08:29:00+00:00,99638.64542186321
2025-07-25 08:30:00+00:00,99616.10175073767
2025-07-25 08:31:00+00:00,99629.56142271502
2025-07-25 08:32:00+00:00,99607.42717126939
2025-07-25 08:33:00+00:00,99587.82620409326
2025-07-25 08:34:00+00:00,99568.53230167707
2025-07-25 08:35:00+00:00,99552.48816797024
2025-07-25 08:36:00+00:00,99525.3129367156
2025-07-25 08:37:00+00:00,99503.22986272996
2025-07-25 08:38:00+00:00,99534.9598879237
2025-07-25 08:39:00+00:00,99527.99975336507
2025-07-25 08:40:00+00:00,99501.92483750022
2025-07-25 08:41:00+00:00,99482.52858016404
2025-07-25 08:42:00+00:00,99488.4139880629
2025-07-25 08:43:00+00:00,99487.87662473299
2025-07-25 08:44:00+00:00,99480.35353811448
2025-07-25 08:45:00+00:00,99483.60330682383
2025-07-25 08:46:00+00:00,99505.0466625596
2025-07-25 08:47:00+00:00,99573.34298291612
2025-07-25 08:48:00+00:00,99598.39434958117
2025-07-25 08:49:00+00:00,99568.45553548708
2025-07-25 08:50:00+00:00,99568.71142278703
2025-07-25 08:51:00+00:00,99535.67637236355
2025-07-25 08:52:00+00:00,99549.03368942092
2025-07-25 08:53:00+00:00,99509.37115792875
2025-07-25 08:54:00+00:00,99531.83806286432
2025-07-25 08:55:00+00:00,99513.03034631803
2025-07-25 08:56:00+00:00,99512.46739425814
2025-07-25 08:57:00+00:00,99516.53600232734
2025-07-25 08:58:00+00:00,99516.7151234373
2025-07-25 08:59:00+00:00,99506.32609905936
2025-07-25 09:00:00+00:00,99499.13566593078
2025-07-25 09:01:00+00:00,99500.69657846045
2025-07-25 09:02:00+00:00,99482.68211254402
2025-07-25 09:03:00+00:00,99492.45700740209
2025-07-25 09:04:00+00:00,99471.01365166632
2025-07-25 09:05:00+00:00,99523.52172561595
2025-07-25 09:06:00+00:00,99481.7353295342
2025-07-25 09:07:00+00:00,99498.13770546098
2025-07-25 09:08:00+00:00,99479.68823113461
2025-07-25 09:09:00+00:00,99466.48444645721
2025-07-25 09:10:00+00:00,99476.61758353522
2025-07-25 09:11:00+00:00,99473.03516133592
2025-07-25 09:12:00+00:00,99475.59403433542
2025-07-25 09:13:00+00:00,99486.3413009333
2025-07-25 09:14:00+00:00,99540.07763392269
2025-07-25 09:15:00+00:00,99534.9342991937
2025-07-25 09:16:00+00:00,99508.091721429
2025-07-25 09:17:00+00:00,99495.80913103142
2025-07-25 09:18:00+00:00,99543.19945898207
2025-07-25 09:19:00+00:00,99573.93152370601
2025-07-25 09:20:00+00:00,99572.83120831622
2025-07-25 09:21:00+00:00,99589.92447995284
2025-07-25 09:22:00+00:00,99605.58478270975
2025-07-25 09:23:00+00:00,99619.22357579706
2025-07-25 09:24:00+00:00,99632.40177174445
2025-07-25 09:25:00+00:00,99598.41993831117
2025-07-25 09:26:00+00:00,99618.12326040727
2025-07-25 09:27:00+00:00,99636.26566997368
2025-07-25 09:28:00+00:00,99651.95156146059
2025-07-25 09:29:00+00:00,99656.04575825979
2025-07-25 09:30:00+00:00,99669.27513166718
2025-07-25 09:31:00+00:00,99632.12029571451
2025-07-25 09:32:00+00:00,99665.97418549782
2025-07-25 09:33:00+00:00,99666.97214596762
2025-07-25 09:34:00+00:00,99667.76539659748
2025-07-25 09:35:00+00:00,99677.2076379656
2025-07-25 09:36:00+00:00,99654.71514430005
2025-07-25 09:37:00+00:00,99666.99773469762
2025-07-25 09:38:00+00:00,99665.82065311786
2025-07-25 09:39:00+00:00,99655.35486254992
2025-07-25 09:40:00+00:00,99649.93005179099
2025-07-25 09:41:00+00:00,99645.52879023187
2025-07-25 09:42:00+00:00,99619.556229287
2025-07-25 09:43:00+00:00,99612.59609472836
2025-07-25 09:44:00+00:00,99597.93375244125
2025-07-25 09:45:00+00:00,99602.53972384035
2025-07-25 09:46:00+00:00,99595.37487944178
2025-07-25 09:47:00+00:00,99585.13938744379
2025-07-25 09:48:00+00:00,99596.29607372158
2025-07-25 09:49:00+00:00,99581.94079619442
2025-07-25 09:50:00+00:00,99586.90500981343
2025-07-25 09:51:00+00:00,99578.972503515
2025-07-25 09:52:00+00:00,99590.71773058269
2025-07-25 09:53:00+00:00,99620.22153626686
2025-07-25 09:54:00+00:00,99618.86533357712
2025-07-25 09:55:00+00:00,99679.92004334508
2025-07-25 09:56:00+00:00,99678.2567758954
2025-07-25 09:57:00+00:00,99693.04706183248
2025-07-25 09:58:00+00:00,99702.31018209064
2025-07-25 09:59:00+00:00,99719.2243326173
2025-07-25 10:00:00+00:00,99717.43312151766
2025-07-25 10:01:00+00:00,99738.10881535358
2025-07-25 10:02:00+00:00,99788.97921058354
2025-07-25 10:03:00+00:00,99770.37620387721
2025-07-25 10:04:00+00:00,99756.04651508004
2025-07-25 10:05:00+00:00,99740.33503486315
2025-07-25 10:06:00+00:00,99752.95027875065
2025-07-25 10:07:00+00:00,99732.91430316461
2025-07-25 10:08:00+00:00,99739.18354201337
2025-07-25 10:09:00+00:00,99737.52027456369
2025-07-25 10:10:00+00:00,99711.52212488884
2025-07-25 10:11:00+00:00,99728.9224612854
2025-07-25 10:12:00+00:00,99749.90521988126
2025-07-25 10:13:00+00:00,99751.46613241095
2025-07-25 10:14:00+00:00,99768.61058150756
2025-07-25 10:15:00+00:00,99750.10992972122
2025-07-25 10:16:00+00:00,99743.09861770259
2025-07-25 10:17:00+00:00,99767.81733087772
2025-07-25 10:18:00+00:00,99767.48467738778
2025-07-25 10:19:00+00:00,99771.91152767692
2025-07-25 10:20:00+00:00,99769.86442927731
2025-07-25 10:21:00+00:00,99779.6137354054
2025-07-25 10:22:00+00:00,99769.04558991747
2025-07-25 10:23:00+00:00,99778.0272341457
2025-07-25 10:24:00+00:00,99772.57683465678
2025-07-25 10:25:00+00:00,99761.39455964898
2025-07-25 10:26:00+00:00,99735.57553108409
2025-07-25 10:27:00+00:00,99754.99737715026
2025-07-25 10:28:00+00:00,99757.83772617968
2025-07-25 10:29:00+00:00,99742.74037548267
2025-07-25 10:30:00+00:00,99758.09361347964
2025-07-25 10:31:00+00:00,99760.16630060923
2025-07-25 10:32:00+00:00,99759.70570346931
2025-07-25 10:33:00+00:00,99788.49302471364
2025-07-25 10:34:00+00:00,99799.3682349615
2025-07-25 10:35:00+00:00,99812.16259995896
2025-07-25 10:36:00+00:00,99812.9814393188
2025-07-25 10:37:00+00:00,99803.9230289006
2025-07-25 10:38:00+00:00,99807.76133839984
2025-07-25 10:39:00+00:00,99788.46743598364
2025-07-25 10:40:00+00:00,99790.13070343331
2025-07-25 10:41:00+00:00,99809.78284806943
2025-07-25 10:42:00+00:00,99815.41236866832
2025-07-25 10:43:00+00:00,99809.73167060944
2025-07-25 10:44:00+00:00,99815.36119120833
2025-07-25 10:45:00+00:00,99831.78915586509
2025-07-25 10:46:00+00:00,99801.97828542098
2025-07-25 10:47:00+00:00,99794.19931150251
2025-07-25 10:48:00+00:00,99808.24752426974
2025-07-25 10:49:00+00:00,99807.19838633994
2025-07-25 10:50:00+00:00,99820.78600196727
2025-07-25 10:51:00+00:00,99817.4594670679
2025-07-25 10:52:00+00:00,99819.50656546751
2025-07-25 10:53:00+00:00,99823.70311718668
2025-07-25 10:54:00+00:00,99820.99071180722
2025-07-25 10:55:00+00:00,99813.39085899873
2025-07-25 10:56:00+00:00,99790.7192442232
2025-07-25 10:57:00+00:00,99797.52584640186
2025-07-25 10:58:00+00:00,99787.90448392375
2025-07-25 10:59:00+00:00,99789.82363867338
2025-07-25 11:00:00+00:00,99798.39586322168
2025-07-25 11:01:00+00:00,99805.8933611102
2025-07-25 11:02:00+00:00,99823.6007622667
2025-07-25 11:03:00+00:00,99818.5341937277
2025-07-25 11:04:00+00:00,99833.50360077474
2025-07-25 11:05:00+00:00,99820.14628371739
2025-07-25 11:06:00+00:00,99835.8065864743
2025-07-25 11:07:00+00:00,99844.73705324253
2025-07-25 11:08:00+00:00,99870.7096141874
2025-07-25 11:09:00+00:00,99872.60318020702
2025-07-25 11:10:00+00:00,99860.1158799695
2025-07-25 11:11:00+00:00,99859.6041053696
2025-07-25 11:12:00+00:00,99857.86407172994
2025-07-25 11:13:00+00:00,99841.58963945316
2025-07-25 11:14:00+00:00,99835.65305409432
2025-07-25 11:15:00+00:00,99845.12088419245
2025-07-25 11:16:00+00:00,99849.21508099165
2025-07-25 11:17:00+00:00,99852.56720462098
2025-07-25 11:18:00+00:00,99857.37788586004
2025-07-25 11:19:00+00:00,99853.69310874076
2025-07-25 11:20:00+00:00,99841.15463104323
2025-07-25 11:21:00+00:00,99857.37788586004
2025-07-25 11:22:00+00:00,99872.09140560712
2025-07-25 11:23:00+00:00,99883.60633410486
2025-07-25 11:24:00+00:00,99895.88892450243
2025-07-25 11:25:00+00:00,99901.0834366914
2025-07-25 11:26:00+00:00,99909.39977393976
2025-07-25 11:27:00+00:00,99904.97292365064
2025-07-25 11:28:00+00:00,99907.04561078023
2025-07-25 11:29:00+00:00,99888.85202375382
2025-07-25 11:30:00+00:00,99888.08436185397
2025-07-25 11:31:00+00:00,99876.8253206562
2025-07-25 11:32:00+00:00,99869.25105657769
2025-07-25 11:33:00+00:00,99885.01371425457
2025-07-25 11:34:00+00:00,99896.24716672236
2025-07-25 11:35:00+00:00,99899.34340305175
2025-07-25 11:36:00+00:00,99902.41405065113
2025-07-25 11:37:00+00:00,99898.85721718185
2025-07-25 11:38:00+00:00,99906.86648967027
2025-07-25 11:39:00+00:00,99887.06081265418
2025-07-25 11:40:00+00:00,99877.41386144608
2025-07-25 11:41:00+00:00,99835.39716679437
2025-07-25 11:42:00+00:00,99839.97754946347
2025-07-25 11:43:00+00:00,99848.16594306185
2025-07-25 11:44:00+00:00,99841.00109866327
2025-07-25 11:45:00+00:00,99849.4709682916
2025-07-25 11:46:00+00:00,99855.38196492042
2025-07-25 11:47:00+00:00,99856.99405491012
2025-07-25 11:48:00+00:00,99861.95826852912
2025-07-25 11:49:00+00:00,99872.29611544708
2025-07-25 11:50:00+00:00,99870.40254942747
2025-07-25 11:51:00+00:00,99847.57740227197
2025-07-25 11:52:00+00:00,99843.58556039276
2025-07-25 11:53:00+00:00,99869.04634673773
2025-07-25 11:54:00+00:00,99863.97977819873
2025-07-25 11:55:00+00:00,99846.27237704223
2025-07-25 11:56:00+00:00,99871.93787322716
2025-07-25 11:57:00+00:00,99858.22231394987
2025-07-25 11:58:00+00:00,99859.45057298962
2025-07-25 11:59:00+00:00,99848.19153179185
2025-07-25 12:00:00+00:00,99867.99720880794
2025-07-25 12:01:00+00:00,99858.88762092973
2025-07-25 12:02:00+00:00,99859.0667420397
2025-07-25 12:03:00+00:00,99852.26013986104
2025-07-25 12:04:00+00:00,99851.21100193125
2025-07-25 12:05:00+00:00,99828.6929195357
2025-07-25 12:06:00+00:00,99816.35915167813
2025-07-25 12:07:00+00:00,99828.2067336658
2025-07-25 12:08:00+00:00,99830.2026546054
2025-07-25 12:09:00+00:00,99833.29889093479
2025-07-25 12:10:00+00:00,99835.90894139427
2025-07-25 12:11:00+00:00,99809.32225092952
2025-07-25 12:12:00+00:00,99823.95900448663
2025-07-25 12:13:00+00:00,99823.6263509967
2025-07-25 12:14:00+00:00,99845.09529546247
2025-07-25 12:15:00+00:00,99848.88242750171
2025-07-25 12:16:00+00:00,99842.8690759529
2025-07-25 12:17:00+00:00,99829.76764619548
2025-07-25 12:18:00+00:00,99835.34598933438
2025-07-25 12:19:00+00:00,99829.05116175563
2025-07-25 12:20:00+00:00,99834.85980346448
2025-07-25 12:21:00+00:00,99830.25383206538
2025-07-25 12:22:00+00:00,99805.68865127023
2025-07-25 12:23:00+00:00,99794.91579594236
2025-07-25 12:24:00+00:00,99777.25957224585
2025-07-25 12:25:00+00:00,99777.10603986589
2025-07-25 12:26:00+00:00,99783.68234347459
2025-07-25 12:27:00+00:00,99782.68438300479
2025-07-25 12:28:00+00:00,99780.86758317513
2025-07-25 12:29:00+00:00,99778.46224255562
2025-07-25 12:30:00+00:00,99775.4939498762
2025-07-25 12:31:00+00:00,99761.16426107903
2025-07-25 12:32:00+00:00,99738.64617868347
2025-07-25 12:33:00+00:00,99712.00831075874
2025-07-25 12:34:00+00:00,99716.12809628792
2025-07-25 12:35:00+00:00,99764.23490867842
2025-07-25 12:36:00+00:00,99761.16426107903
2025-07-25 12:37:00+00:00,99741.12828549299
2025-07-25 12:38:00+00:00,99728.4106866855
2025-07-25 12:39:00+00:00,99709.47502648924
2025-07-25 12:40:00+00:00,99719.17315515732
2025-07-25 12:41:00+00:00,99763.97902137847
2025-07-25 12:42:00+00:00,99782.81232665476
2025-07-25 12:43:00+00:00,99821.01630053722
2025-07-25 12:44:00+00:00,99822.039849737
2025-07-25 12:45:00+00:00,99831.30296999519
2025-07-25 12:46:00+00:00,99827.69495906589
2025-07-25 12:47:00+00:00,99807.24956379994
2025-07-25 12:48:00+00:00,99810.80639726923
2025-07-25 12:49:00+00:00,99833.29889093479
2025-07-25 12:50:00+00:00,99797.96085481177
2025-07-25 12:51:00+00:00,99783.73352093458
2025-07-25 12:52:00+00:00,99775.36600622622
2025-07-25 12:53:00+00:00,99764.26049740842
2025-07-25 12:54:00+00:00,99749.39344528136
2025-07-25 12:55:00+00:00,99724.8538532162
2025-07-25 12:56:00+00:00,99726.49153193587
2025-07-25 12:57:00+00:00,99725.59592638606
2025-07-25 12:58:00+00:00,99731.4557455549
2025-07-25 12:59:00+00:00,99741.20505168298
2025-07-25 13:00:00+00:00,99742.30536707275
2025-07-25 13:01:00+00:00,99726.10770098596
2025-07-25 13:02:00+00:00,99731.50692301488
2025-07-25 13:03:00+00:00,99715.89779771797
2025-07-25 13:04:00+00:00,99713.59481201842
2025-07-25 13:05:00+00:00,99717.2540004077
2025-07-25 13:06:00+00:00,99728.46186414549
2025-07-25 13:07:00+00:00,99731.94193142481
2025-07-25 13:08:00+00:00,99737.9808717036
2025-07-25 13:09:00+00:00,99735.06375648419
2025-07-25 13:10:00+00:00,99739.15795328337
2025-07-25 13:11:00+00:00,99737.11085488378
2025-07-25 13:12:00+00:00,99738.64617868347
2025-07-25 13:13:00+00:00,99739.13236455338
2025-07-25 13:14:00+00:00,99734.57757061429
2025-07-25 13:15:00+00:00,99742.66360929268
2025-07-25 13:16:00+00:00,99738.92765471342
2025-07-25 13:17:00+00:00,99743.09861770259
2025-07-25 13:18:00+00:00,99735.984950764
2025-07-25 13:19:00+00:00,99731.71163285484
2025-07-25 13:20:00+00:00,99727.69420224564
2025-07-25 13:21:00+00:00,99724.8538532162
2025-07-25 13:22:00+00:00,99733.17019046456
2025-07-25 13:23:00+00:00,99740.64209962309
2025-07-25 13:24:00+00:00,99735.24287759415
2025-07-25 13:25:00+00:00,99737.0596774238
2025-07-25 13:26:00+00:00,99738.77412233345
2025-07-25 13:27:00+00:00,99741.74241501286
2025-07-25 13:28:00+00:00,99741.48652771291
2025-07-25 13:29:00+00:00,99740.97475311303
2025-07-25 13:30:00+00:00,99705.71348317998
2025-07-25 13:31:00+00:00,99688.51785662338
2025-07-25 13:32:00+00:00,99737.59704075368
2025-07-25 13:33:00+00:00,99831.27738126519
2025-07-25 13:34:00+00:00,99826.69699859609
2025-07-25 13:35:00+00:00,99841.15463104323
2025-07-25 13:36:00+00:00,99845.58148133237
2025-07-25 13:37:00+00:00,99748.06283132161
2025-07-25 13:38:00+00:00,99720.2222930871
2025-07-25 13:39:00+00:00,99702.82195669055
2025-07-25 13:40:00+00:00,99667.53509802753
2025-07-25 13:41:00+00:00,99615.07820153788
2025-07-25 13:42:00+00:00,99611.23989203863
2025-07-25 13:43:00+00:00,99645.8358549918
2025-07-25 13:44:00+00:00,99629.56142271502
2025-07-25 13:45:00+00:00,99644.24935373211
2025-07-25 13:46:00+00:00,99652.9751106604
2025-07-25 13:47:00+00:00,99685.29367664401
2025-07-25 13:48:00+00:00,99669.04483309723
2025-07-25 13:49:00+00:00,99681.35301222479
2025-07-25 13:50:00+00:00,99640.41104423287
2025-07-25 13:51:00+00:00,99644.58200722205
2025-07-25 13:52:00+00:00,99714.59277248822
2025-07-25 13:53:00+00:00,99726.8753628858
2025-07-25 13:54:00+00:00,99714.56718375823
2025-07-25 13:55:00+00:00,99738.10881535358
2025-07-25 13:56:00+00:00,99721.09230990693
2025-07-25 13:57:00+00:00,99742.5868431027
2025-07-25 13:58:00+00:00,99772.19300370685
2025-07-25 13:59:00+00:00,99773.62597258657
2025-07-25 14:00:00+00:00,99777.33633843584
2025-07-25 14:01:00+00:00,99761.75280186892
2025-07-25 14:02:00+00:00,99740.71886581308
2025-07-25 14:03:00+00:00,99694.22414341226
2025-07-25 14:04:00+00:00,99687.49430742358
2025-07-25 14:05:00+00:00,99664.41327296813
2025-07-25 14:06:00+00:00,99686.98253282368
2025-07-25 14:07:00+00:00,99707.1464520597
2025-07-25 14:08:00+00:00,99669.04483309723
2025-07-25 14:09:00+00:00,99688.49226789338
2025-07-25 14:10:00+00:00,99650.64653623085
2025-07-25 14:11:00+00:00,99654.71514430005
2025-07-25 14:12:00+00:00,99646.65469435164
2025-07-25 14:13:00+00:00,99610.75370616873
2025-07-25 14:14:00+00:00,99610.67693997874
2025-07-25 14:15:00+00:00,99649.93005179099
2025-07-25 14:16:00+00:00,99624.00866830611
2025-07-25 14:17:00+00:00,99557.50355904925
2025-07-25 14:18:00+00:00,99570.27233531672
2025-07-25 14:19:00+00:00,99603.97269272007
2025-07-25 14:20:00+00:00,99633.80915189418
2025-07-25 14:21:00+00:00,99617.38118723742
2025-07-25 14:22:00+00:00,99629.1264143051
2025-07-25 14:23:00+00:00,99596.39842864157
2025-07-25 14:24:00+00:00,99606.60833190955
2025-07-25 14:25:00+00:00,99640.56457661284
2025-07-25 14:26:00+00:00,99595.86106531168
2025-07-25 14:27:00+00:00,99618.78856738715
2025-07-25 14:28:00+00:00,99608.24601062923
2025-07-25 14:29:00+00:00,99606.40362206959
2025-07-25 14:30:00+00:00,99592.27864311238
2025-07-25 14:31:00+00:00,99582.5549257143
2025-07-25 14:32:00+00:00,99528.07651955506
2025-07-25 14:33:00+00:00,99534.9598879237
2025-07-25 14:34:00+00:00,99559.01329411895
2025-07-25 14:35:00+00:00,99609.19279363904
2025-07-25 14:36:00+00:00,99589.23358424299
2025-07-25 14:37:00+00:00,99550.72254560058
2025-07-25 14:38:00+00:00,99529.8421419247
2025-07-25 14:39:00+00:00,99508.34760872895
2025-07-25 14:40:00+00:00,99499.67302926067
2025-07-25 14:41:00+00:00,99479.68823113461
2025-07-25 14:42:00+00:00,99540.84529582254
2025-07-25 14:43:00+00:00,99481.99121683415
2025-07-25 14:44:00+00:00,99480.7373690644
2025-07-25 14:45:00+00:00,99474.57048513563
2025-07-25 14:46:00+00:00,99492.86642708202
2025-07-25 14:47:00+00:00,99521.65374832632
2025-07-25 14:48:00+00:00,99502.89720924002
2025-07-25 14:49:00+00:00,99517.07336565723
2025-07-25 14:50:00+00:00,99522.70288625611
2025-07-25 14:51:00+00:00,99490.94727233239
2025-07-25 14:52:00+00:00,99488.43957679288
2025-07-25 14:53:00+00:00,99472.72809657599
2025-07-25 14:54:00+00:00,99485.8295263334
2025-07-25 14:55:00+00:00,99485.2921630035
2025-07-25 14:56:00+00:00,99460.77815966835
2025-07-25 14:57:00+00:00,99446.16699484123
2025-07-25 14:58:00+00:00,99450.03089307046
2025-07-25 14:59:00+00:00,99444.81079215149
2025-07-25 15:00:00+00:00,99469.45273913663
2025-07-25 15:01:00+00:00,99458.73106126874
2025-07-25 15:02:00+00:00,99500.9780544904
2025-07-25 15:03:00+00:00,99511.44384505834
2025-07-25 15:04:00+00:00,99491.45904693229
2025-07-25 15:05:00+00:00,99478.38320590486
2025-07-25 15:06:00+00:00,99502.20631353016
2025-07-25 15:07:00+00:00,99492.09876518216
2025-07-25 15:08:00+00:00,99492.99437073199
2025-07-25 15:09:00+00:00,99525.10822687564
2025-07-25 15:10:00+00:00,99554.89350858975
2025-07-25 15:11:00+00:00,99536.00902585349
2025-07-25 15:12:00+00:00,99526.77149432531
2025-07-25 15:13:00+00:00,99544.53007294181
2025-07-25 15:14:00+00:00,99545.22096865167
2025-07-25 15:15:00+00:00,99576.31127559554
2025-07-25 15:16:00+00:00,99590.53860947271
2025-07-25 15:17:00+00:00,99565.87107375759
2025-07-25 15:18:00+00:00,99578.4607289151
2025-07-25 15:19:00+00:00,99549.80135132077
2025-07-25 15:20:00+00:00,99548.21485006108
2025-07-25 15:21:00+00:00,99528.79300399491
2025-07-25 15:22:00+00:00,99562.59571631823
2025-07-25 15:23:00+00:00,99597.93375244125
2025-07-25 15:24:00+00:00,99601.49058591056
2025-07-25 15:25:00+00:00,99606.91539666949
2025-07-25 15:26:00+00:00,99615.28291137784
2025-07-25 15:27:00+00:00,99604.8938869999
2025-07-25 15:28:00+00:00,99587.80061536326
2025-07-25 15:29:00+00:00,99590.20595598279
2025-07-25 15:30:00+00:00,99585.11379871379
2025-07-25 15:31:00+00:00,99596.93579197145
2025-07-25 15:32:00+00:00,99601.84882813049
2025-07-25 15:33:00+00:00,99610.75370616873
2025-07-25 15:34:00+00:00,99612.28902996842
2025-07-25 15:35:00+00:00,99592.30423184237
2025-07-25 15:36:00+00:00,99541.5106028024
2025-07-25 15:37:00+00:00,99563.61926551803
2025-07-25 15:38:00+00:00,99563.33778948808
2025-07-25 15:39:00+00:00,99541.10118312249
2025-07-25 15:40:00+00:00,99531.9148290543
2025-07-25 15:41:00+00:00,99547.0889459413
2025-07-25 15:42:00+00:00,99547.47277689123
2025-07-25 15:43:00+00:00,99554.84233112977
2025-07-25 15:44:00+00:00,99542.35503089224
2025-07-25 15:45:00+00:00,99560.80450521859
2025-07-25 15:46:00+00:00,99566.3060821675
2025-07-25 15:47:00+00:00,99587.41678441333
2025-07-25 15:48:00+00:00,99580.5334160447
2025-07-25 15:49:00+00:00,99578.00013177519
2025-07-25 15:50:00+00:00,99587.1353083834
2025-07-25 15:51:00+00:00,99609.67897950894
2025-07-25 15:52:00+00:00,99628.1028651053
2025-07-25 15:53:00+00:00,99641.20429486272
2025-07-25 15:54:00+00:00,99649.59739830106
2025-07-25 15:55:00+00:00,99658.63021998928
2025-07-25 15:56:00+00:00,99669.76131753708
2025-07-25 15:57:00+00:00,99672.78078767649
2025-07-25 15:58:00+00:00,99643.99346643218
2025-07-25 15:59:00+00:00,99641.94636803257
2025-07-25 16:00:00+00:00,99649.57180957106
2025-07-25 16:01:00+00:00,99632.6832477744
2025-07-25 16:02:00+00:00,99643.96787770218
2025-07-25 16:03:00+00:00,99674.64876496611
2025-07-25 16:04:00+00:00,99659.70494664906
2025-07-25 16:05:00+00:00,99655.63633857988
2025-07-25 16:06:00+00:00,99666.92096850763
2025-07-25 16:07:00+00:00,99680.278285565
2025-07-25 16:08:00+00:00,99676.92616193567
2025-07-25 16:09:00+00:00,99665.97418549782
2025-07-25 16:10:00+00:00,99682.8627472945
2025-07-25 16:11:00+00:00,99682.32538396459
2025-07-25 16:12:00+00:00,99679.3059138252
2025-07-25 16:13:00+00:00,99663.85032090824
2025-07-25 16:14:00+00:00,99676.6958633657
2025-07-25 16:15:00+00:00,99683.88629649428
2025-07-25 16:16:00+00:00,99684.93543442409
2025-07-25 16:17:00+00:00,99641.40900470267
2025-07-25 16:18:00+00:00,99653.41011907031
2025-07-25 16:19:00+00:00,99635.26770950388
2025-07-25 16:20:00+00:00,99606.60833190955
2025-07-25 16:21:00+00:00,99600.69733528071
2025-07-25 16:22:00+00:00,99594.60721754192
2025-07-25 16:23:00+00:00,99576.59275162547
2025-07-25 16:24:00+00:00,99603.51209558015
2025-07-25 16:25:00+00:00,99625.18574988589
2025-07-25 16:26:00+00:00,99656.76224269965
2025-07-25 16:27:00+00:00,99633.73238570419
2025-07-25 16:28:00+00:00,99630.1755522349
2025-07-25 16:29:00+00:00,99658.9884622092
2025-07-25 16:30:00+00:00,99674.67435369611
2025-07-25 16:31:00+00:00,99662.82677170845
2025-07-25 16:32:00+00:00,99664.97622502802
2025-07-25 16:33:00+00:00,99626.0813554357
2025-07-25 16:34:00+00:00,99623.49689370621
2025-07-25 16:35:00+00:00,99604.61241096994
2025-07-25 16:36:00+00:00,99607.63188110935
2025-07-25 16:37:00+00:00,99615.4364437578
2025-07-25 16:38:00+00:00,99656.5063553997
2025-07-25 16:39:00+00:00,99647.52471117147
2025-07-25 16:40:00+00:00,99653.64041764026
2025-07-25 16:41:00+00:00,99681.35301222479
2025-07-25 16:42:00+00:00,99663.33854630834
2025-07-25 16:43:00+00:00,99684.93543442409
2025-07-25 16:44:00+00:00,99690.53936629297
2025-07-25 16:45:00+00:00,99680.8156488949
2025-07-25 16:46:00+00:00,99694.76150674214
2025-07-25 16:47:00+00:00,99702.79636796056
2025-07-25 16:48:00+00:00,99718.61020309743
2025-07-25 16:49:00+00:00,99729.4342358853
2025-07-25 16:50:00+00:00,99700.16072877108
2025-07-25 16:51:00+00:00,99703.48726367042
2025-07-25 16:52:00+00:00,99718.17519468752
2025-07-25 16:53:00+00:00,99717.33076659769
2025-07-25 16:54:00+00:00,99714.61836121822
2025-07-25 16:55:00+00:00,99717.30517786769
2025-07-25 16:56:00+00:00,99751.41495495095
2025-07-25 16:57:00+00:00,99750.44258321114
2025-07-25 16:58:00+00:00,99751.46613241095
2025-07-25 16:59:00+00:00,99759.62893727934
2025-07-25 17:00:00+00:00,99763.3648918586
2025-07-25 17:01:00+00:00,99761.16426107903
2025-07-25 17:02:00+00:00,99775.9801357461
2025-07-25 17:03:00+00:00,99767.97086325768
2025-07-25 17:04:00+00:00,99752.31056050077
2025-07-25 17:05:00+00:00,99773.98421480649
2025-07-25 17:06:00+00:00,99798.2423308417
2025-07-25 17:07:00+00:00,99779.58814667539
2025-07-25 17:08:00+00:00,99777.18280605588
2025-07-25 17:09:00+00:00,99785.72944187418
2025-07-25 17:10:00+00:00,99794.45519880246
2025-07-25 17:11:00+00:00,99791.87073707297
2025-07-25 17:12:00+00:00,99803.02742335077
2025-07-25 17:13:00+00:00,99800.03354194135
2025-07-25 17:14:00+00:00,99784.73148140438
2025-07-25 17:15:00+00:00,99773.4724402066
2025-07-25 17:16:00+00:00,99777.5666370058
2025-07-25 17:17:00+00:00,99757.07006427983
2025-07-25 17:18:00+00:00,99744.81306261226
2025-07-25 17:19:00+00:00,99745.81102308206
2025-07-25 17:20:00+00:00,99722.24380275671
2025-07-25 17:21:00+00:00,99724.80267575622
2025-07-25 17:22:00+00:00,99745.81102308206
2025-07-25 17:23:00+00:00,99754.99737715026
2025-07-25 17:24:00+00:00,99762.98106090867
2025-07-25 17:25:00+00:00,99778.5390087456
2025-07-25 17:26:00+00:00,99764.95139311829
2025-07-25 17:27:00+00:00,99765.23286914823
2025-07-25 17:28:00+00:00,99758.63097680954
2025-07-25 17:29:00+00:00,99742.0494797728
2025-07-25 17:30:00+00:00,99768.07321817767
2025-07-25 17:31:00+00:00,99732.53047221468
2025-07-25 17:32:00+00:00,99731.4813342849
2025-07-25 17:33:00+00:00,99719.2243326173
2025-07-25 17:34:00+00:00,99708.88648569936
2025-07-25 17:35:00+00:00,99697.98568672151
2025-07-25 17:36:00+00:00,99712.36655297867
2025-07-25 17:37:00+00:00,99724.87944194619
2025-07-25 17:38:00+00:00,99701.5169314608
2025-07-25 17:39:00+00:00,99719.71051848722
2025-07-25 17:40:00+00:00,99735.29405505414
2025-07-25 17:41:00+00:00,99762.18781027883
2025-07-25 17:42:00+00:00,99759.65452600933
2025-07-25 17:43:00+00:00,99757.07006427983
2025-07-25 17:44:00+00:00,99771.37416434701
2025-07-25 17:45:00+00:00,99733.86108617442
2025-07-25 17:46:00+00:00,99744.78747388226
2025-07-25 17:47:00+00:00,99754.94619969025
2025-07-25 17:48:00+00:00,99767.30555627782
2025-07-25 17:49:00+00:00,99761.34338218899
2025-07-25 17:50:00+00:00,99762.18781027883
2025-07-25 17:51:00+00:00,99764.77227200833
2025-07-25 17:52:00+00:00,99743.84069087246
2025-07-25 17:53:00+00:00,99751.95231828085
2025-07-25 17:54:00+00:00,99762.21339900882
2025-07-25 17:55:00+00:00,99758.57979934954
2025-07-25 17:56:00+00:00,99748.90725941146
2025-07-25 17:57:00+00:00,99756.02092635004
2025-07-25 17:58:00+00:00,99742.25418961277
2025-07-25 17:59:00+00:00,99721.88556053679
2025-07-25 18:00:00+00:00,99739.64413915327
2025-07-25 18:01:00+00:00,99740.66768835307
2025-07-25 18:02:00+00:00,99733.91226363441
2025-07-25 18:03:00+00:00,99750.90318035106
2025-07-25 18:04:00+00:00,99750.87759162106
2025-07-25 18:05:00+00:00,99749.54697766133
2025-07-25 18:06:00+00:00,99768.58499277757
2025-07-25 18:07:00+00:00,99781.25141412506
2025-07-25 18:08:00+00:00,99776.64544272597
2025-07-25 18:09:00+00:00,99779.74167905537
2025-07-25 18:10:00+00:00,99776.517499076
2025-07-25 18:11:00+00:00,99768.3546942076
2025-07-25 18:12:00+00:00,99797.55143513184
2025-07-25 18:13:00+00:00,99817.48505579791
2025-07-25 18:14:00+00:00,99817.89447547783
2025-07-25 18:15:00+00:00,99813.85145613863
2025-07-25 18:16:00+00:00,99798.39586322168
2025-07-25 18:17:00+00:00,99794.71108610241
2025-07-25 18:18:00+00:00,99806.66102301005
2025-07-25 18:19:00+00:00,99813.87704486863
2025-07-25 18:20:00+00:00,99824.5987227365
2025-07-25 18:21:00+00:00,99818.5597824577
2025-07-25 18:22:00+00:00,99835.55069917435
2025-07-25 18:23:00+00:00,99828.6929195357
2025-07-25 18:24:00+00:00,99819.73686403746
2025-07-25 18:25:00+00:00,99803.64155287064
2025-07-25 18:26:00+00:00,99812.36730979892
2025-07-25 18:27:00+00:00,99803.43684303068
2025-07-25 18:28:00+00:00,99807.58221728986
2025-07-25 18:29:00+00:00,99816.43591786812
2025-07-25 18:30:00+00:00,99821.6560187871
2025-07-25 18:31:00+00:00,99825.1616747964
2025-07-25 18:32:00+00:00,99812.62319709887
2025-07-25 18:33:00+00:00,99800.95473622117
2025-07-25 18:34:00+00:00,99810.29462266933
2025-07-25 18:35:00+00:00,99817.68976563787
2025-07-25 18:36:00+00:00,99820.68364704728
2025-07-25 18:37:00+00:00,99821.5536638671
2025-07-25 18:38:00+00:00,99827.18318446599
2025-07-25 18:39:00+00:00,99817.25475722796
2025-07-25 18:40:00+00:00,99829.07675048562
2025-07-25 18:41:00+00:00,99830.04912222543
2025-07-25 18:42:00+00:00,99836.36953853419
2025-07-25 18:43:00+00:00,99840.07990438346
2025-07-25 18:44:00+00:00,99841.00109866327
2025-07-25 18:45:00+00:00,99833.86184299468
2025-07-25 18:46:00+00:00,99825.21285225639
2025-07-25 18:47:00+00:00,99831.40532491516
2025-07-25 18:48:00+00:00,99846.63061926216
2025-07-25 18:49:00+00:00,99846.60503053216
2025-07-25 18:50:00+00:00,99829.25587159558
2025-07-25 18:51:00+00:00,99849.18949226165
2025-07-25 18:52:00+00:00,99846.01648974228
2025-07-25 18:53:00+00:00,99843.50879420277
2025-07-25 18:54:00+00:00,99843.84144769271
2025-07-25 18:55:00+00:00,99848.70330639175
2025-07-25 18:56:00+00:00,99854.79342413053
2025-07-25 18:57:00+00:00,99850.21304146145
2025-07-25 18:58:00+00:00,99851.10864701128
2025-07-25 18:59:00+00:00,99839.97754946347
2025-07-25 19:00:00+00:00,99823.1657538568
2025-07-25 19:01:00+00:00,99841.81993802311
2025-07-25 19:02:00+00:00,99849.16390353165
2025-07-25 19:03:00+00:00,99852.464849701
2025-07-25 19:04:00+00:00,99842.02464786306
2025-07-25 19:05:00+00:00,99850.05950908147
2025-07-25 19:06:00+00:00,99852.28572859104
2025-07-25 19:07:00+00:00,99855.99609444031
2025-07-25 19:08:00+00:00,99864.5939077186
2025-07-25 19:09:00+00:00,99861.1138404393
2025-07-25 19:10:00+00:00,99870.60725926742
2025-07-25 19:11:00+00:00,99846.09325593227
2025-07-25 19:12:00+00:00,99872.52641401705
2025-07-25 19:13:00+00:00,99878.59094302585
2025-07-25 19:14:00+00:00,99883.45280172488
2025-07-25 19:15:00+00:00,99898.98516083183
2025-07-25 19:16:00+00:00,99893.61152753288
2025-07-25 19:17:00+00:00,99884.96253679458
2025-07-25 19:18:00+00:00,99885.01371425457
2025-07-25 19:19:00+00:00,99887.08640138416
2025-07-25 19:20:00+00:00,99882.838672205
2025-07-25 19:21:00+00:00,99874.21527019671
2025-07-25 19:22:00+00:00,99863.92860073874
2025-07-25 19:23:00+00:00,99873.7546730568
2025-07-25 19:24:00+00:00,99875.36676304648
2025-07-25 19:25:00+00:00,99894.17447959277
2025-07-25 19:26:00+00:00,99899.34340305175
2025-07-25 19:27:00+00:00,99897.73131306206
2025-07-25 19:28:00+00:00,99893.07416420299
2025-07-25 19:29:00+00:00,99875.82736018639
2025-07-25 19:30:00+00:00,99899.31781432175
2025-07-25 19:31:00+00:00,99904.33320540076
2025-07-25 19:32:00+00:00,99911.03745265944
2025-07-25 19:33:00+00:00,99908.55534584992
2025-07-25 19:34:00+00:00,99907.53179665013
2025-07-25 19:35:00+00:00,99905.27998841058
2025-07-25 19:36:00+00:00,99912.95660740905
2025-07-25 19:37:00+00:00,99911.13980757943
2025-07-25 19:38:00+00:00,99915.72019024851
2025-07-25 19:39:00+00:00,99913.34043835898
2025-07-25 19:40:00+00:00,99948.08993369213
2025-07-25 19:41:00+00:00,99966.05322214858
2025-07-25 19:42:00+00:00,99968.4329740381
2025-07-25 19:43:00+00:00,99961.95902534938
2025-07-25 19:44:00+00:00,99967.10236007837
2025-07-25 19:45:00+00:00,99963.51993787907
2025-07-25 19:46:00+00:00,99971.68274274746
2025-07-25 19:47:00+00:00,99944.45633403285
2025-07-25 19:48:00+00:00,99960.90988741959
2025-07-25 19:49:00+00:00,99950.49527431164
2025-07-25 19:50:00+00:00,99930.71518602555
2025-07-25 19:51:00+00:00,99947.47580417225
2025-07-25 19:52:00+00:00,99919.8399757777
2025-07-25 19:53:00+00:00,99897.78249052205
2025-07-25 19:54:00+00:00,99890.25940390353
2025-07-25 19:55:00+00:00,99892.69033325306
2025-07-25 19:56:00+00:00,99875.82736018639
2025-07-25 19:57:00+00:00,99913.16131724902
2025-07-25 19:58:00+00:00,99899.0363382918
2025-07-25 19:59:00+00:00,99889.10791105377
2025-07-25 20:00:00+00:00,99903.38642239095
2025-07-25 20:01:00+00:00,99911.60040471933
2025-07-25 20:02:00+00:00,99926.28833573643
2025-07-25 20:03:00+00:00,99923.80622892691
2025-07-25 20:04:00+00:00,99924.11329368685
2025-07-25 20:05:00+00:00,99908.17151490001
2025-07-25 20:06:00+00:00,99900.31577479155
2025-07-25 20:07:00+00:00,99890.13146025357
2025-07-25 20:08:00+00:00,99870.1722508575
2025-07-25 20:09:00+00:00,99860.42294472943
2025-07-25 20:10:00+00:00,99883.99016505478
2025-07-25 20:11:00+00:00,99883.29926934492
2025-07-25 20:12:00+00:00,99874.7782222566
2025-07-25 20:13:00+00:00,99880.89392872539
2025-07-25 20:14:00+00:00,99870.6840254574
2025-07-25 20:15:00+00:00,99884.32281854472
2025-07-25 20:16:00+00:00,99871.70757465721
2025-07-25 20:17:00+00:00,99879.38419365569
2025-07-25 20:18:00+00:00,99887.26552249413
2025-07-25 20:19:00+00:00,99904.89615746065
2025-07-25 20:20:00+00:00,99898.85721718185
2025-07-25 20:21:00+00:00,99887.06081265418
2025-07-25 20:22:00+00:00,99886.26756202432
2025-07-25 20:23:00+00:00,99890.95029961341
2025-07-25 20:24:00+00:00,99899.29222559175
2025-07-25 20:25:00+00:00,99910.34655694957
2025-07-25 20:26:00+00:00,99911.13980757943
2025-07-25 20:27:00+00:00,99902.95141398103
2025-07-25 20:28:00+00:00,99894.32801197274
2025-07-25 20:29:00+00:00,99902.41405065113
2025-07-25 20:30:00+00:00,99904.43556032074
2025-07-25 20:31:00+00:00,99919.8143870477
2025-07-25 20:32:00+00:00,99928.25866794604
2025-07-25 20:33:00+00:00,99968.94474863801
2025-07-25 20:34:00+00:00,99955.05006825074
2025-07-25 20:35:00+00:00,99976.62136763649
2025-07-25 20:36:00+00:00,99953.56592191104
2025-07-25 20:37:00+00:00,99976.10959303658
2025-07-25 20:38:00+00:00,99983.30002616518
2025-07-25 20:39:00+00:00,99985.09123726482
2025-07-25 20:40:00+00:00,99991.43724230357
2025-07-25 20:41:00+00:00,99993.35639705318
2025-07-25 20:42:00+00:00,99994.68701101292
2025-07-25 20:43:00+00:00,100021.6319436976
2025-07-25 20:44:00+00:00,100032.89098489538
2025-07-25 20:45:00+00:00,100041.64233055364
2025-07-25 20:46:00+00:00,100049.54924812209
2025-07-25 20:47:00+00:00,100048.37216654232
2025-07-25 20:48:00+00:00,100033.96571155517
2025-07-25 20:49:00+00:00,100036.49899582466
2025-07-25 20:50:00+00:00,99993.8169941931
2025-07-25 20:51:00+00:00,100028.13148111632
2025-07-25 20:52:00+00:00,100010.5264348798
2025-07-25 20:53:00+00:00,100002.84981588132
2025-07-25 20:54:00+00:00,99991.97460563346
2025-07-25 20:55:00+00:00,99994.55906736295
2025-07-25 20:56:00+00:00,99986.44743995454
2025-07-25 20:57:00+00:00,99975.59781843668
2025-07-25 20:58:00+00:00,99984.27239790498
2025-07-25 20:59:00+00:00,99984.118865525
2025-07-25 21:00:00+00:00,100011.93381502951
2025-07-25 21:01:00+00:00,100003.69424397114
2025-07-25 21:02:00+00:00,100019.48249037802
2025-07-25 21:03:00+00:00,100012.98295295931
2025-07-25 21:04:00+00:00,100021.06899163772
2025-07-25 21:05:00+00:00,100016.0536005587
2025-07-25 21:06:00+00:00,100016.0280118287
2025-07-25 21:07:00+00:00,100003.02893699126
2025-07-25 21:08:00+00:00,100018.56129609821
2025-07-25 21:09:00+00:00,100013.46913882921
2025-07-25 21:10:00+00:00,100020.1222086279
2025-07-25 21:11:00+00:00,100039.31375612412
2025-07-25 21:12:00+00:00,100041.15614468374
2025-07-25 21:13:00+00:00,100049.77954669204
2025-07-25 21:14:00+00:00,100045.22475275294
2025-07-25 21:15:00+00:00,100041.05378976377
2025-07-25 21:16:00+00:00,100049.80513542204
2025-07-25 21:17:00+00:00,100063.59746088932
2025-07-25 21:18:00+00:00,100044.68738942305
2025-07-25 21:19:00+00:00,100039.21140120413
2025-07-25 21:20:00+00:00,100061.11535407981
2025-07-25 21:21:00+00:00,100060.55240201991
2025-07-25 21:22:00+00:00,100057.50734315052
2025-07-25 21:23:00+00:00,100050.24014383195
2025-07-25 21:24:00+00:00,100058.47971489033
2025-07-25 21:25:00+00:00,100052.36400842153
2025-07-25 21:26:00+00:00,100029.33415142608
2025-07-25 21:27:00+00:00,100036.47340709467
2025-07-25 21:28:00+00:00,100038.52050549426
2025-07-25 21:29:00+00:00,100038.69962660424
2025-07-25 21:30:00+00:00,100030.86947522577
2025-07-25 21:31:00+00:00,100012.90618676932
2025-07-25 21:32:00+00:00,100008.35139283023
2025-07-25 21:33:00+00:00,100003.23364683124
2025-07-25 21:34:00+00:00,100003.79659889112
2025-07-25 21:35:00+00:00,100011.39645169962
2025-07-25 21:36:00+00:00,99993.50992943314
2025-07-25 21:37:00+00:00,99997.06676290245
2025-07-25 21:38:00+00:00,99996.86205306249
2025-07-25 21:39:00+00:00,99993.50992943314
2025-07-25 21:40:00+00:00,99981.04821792562
2025-07-25 21:41:00+00:00,99978.23345762616
2025-07-25 21:42:00+00:00,99977.0819647764
2025-07-25 21:43:00+00:00,99985.50065694473
2025-07-25 21:44:00+00:00,99980.48526586572
2025-07-25 21:45:00+00:00,100000.11182177185
2025-07-25 21:46:00+00:00,100027.41499667647
2025-07-25 21:47:00+00:00,100010.65437852977
2025-07-25 21:48:00+00:00,100008.58169140018
2025-07-25 21:49:00+00:00,100015.00446262892
2025-07-25 21:50:00+00:00,100014.59504294899
2025-07-25 21:51:00+00:00,100002.69628350134
2025-07-25 21:52:00+00:00,100004.25719603103
2025-07-25 21:53:00+00:00,100030.69035411581
2025-07-25 21:54:00+00:00,100016.00242309872
2025-07-25 21:55:00+00:00,100013.95532469911
2025-07-25 21:56:00+00:00,100017.0259722985
2025-07-25 21:57:00+00:00,100008.01873934029
2025-07-25 21:58:00+00:00,100017.0259722985
2025-07-25 21:59:00+00:00,100024.03728431714
2025-07-25 22:00:00+00:00,100022.1948957575
2025-07-25 22:01:00+00:00,100025.77731795679
2025-07-25 22:02:00+00:00,100031.89302442558
2025-07-25 22:03:00+00:00,100035.47544662487
2025-07-25 22:04:00+00:00,100028.82237682618
2025-07-25 22:05:00+00:00,100024.08846177711
2025-07-25 22:06:00+00:00,100016.5397864286
2025-07-25 22:07:00+00:00,100025.21436589689
2025-07-25 22:08:00+00:00,100021.70870988758
2025-07-25 22:09:00+00:00,100030.35770062587
2025-07-25 22:10:00+00:00,100023.6790420972
2025-07-25 22:11:00+00:00,100014.59504294899
2025-07-25 22:12:00+00:00,100011.70351645956
2025-07-25 22:13:00+00:00,100020.1222086279
2025-07-25 22:14:00+00:00,100015.5162372288
2025-07-25 22:15:00+00:00,100019.71278894797
2025-07-25 22:16:00+00:00,100009.42611949
2025-07-25 22:17:00+00:00,99999.47210352198
2025-07-25 22:18:00+00:00,99997.86001353229
2025-07-25 22:19:00+00:00,100008.86316743013
2025-07-25 22:20:00+00:00,100023.1672674973
2025-07-25 22:21:00+00:00,100019.610434028
2025-07-25 22:22:00+00:00,100016.5653751586
2025-07-25 22:23:00+00:00,100021.5807662376
2025-07-25 22:24:00+00:00,100014.23680072906
2025-07-25 22:25:00+00:00,100013.44355009921
2025-07-25 22:26:00+00:00,100023.60227590721
2025-07-25 22:27:00+00:00,100027.6708839764
2025-07-25 22:28:00+00:00,100028.79678809618
2025-07-25 22:29:00+00:00,100032.53274267545
2025-07-25 22:30:00+00:00,100030.7671203058
2025-07-25 22:31:00+00:00,100029.84592602598
2025-07-25 22:32:00+00:00,100034.45189742507
2025-07-25 22:33:00+00:00,100036.47340709467
2025-07-25 22:34:00+00:00,100042.97294451339
2025-07-25 22:35:00+00:00,100046.9903751226
2025-07-25 22:36:00+00:00,100050.82868462184
2025-07-25 22:37:00+00:00,100051.34045922174
2025-07-25 22:38:00+00:00,100052.54312953149
2025-07-25 22:39:00+00:00,100052.31283096154
2025-07-25 22:40:00+00:00,100062.62508914951
2025-07-25 22:41:00+00:00,100062.52273422953
2025-07-25 22:42:00+00:00,100058.96590076023
2025-07-25 22:43:00+00:00,100058.99148949022
2025-07-25 22:44:00+00:00,100057.48175442053
2025-07-25 22:45:00+00:00,100038.57168295427
2025-07-25 22:46:00+00:00,100030.86947522577
2025-07-25 22:47:00+00:00,100030.84388649577
2025-07-25 22:48:00+00:00,100041.61674182366
2025-07-25 22:49:00+00:00,100039.62082088404
2025-07-25 22:50:00+00:00,100039.08345755415
2025-07-25 22:51:00+00:00,100039.05786882417
2025-07-25 22:52:00+00:00,100029.33415142608
2025-07-25 22:53:00+00:00,100040.23495040393
2025-07-25 22:54:00+00:00,100045.71093862285
2025-07-25 22:55:00+00:00,100035.65456773483
2025-07-25 22:56:00+00:00,100033.65864679523
2025-07-25 22:57:00+00:00,100042.61470229346
2025-07-25 22:58:00+00:00,100043.02412197337
2025-07-25 22:59:00+00:00,100042.71705721343
2025-07-25 23:00:00+00:00,100043.15206562335
2025-07-25 23:01:00+00:00,100045.19916402295
2025-07-25 23:02:00+00:00,100053.36196889133
2025-07-25 23:03:00+00:00,100053.77138857126
2025-07-25 23:04:00+00:00,100038.03431962436
2025-07-25 23:05:00+00:00,100045.99241465279
2025-07-25 23:06:00+00:00,100045.71093862285
2025-07-25 23:07:00+00:00,100020.19897481789
2025-07-25 23:08:00+00:00,100020.37809592785
2025-07-25 23:09:00+00:00,100017.53774689841
2025-07-25 23:10:00+00:00,100019.610434028
2025-07-25 23:11:00+00:00,100019.584845298
2025-07-25 23:12:00+00:00,100028.36177968627
2025-07-25 23:13:00+00:00,100031.38124982567
2025-07-25 23:14:00+00:00,100025.80290668677
2025-07-25 23:15:00+00:00,100040.18377294394
2025-07-25 23:16:00+00:00,100056.45820522073
2025-07-25 23:17:00+00:00,100063.59746088932
2025-07-25 23:18:00+00:00,100058.5564810803
2025-07-25 23:19:00+00:00,100058.53089235032
2025-07-25 23:20:00+00:00,100056.27908411076
2025-07-25 23:21:00+00:00,100056.27908411076
2025-07-25 23:22:00+00:00,100056.45820522073
2025-07-25 23:23:00+00:00,100057.02115728061
2025-07-25 23:24:00+00:00,100058.50530362032
2025-07-25 23:25:00+00:00,100056.96997982063
2025-07-25 23:26:00+00:00,100054.5646392011
2025-07-25 23:27:00+00:00,100049.62601431207
2025-07-25 23:28:00+00:00,100050.29132129194
2025-07-25 23:29:00+00:00,100048.78158622223
2025-07-25 23:30:00+00:00,100054.92288142102
2025-07-25 23:31:00+00:00,100058.17265013038
2025-07-25 23:32:00+00:00,100056.66291506069
2025-07-25 23:33:00+00:00,100054.92288142102
2025-07-25 23:34:00+00:00,100058.45412616033
2025-07-25 23:35:00+00:00,100064.85130865907
2025-07-25 23:36:00+00:00,100074.88209081709
2025-07-25 23:37:00+00:00,100088.70000501435
2025-07-25 23:38:00+00:00,100112.7534112096
2025-07-25 23:39:00+00:00,100107.63566521062
2025-07-25 23:40:00+00:00,100123.55185526748
2025-07-25 23:41:00+00:00,100118.40852053849
2025-07-25 23:42:00+00:00,100111.21808740991
2025-07-25 23:43:00+00:00,100110.19453821011
2025-07-25 23:44:00+00:00,100104.56501761122
2025-07-25 23:45:00+00:00,100108.68480314041
2025-07-25 23:46:00+00:00,100106.61211601082
2025-07-25 23:47:00+00:00,100116.8220192788
2025-07-25 23:48:00+00:00,100121.96535400779
2025-07-25 23:49:00+00:00,100127.05751127678
2025-07-25 23:50:00+00:00,100127.10868873677
2025-07-25 23:51:00+00:00,100124.52422700729
2025-07-25 23:52:00+00:00,100110.70631281001
2025-07-25 23:53:00+00:00,100109.70835234021
2025-07-25 23:54:00+00:00,100109.19657774031
2025-07-25 23:55:00+00:00,100122.22124130774
2025-07-25 23:56:00+00:00,100125.01041287719
2025-07-25 23:57:00+00:00,100127.59487460667
2025-07-25 23:58:00+00:00,100131.22847426595
2025-07-25 23:59:00+00:00,100126.5201479469
2025-07-26 00:00:00+00:00,100103.02969381152
2025-07-26 00:01:00+00:00,100109.19657774031
2025-07-26 00:02:00+00:00,100092.33360467364
2025-07-26 00:03:00+00:00,100089.23736834426
2025-07-26 00:04:00+00:00,100086.16672074486
2025-07-26 00:05:00+00:00,100111.90898311978
2025-07-26 00:06:00+00:00,100099.44727161224
2025-07-26 00:07:00+00:00,100087.16468121466
2025-07-26 00:08:00+00:00,100083.07048441547
2025-07-26 00:09:00+00:00,100065.79809166888
2025-07-26 00:10:00+00:00,100069.30374767819
2025-07-26 00:11:00+00:00,100065.132784689
2025-07-26 00:12:00+00:00,100065.132784689
2025-07-26 00:13:00+00:00,100071.8114432177
2025-07-26 00:14:00+00:00,100075.90564001689
2025-07-26 00:15:00+00:00,100080.07660300606
2025-07-26 00:16:00+00:00,100090.23532881406
2025-07-26 00:17:00+00:00,100080.51161141598
2025-07-26 00:18:00+00:00,100074.88209081709
2025-07-26 00:19:00+00:00,100094.0224608533
2025-07-26 00:20:00+00:00,100100.1125785921
2025-07-26 00:21:00+00:00,100086.16672074486
2025-07-26 00:22:00+00:00,100087.42056851462
2025-07-26 00:23:00+00:00,100093.76657355335
2025-07-26 00:24:00+00:00,100101.49437001183
2025-07-26 00:25:00+00:00,100099.95904621214
2025-07-26 00:26:00+00:00,100111.70427327981
2025-07-26 00:27:00+00:00,100096.55574512281
2025-07-26 00:28:00+00:00,100100.16375605209
2025-07-26 00:29:00+00:00,100112.7534112096
2025-07-26 00:30:00+00:00,100116.8476080088
2025-07-26 00:31:00+00:00,100115.3122842091
2025-07-26 00:32:00+00:00,100109.70835234021
2025-07-26 00:33:00+00:00,100110.68072408001
2025-07-26 00:34:00+00:00,100122.37477368771
2025-07-26 00:35:00+00:00,100127.08310000677
2025-07-26 00:36:00+00:00,100117.3337938787
2025-07-26 00:37:00+00:00,100111.72986200982
2025-07-26 00:38:00+00:00,100103.56705714142
2025-07-26 00:39:00+00:00,100110.19453821011
2025-07-26 00:40:00+00:00,100115.824058809
2025-07-26 00:41:00+00:00,100096.91398734273
2025-07-26 00:42:00+00:00,100096.86280988275
2025-07-26 00:43:00+00:00,100103.56705714142
2025-07-26 00:44:00+00:00,100089.59561056418
2025-07-26 00:45:00+00:00,100084.24756599523
2025-07-26 00:46:00+00:00,100070.55759544794
2025-07-26 00:47:00+00:00,100055.43465602092
2025-07-26 00:48:00+00:00,100077.51773000657
2025-07-26 00:49:00+00:00,100058.35177124036
2025-07-26 00:50:00+00:00,100070.8134827479
2025-07-26 00:51:00+00:00,100071.7858544877
2025-07-26 00:52:00+00:00,100082.60988727555
2025-07-26 00:53:00+00:00,100074.49825986716
2025-07-26 00:54:00+00:00,100078.77157777632
2025-07-26 00:55:00+00:00,100084.91287297511
2025-07-26 00:56:00+00:00,100091.23328928386
2025-07-26 00:57:00+00:00,100090.72151468396
2025-07-26 00:58:00+00:00,100096.37662401285
2025-07-26 00:59:00+00:00,100096.88839861273
2025-07-26 01:00:00+00:00,100097.80959289256
2025-07-26 01:01:00+00:00,100083.32637171542
2025-07-26 01:02:00+00:00,100088.16264168447
2025-07-26 01:03:00+00:00,100093.5618637134
2025-07-26 01:04:00+00:00,100094.30393688325
2025-07-26 01:05:00+00:00,100088.4697064444
2025-07-26 01:06:00+00:00,100092.81979054355
2025-07-26 01:07:00+00:00,100090.74710341395
2025-07-26 01:08:00+00:00,100098.42372241244
2025-07-26 01:09:00+00:00,100100.44523208204
2025-07-26 01:10:00+00:00,100104.46266269125
2025-07-26 01:11:00+00:00,100104.02765428132
2025-07-26 01:12:00+00:00,100109.68276361021
2025-07-26 01:13:00+00:00,100109.65717488022
2025-07-26 01:14:00+00:00,100109.63158615022
2025-07-26 01:15:00+00:00,100113.23959707952
2025-07-26 01:16:00+00:00,100108.71039187041
2025-07-26 01:17:00+00:00,100104.6673725312
2025-07-26 01:18:00+00:00,100099.95904621214
2025-07-26 01:19:00+00:00,100101.1361277919
2025-07-26 01:20:00+00:00,100097.86077035255
2025-07-26 01:21:00+00:00,100099.80551383217
2025-07-26 01:22:00+00:00,100087.21585867465
2025-07-26 01:23:00+00:00,100074.37031621719
2025-07-26 01:24:00+00:00,100072.8094036875
2025-07-26 01:25:00+00:00,100069.09903783823
2025-07-26 01:26:00+00:00,100074.34472748719
2025-07-26 01:27:00+00:00,100078.69481158633
2025-07-26 01:28:00+00:00,100073.09087971743
2025-07-26 01:29:00+00:00,100072.09291924763
2025-07-26 01:30:00+00:00,100078.69481158633
2025-07-26 01:31:00+00:00,100083.55667028537
2025-07-26 01:32:00+00:00,100079.51365094617
2025-07-26 01:33:00+00:00,100067.00076197865
2025-07-26 01:34:00+00:00,100064.80013119908
2025-07-26 01:35:00+00:00,100064.7489537391
2025-07-26 01:36:00+00:00,100061.08976534981
2025-07-26 01:37:00+00:00,100058.01911775042
2025-07-26 01:38:00+00:00,100056.99556855063
2025-07-26 01:39:00+00:00,100052.87578302143
2025-07-26 01:40:00+00:00,100042.12851642355
2025-07-26 01:41:00+00:00,100045.71093862285
2025-07-26 01:42:00+00:00,100049.0118847922
2025-07-26 01:43:00+00:00,100041.61674182366
2025-07-26 01:44:00+00:00,100030.89506395577
2025-07-26 01:45:00+00:00,100045.68534989285
2025-07-26 01:46:00+00:00,100051.85223382164
2025-07-26 01:47:00+00:00,100057.45616569053
2025-07-26 01:48:00+00:00,100048.80717495224
2025-07-26 01:49:00+00:00,100047.29743988253
2025-07-26 01:50:00+00:00,100050.29132129194
2025-07-26 01:51:00+00:00,100040.08141802395
2025-07-26 01:52:00+00:00,100034.810139645
2025-07-26 01:53:00+00:00,100029.30856269608
2025-07-26 01:54:00+00:00,100027.05675445653
2025-07-26 01:55:00+00:00,100029.33415142608
2025-07-26 01:56:00+00:00,100019.55925656801
2025-07-26 01:57:00+00:00,100011.95940375951
2025-07-26 01:58:00+00:00,100009.37494203003
2025-07-26 01:59:00+00:00,100008.88875616012
2025-07-26 02:00:00+00:00,100025.23995462689
2025-07-26 02:01:00+00:00,100030.35770062587
2025-07-26 02:02:00+00:00,100038.95551390418
2025-07-26 02:03:00+00:00,100038.67403787424
2025-07-26 02:04:00+00:00,100043.61266276326
2025-07-26 02:05:00+00:00,100047.70685956246
2025-07-26 02:06:00+00:00,100049.52365939209
2025-07-26 02:07:00+00:00,100041.07937849376
2025-07-26 02:08:00+00:00,100040.59319262386
2025-07-26 02:09:00+00:00,100038.69962660424
2025-07-26 02:10:00+00:00,100029.84592602598
2025-07-26 02:11:00+00:00,100035.16838186493
2025-07-26 02:12:00+00:00,100047.06714131258
2025-07-26 02:13:00+00:00,100046.24830195274
2025-07-26 02:14:00+00:00,100049.54924812209
2025-07-26 02:15:00+00:00,100061.52477375972
2025-07-26 02:16:00+00:00,100061.26888645977
2025-07-26 02:17:00+00:00,100064.6465988191
2025-07-26 02:18:00+00:00,100078.97628761627
2025-07-26 02:19:00+00:00,100078.97628761627
2025-07-26 02:20:00+00:00,100086.49937423479
2025-07-26 02:21:00+00:00,100088.70000501435
2025-07-26 02:22:00+00:00,100105.05120348113
2025-07-26 02:23:00+00:00,100096.91398734273
2025-07-26 02:24:00+00:00,100091.77065261375
2025-07-26 02:25:00+00:00,100109.17098901031
2025-07-26 02:26:00+00:00,100110.50160297005
2025-07-26 02:27:00+00:00,100105.10238094113
2025-07-26 02:28:00+00:00,100112.59987882964
2025-07-26 02:29:00+00:00,100121.93976527778
2025-07-26 02:30:00+00:00,100123.96127494739
2025-07-26 02:31:00+00:00,100146.27464750299
2025-07-26 02:32:00+00:00,100154.89804951128
2025-07-26 02:33:00+00:00,100161.34640947002
2025-07-26 02:34:00+00:00,100158.8643026605
2025-07-26 02:35:00+00:00,100122.78419336762
2025-07-26 02:36:00+00:00,100109.68276361021
2025-07-26 02:37:00+00:00,100119.8926668782
2025-07-26 02:38:00+00:00,100098.39813368244
2025-07-26 02:39:00+00:00,100104.00206555134
2025-07-26 02:40:00+00:00,100087.9835205745
2025-07-26 02:41:00+00:00,100098.90990828234
2025-07-26 02:42:00+00:00,100107.14947934072
2025-07-26 02:43:00+00:00,100102.49233048163
2025-07-26 02:44:00+00:00,100091.15652309387
2025-07-26 02:45:00+00:00,100090.95181325391
2025-07-26 02:46:00+00:00,100105.07679221113
2025-07-26 02:47:00+00:00,100106.10034141093
2025-07-26 02:48:00+00:00,100103.82294444137
2025-07-26 02:49:00+00:00,100100.98259541193
2025-07-26 02:50:00+00:00,100106.10034141093
2025-07-26 02:51:00+00:00,100112.24163660972
2025-07-26 02:52:00+00:00,100112.19045914972
2025-07-26 02:53:00+00:00,100125.03600160718
2025-07-26 02:54:00+00:00,100116.3102446789
2025-07-26 02:55:00+00:00,100109.68276361021
2025-07-26 02:56:00+00:00,100106.61211601082
2025-07-26 02:57:00+00:00,100095.40425227303
2025-07-26 02:58:00+00:00,100093.48509752341
2025-07-26 02:59:00+00:00,100090.516804844
2025-07-26 03:00:00+00:00,100098.90990828234
2025-07-26 03:01:00+00:00,100110.42483678006
2025-07-26 03:02:00+00:00,100121.70946670783
2025-07-26 03:03:00+00:00,100130.20492506617
2025-07-26 03:04:00+00:00,100119.50883592828
2025-07-26 03:05:00+00:00,100108.1730285405
2025-07-26 03:06:00+00:00,100103.92529936135
2025-07-26 03:07:00+00:00,100113.23959707952
2025-07-26 03:08:00+00:00,100110.70631281001
2025-07-26 03:09:00+00:00,100115.3378729391
2025-07-26 03:10:00+00:00,100117.3593826087
2025-07-26 03:11:00+00:00,100115.3378729391
2025-07-26 03:12:00+00:00,100109.32452139028
2025-07-26 03:13:00+00:00,100114.28873500931
2025-07-26 03:14:00+00:00,100116.8476080088
2025-07-26 03:15:00+00:00,100114.57021103924
2025-07-26 03:16:00+00:00,100113.03488723956
2025-07-26 03:17:00+00:00,100113.23959707952
2025-07-26 03:18:00+00:00,100120.58356258806
2025-07-26 03:19:00+00:00,100114.80050960921
2025-07-26 03:20:00+00:00,100114.80050960921
2025-07-26 03:21:00+00:00,100096.6325113128
2025-07-26 03:22:00+00:00,100110.16894948011
2025-07-26 03:23:00+00:00,100113.2651858095
2025-07-26 03:24:00+00:00,100107.14947934072
2025-07-26 03:25:00+00:00,100098.96108574234
2025-07-26 03:26:00+00:00,100101.46878128183
2025-07-26 03:27:00+00:00,100102.51791921163
2025-07-26 03:28:00+00:00,100095.89043814293
2025-07-26 03:29:00+00:00,100088.72559374436
2025-07-26 03:30:00+00:00,100096.88839861273
2025-07-26 03:31:00+00:00,100107.12389061072
2025-07-26 03:32:00+00:00,100109.60599742024
2025-07-26 03:33:00+00:00,100104.05324301132
2025-07-26 03:34:00+00:00,100109.60599742024
2025-07-26 03:35:00+00:00,100108.1730285405
2025-07-26 03:36:00+00:00,100109.63158615022
2025-07-26 03:37:00+00:00,100109.65717488022
2025-07-26 03:38:00+00:00,100115.28669547911
2025-07-26 03:39:00+00:00,100105.63974427101
2025-07-26 03:40:00+00:00,100104.05324301132
2025-07-26 03:41:00+00:00,100105.58856681103
2025-07-26 03:42:00+00:00,100100.93141795194
2025-07-26 03:43:00+00:00,100096.91398734273
2025-07-26 03:44:00+00:00,100098.42372241244
2025-07-26 03:45:00+00:00,100099.24256177228
2025-07-26 03:46:00+00:00,100107.63566521062
2025-07-26 03:47:00+00:00,100115.3122842091
2025-07-26 03:48:00+00:00,100117.3337938787
2025-07-26 03:49:00+00:00,100110.98778883996
2025-07-26 03:50:00+00:00,100114.80050960921
2025-07-26 03:51:00+00:00,100114.80050960921
2025-07-26 03:52:00+00:00,100105.58856681103
2025-07-26 03:53:00+00:00,100107.58448775063
2025-07-26 03:54:00+00:00,100105.61415554103
2025-07-26 03:55:00+00:00,100107.66125394062
2025-07-26 03:56:00+00:00,100108.12185108052
2025-07-26 03:57:00+00:00,100108.12185108052
2025-07-26 03:58:00+00:00,100101.00818414193
2025-07-26 03:59:00+00:00,100096.37662401285
2025-07-26 04:00:00+00:00,100096.37662401285
2025-07-26 04:01:00+00:00,100093.33156514345
2025-07-26 04:02:00+00:00,100090.72151468396
2025-07-26 04:03:00+00:00,100090.90063579392
2025-07-26 04:04:00+00:00,100087.16468121466
2025-07-26 04:05:00+00:00,100089.18619088427
2025-07-26 04:06:00+00:00,100092.0521286437
2025-07-26 04:07:00+00:00,100081.81663664572
2025-07-26 04:08:00+00:00,100098.29577876246
2025-07-26 04:09:00+00:00,100101.1873052519
2025-07-26 04:10:00+00:00,100104.53942888122
2025-07-26 04:11:00+00:00,100111.2948535999
2025-07-26 04:12:00+00:00,100111.2692648699
2025-07-26 04:13:00+00:00,100103.89971063135
2025-07-26 04:14:00+00:00,100109.60599742024
2025-07-26 04:15:00+00:00,100105.61415554103
2025-07-26 04:16:00+00:00,100105.46062316105
2025-07-26 04:17:00+00:00,100108.53127076045
2025-07-26 04:18:00+00:00,100108.53127076045
2025-07-26 04:19:00+00:00,100102.00614461173
2025-07-26 04:20:00+00:00,100103.51587968144
2025-07-26 04:21:00+00:00,100103.05528254152
2025-07-26 04:22:00+00:00,100096.40221274283
2025-07-26 04:23:00+00:00,100094.5598241832
2025-07-26 04:24:00+00:00,100093.0500891135
2025-07-26 04:25:00+00:00,100096.86280988275
2025-07-26 04:26:00+00:00,100095.89043814293
2025-07-26 04:27:00+00:00,100099.42168288224
2025-07-26 04:28:00+00:00,100096.40221274283
2025-07-26 04:29:00+00:00,100096.40221274283
2025-07-26 04:30:00+00:00,100096.37662401285
2025-07-26 04:31:00+00:00,100096.37662401285
2025-07-26 04:32:00+00:00,100092.0521286437
2025-07-26 04:33:00+00:00,100091.79624134375
2025-07-26 04:34:00+00:00,100099.90786875214
2025-07-26 04:35:00+00:00,100100.98259541193
2025-07-26 04:36:00+00:00,100106.61211601082
2025-07-26 04:37:00+00:00,100102.51791921163
2025-07-26 04:38:00+00:00,100100.98259541193
2025-07-26 04:39:00+00:00,100100.98259541193
2025-07-26 04:40:00+00:00,100095.37866354304
2025-07-26 04:41:00+00:00,100094.0224608533
2025-07-26 04:42:00+00:00,100093.84333974334
2025-07-26 04:43:00+00:00,100093.84333974334
2025-07-26 04:44:00+00:00,100093.81775101335
2025-07-26 04:45:00+00:00,100093.10126657349
2025-07-26 04:46:00+00:00,100093.30597641345
2025-07-26 04:47:00+00:00,100093.0756778435
2025-07-26 04:48:00+00:00,100091.64270896377
2025-07-26 04:49:00+00:00,100085.65494614496
2025-07-26 04:50:00+00:00,100078.15744825645
2025-07-26 04:51:00+00:00,100078.43892428638
2025-07-26 04:52:00+00:00,100076.41741461678
2025-07-26 04:53:00+00:00,100085.24552646503
2025-07-26 04:54:00+00:00,100092.71743562356
2025-07-26 04:55:00+00:00,100097.40017321263
2025-07-26 04:56:00+00:00,100099.1146181223
2025-07-26 04:57:00+00:00,100098.85873082235
2025-07-26 04:58:00+00:00,100098.14224638249
2025-07-26 04:59:00+00:00,100098.14224638249
2025-07-26 05:00:00+00:00,100098.96108574234
2025-07-26 05:01:00+00:00,100095.35307481304
2025-07-26 05:02:00+00:00,100095.37866354304
2025-07-26 05:03:00+00:00,100095.35307481304
2025-07-26 05:04:00+00:00,100088.29058533444
2025-07-26 05:05:00+00:00,100096.86280988275
2025-07-26 05:06:00+00:00,100096.88839861273
2025-07-26 05:07:00+00:00,100089.00706977429
2025-07-26 05:08:00+00:00,100083.12166187546
2025-07-26 05:09:00+00:00,100078.23421444642
2025-07-26 05:10:00+00:00,100079.46247348617
2025-07-26 05:11:00+00:00,100078.20862571643
2025-07-26 05:12:00+00:00,100077.41537508658
2025-07-26 05:13:00+00:00,100079.69277205614
2025-07-26 05:14:00+00:00,100079.69277205614
2025-07-26 05:15:00+00:00,100088.64882755437
2025-07-26 05:16:00+00:00,100090.567982304
2025-07-26 05:17:00+00:00,100090.542393574
2025-07-26 05:18:00+00:00,100087.08791502468
2025-07-26 05:19:00+00:00,100080.33249030601
2025-07-26 05:20:00+00:00,100079.48806221617
2025-07-26 05:21:00+00:00,100081.94458029569
2025-07-26 05:22:00+00:00,100080.51161141598
2025-07-26 05:23:00+00:00,100079.25776364622
2025-07-26 05:24:00+00:00,100084.32433218522
2025-07-26 05:25:00+00:00,100098.90990828234
2025-07-26 05:26:00+00:00,100103.84853317137
2025-07-26 05:27:00+00:00,100114.28873500931
2025-07-26 05:28:00+00:00,100114.28873500931
2025-07-26 05:29:00+00:00,100112.85576612959
2025-07-26 05:30:00+00:00,100102.92733889155
2025-07-26 05:31:00+00:00,100102.90175016155
2025-07-26 05:32:00+00:00,100098.44931114244
2025-07-26 05:33:00+00:00,100096.93957607273
2025-07-26 05:34:00+00:00,100098.96108574234
2025-07-26 05:35:00+00:00,100100.93141795194
2025-07-26 05:36:00+00:00,100108.12185108052
2025-07-26 05:37:00+00:00,100110.16894948011
2025-07-26 05:38:00+00:00,100110.98778883996
2025-07-26 05:39:00+00:00,100104.36030777126
2025-07-26 05:40:00+00:00,100103.02969381152
2025-07-26 05:41:00+00:00,100104.02765428132
2025-07-26 05:42:00+00:00,100099.47286034224
2025-07-26 05:43:00+00:00,100094.84130021314
2025-07-26 05:44:00+00:00,100094.84130021314
2025-07-26 05:45:00+00:00,100095.32748608306
2025-07-26 05:46:00+00:00,100089.80032040415
2025-07-26 05:47:00+00:00,100087.65086708457
2025-07-26 05:48:00+00:00,100087.24144740464
2025-07-26 05:49:00+00:00,100085.65494614496
2025-07-26 05:50:00+00:00,100085.19434900505
2025-07-26 05:51:00+00:00,100084.09403361527
2025-07-26 05:52:00+00:00,100083.22401679544
2025-07-26 05:53:00+00:00,100092.15448356367
2025-07-26 05:54:00+00:00,100092.15448356367
2025-07-26 05:55:00+00:00,100082.43076616559
2025-07-26 05:56:00+00:00,100086.62731788476
2025-07-26 05:57:00+00:00,100085.450236305
2025-07-26 05:58:00+00:00,100085.39905884501
2025-07-26 05:59:00+00:00,100084.27315472523
2025-07-26 06:00:00+00:00,100084.60580821516
2025-07-26 06:01:00+00:00,100088.70000501435
2025-07-26 06:02:00+00:00,100085.11758281506
2025-07-26 06:03:00+00:00,100084.9640504351
2025-07-26 06:04:00+00:00,100084.98963916508
2025-07-26 06:05:00+00:00,100082.27723378563
2025-07-26 06:06:00+00:00,100079.02746507627
2025-07-26 06:07:00+00:00,100070.78789401789
2025-07-26 06:08:00+00:00,100067.02635070863
2025-07-26 06:09:00+00:00,100066.18192261881
2025-07-26 06:10:00+00:00,100065.26072833898
2025-07-26 06:11:00+00:00,100064.62101008912
2025-07-26 06:12:00+00:00,100064.56983262912
2025-07-26 06:13:00+00:00,100063.36716231937
2025-07-26 06:14:00+00:00,100062.52273422953
2025-07-26 06:15:00+00:00,100063.90452564925
2025-07-26 06:16:00+00:00,100063.72540453929
2025-07-26 06:17:00+00:00,100063.72540453929
2025-07-26 06:18:00+00:00,100063.72540453929
2025-07-26 06:19:00+00:00,100058.83795711026
2025-07-26 06:20:00+00:00,100058.50530362032
2025-07-26 06:21:00+00:00,100058.50530362032
2025-07-26 06:22:00+00:00,100056.96997982063
2025-07-26 06:23:00+00:00,100054.23198571117
2025-07-26 06:24:00+00:00,100055.97201935083
2025-07-26 06:25:00+00:00,100056.30467284075
2025-07-26 06:26:00+00:00,100058.99148949022
2025-07-26 06:27:00+00:00,100061.16653153978
2025-07-26 06:28:00+00:00,100061.1409428098
2025-07-26 06:29:00+00:00,100060.68034566988
2025-07-26 06:30:00+00:00,100060.6547569399
2025-07-26 06:31:00+00:00,100059.83591758006
2025-07-26 06:32:00+00:00,100058.19823886038
2025-07-26 06:33:00+00:00,100059.01707822022
2025-07-26 06:34:00+00:00,100064.7233650091
2025-07-26 06:35:00+00:00,100065.59338182892
2025-07-26 06:36:00+00:00,100081.99575775568
2025-07-26 06:37:00+00:00,100081.66310426575
2025-07-26 06:38:00+00:00,100074.85650208709
2025-07-26 06:39:00+00:00,100074.62620351714
2025-07-26 06:40:00+00:00,100078.49010174637
2025-07-26 06:41:00+00:00,100076.36623715679
2025-07-26 06:42:00+00:00,100076.36623715679
2025-07-26 06:43:00+00:00,100075.13797811704
2025-07-26 06:44:00+00:00,100072.70704876751
2025-07-26 06:45:00+00:00,100073.06529098745
2025-07-26 06:46:00+00:00,100073.03970225745
2025-07-26 06:47:00+00:00,100068.79197307829
2025-07-26 06:48:00+00:00,100068.7663843483
2025-07-26 06:49:00+00:00,100068.81756180829
2025-07-26 06:50:00+00:00,100070.12258703803
2025-07-26 06:51:00+00:00,100072.7838149575
2025-07-26 06:52:00+00:00,100072.37439527758
2025-07-26 06:53:00+00:00,100071.01819258786
2025-07-26 06:54:00+00:00,100067.7172464185
2025-07-26 06:55:00+00:00,100067.7172464185
2025-07-26 06:56:00+00:00,100062.1389032796
2025-07-26 06:57:00+00:00,100058.50530362032
2025-07-26 06:58:00+00:00,100057.99352902042
2025-07-26 06:59:00+00:00,100057.99352902042
2025-07-26 07:00:00+00:00,100062.01095962962
2025-07-26 07:01:00+00:00,100060.85946677986
2025-07-26 07:02:00+00:00,100060.55240201991
2025-07-26 07:03:00+00:00,100060.45004709993
2025-07-26 07:04:00+00:00,100060.47563582993
2025-07-26 07:05:00+00:00,100060.45004709993
2025-07-26 07:06:00+00:00,100059.27296552017
2025-07-26 07:07:00+00:00,100059.27296552017
2025-07-26 07:08:00+00:00,100055.17876872097
2025-07-26 07:09:00+00:00,100055.15317999097
2025-07-26 07:10:00+00:00,100053.95050968122
2025-07-26 07:11:00+00:00,100054.61581666108
2025-07-26 07:12:00+00:00,100054.02727587121
2025-07-26 07:13:00+00:00,100056.68850379068
2025-07-26 07:14:00+00:00,100055.43465602092
2025-07-26 07:15:00+00:00,100055.94643062082
2025-07-26 07:16:00+00:00,100054.5390504711
2025-07-26 07:17:00+00:00,100054.5390504711
2025-07-26 07:18:00+00:00,100054.46228428112
2025-07-26 07:19:00+00:00,100055.43465602092
2025-07-26 07:20:00+00:00,100054.99964761101
2025-07-26 07:21:00+00:00,100055.40906729092
2025-07-26 07:22:00+00:00,100054.64140539108
2025-07-26 07:23:00+00:00,100054.1040420612
2025-07-26 07:24:00+00:00,100054.61581666108
2025-07-26 07:25:00+00:00,100054.61581666108
2025-07-26 07:26:00+00:00,100054.5902279311
2025-07-26 07:27:00+00:00,100067.2054718186
2025-07-26 07:28:00+00:00,100067.2054718186
2025-07-26 07:29:00+00:00,100062.54832295953
2025-07-26 07:30:00+00:00,100062.19008073959
2025-07-26 07:31:00+00:00,100062.1644920096
2025-07-26 07:32:00+00:00,100062.1644920096
2025-07-26 07:33:00+00:00,100062.1644920096
2025-07-26 07:34:00+00:00,100056.02319681081
2025-07-26 07:35:00+00:00,100056.02319681081
2025-07-26 07:36:00+00:00,100055.94643062082
2025-07-26 07:37:00+00:00,100054.38551809113
2025-07-26 07:38:00+00:00,100053.0037266714
2025-07-26 07:39:00+00:00,100052.9781379414
2025-07-26 07:40:00+00:00,100054.89729269104
2025-07-26 07:41:00+00:00,100066.87281832867
2025-07-26 07:42:00+00:00,100064.1348242192
2025-07-26 07:43:00+00:00,100064.1604129492
2025-07-26 07:44:00+00:00,100064.1348242192
2025-07-26 07:45:00+00:00,100068.2034322884
2025-07-26 07:46:00+00:00,100068.2034322884
2025-07-26 07:47:00+00:00,100063.93011437924
2025-07-26 07:48:00+00:00,100063.85334818927
2025-07-26 07:49:00+00:00,100063.87893691927
2025-07-26 07:50:00+00:00,100067.05193943864
2025-07-26 07:51:00+00:00,100065.158373419
2025-07-26 07:52:00+00:00,100062.08772581961
2025-07-26 07:53:00+00:00,100062.08772581961
2025-07-26 07:54:00+00:00,100061.57595121971
2025-07-26 07:55:00+00:00,100060.85946677986
2025-07-26 07:56:00+00:00,100060.85946677986
2025-07-26 07:57:00+00:00,100057.86558537045
2025-07-26 07:58:00+00:00,100054.5646392011
2025-07-26 07:59:00+00:00,100053.69462238127
2025-07-26 08:00:00+00:00,100061.06417661981
2025-07-26 08:01:00+00:00,100061.06417661981
2025-07-26 08:02:00+00:00,100060.16857107
2025-07-26 08:03:00+00:00,100057.73764172048
2025-07-26 08:04:00+00:00,100059.01707822022
2025-07-26 08:05:00+00:00,100058.50530362032
2025-07-26 08:06:00+00:00,100058.50530362032
2025-07-26 08:07:00+00:00,100058.50530362032
2025-07-26 08:08:00+00:00,100058.53089235032
2025-07-26 08:09:00+00:00,100060.98741042984
2025-07-26 08:10:00+00:00,100060.98741042984
2025-07-26 08:11:00+00:00,100060.98741042984
2025-07-26 08:12:00+00:00,100061.01299915982
2025-07-26 08:13:00+00:00,100060.06621615001
2025-07-26 08:14:00+00:00,100060.09180488001
2025-07-26 08:15:00+00:00,100060.06621615001
2025-07-26 08:16:00+00:00,100060.96182169984
2025-07-26 08:17:00+00:00,100068.40814212836
2025-07-26 08:18:00+00:00,100078.18303698643
2025-07-26 08:19:00+00:00,100084.09403361527
2025-07-26 08:20:00+00:00,100085.450236305
2025-07-26 08:21:00+00:00,100082.63547600555
2025-07-26 08:22:00+00:00,100082.66106473556
2025-07-26 08:23:00+00:00,100081.22809585583
2025-07-26 08:24:00+00:00,100081.22809585583
2025-07-26 08:25:00+00:00,100082.43076616559
2025-07-26 08:26:00+00:00,100087.39497978461
2025-07-26 08:27:00+00:00,100092.18007229368
2025-07-26 08:28:00+00:00,100093.43392006343
2025-07-26 08:29:00+00:00,100099.42168288224
2025-07-26 08:30:00+00:00,100101.98055588173
2025-07-26 08:31:00+00:00,100102.00614461173
2025-07-26 08:32:00+00:00,100101.98055588173
2025-07-26 08:33:00+00:00,100093.45950879343
2025-07-26 08:34:00+00:00,100091.77065261375
2025-07-26 08:35:00+00:00,100091.38682166382
2025-07-26 08:36:00+00:00,100091.25887801385
2025-07-26 08:37:00+00:00,100087.26703613464
2025-07-26 08:38:00+00:00,100088.93030358432
2025-07-26 08:39:00+00:00,100088.9558923143
2025-07-26 08:40:00+00:00,100090.74710341395
2025-07-26 08:41:00+00:00,100095.1227762431
2025-07-26 08:42:00+00:00,100095.14836497308
2025-07-26 08:43:00+00:00,100095.1227762431
2025-07-26 08:44:00+00:00,100095.1227762431
2025-07-26 08:45:00+00:00,100094.81571148316
2025-07-26 08:46:00+00:00,100094.84130021314
2025-07-26 08:47:00+00:00,100097.42576194264
2025-07-26 08:48:00+00:00,100097.45135067264
2025-07-26 08:49:00+00:00,100113.7513716794
2025-07-26 08:50:00+00:00,100128.5160688865
2025-07-26 08:51:00+00:00,100119.15059370834
2025-07-26 08:52:00+00:00,100129.46285189631
2025-07-26 08:53:00+00:00,100129.13019840638
2025-07-26 08:54:00+00:00,100119.99502179818
2025-07-26 08:55:00+00:00,100110.16894948011
2025-07-26 08:56:00+00:00,100110.70631281001
2025-07-26 08:57:00+00:00,100113.90490405938
2025-07-26 08:58:00+00:00,100113.90490405938
2025-07-26 08:59:00+00:00,100115.824058809
2025-07-26 09:00:00+00:00,100130.66552220608
2025-07-26 09:01:00+00:00,100121.55593432787
2025-07-26 09:02:00+00:00,100118.94588386838
2025-07-26 09:03:00+00:00,100110.73190154001
2025-07-26 09:04:00+00:00,100111.85780565979
2025-07-26 09:05:00+00:00,100101.77584604178
2025-07-26 09:06:00+00:00,100108.63362568042
2025-07-26 09:07:00+00:00,100108.50568203045
2025-07-26 09:08:00+00:00,100110.16894948011
2025-07-26 09:09:00+00:00,100110.22012694011
2025-07-26 09:10:00+00:00,100108.81274679038
2025-07-26 09:11:00+00:00,100108.63362568042
2025-07-26 09:12:00+00:00,100109.14540028032
2025-07-26 09:13:00+00:00,100113.2907745395
2025-07-26 09:14:00+00:00,100113.7769604094
2025-07-26 09:15:00+00:00,100113.2651858095
2025-07-26 09:16:00+00:00,100112.93253231957
2025-07-26 09:17:00+00:00,100117.20585022873
2025-07-26 09:18:00+00:00,100112.93253231957
2025-07-26 09:19:00+00:00,100111.72986200982
2025-07-26 09:20:00+00:00,100110.22012694011
2025-07-26 09:21:00+00:00,100109.17098901031
2025-07-26 09:22:00+00:00,100103.95088809135
2025-07-26 09:23:00+00:00,100096.91398734273
2025-07-26 09:24:00+00:00,100093.15244403348
2025-07-26 09:25:00+00:00,100099.44727161224
2025-07-26 09:26:00+00:00,100098.16783511249
2025-07-26 09:27:00+00:00,100097.93753654254
2025-07-26 09:28:00+00:00,100093.28038768345
2025-07-26 09:29:00+00:00,100089.74914294414
2025-07-26 09:30:00+00:00,100085.16876027506
2025-07-26 09:31:00+00:00,100089.5188443742
2025-07-26 09:32:00+00:00,100089.5444331042
2025-07-26 09:33:00+00:00,100089.21177961426
2025-07-26 09:34:00+00:00,100088.00910930449
2025-07-26 09:35:00+00:00,100090.20974008406
2025-07-26 09:36:00+00:00,100092.28242721365
2025-07-26 09:37:00+00:00,100090.72151468396
2025-07-26 09:38:00+00:00,100096.86280988275
2025-07-26 09:39:00+00:00,100102.00614461173
2025-07-26 09:40:00+00:00,100102.51791921163
2025-07-26 09:41:00+00:00,100102.54350794162
2025-07-26 09:42:00+00:00,100103.64382333141
2025-07-26 09:43:00+00:00,100103.51587968144
2025-07-26 09:44:00+00:00,100103.54146841142
2025-07-26 09:45:00+00:00,100105.05120348113
2025-07-26 09:46:00+00:00,100107.12389061072
2025-07-26 09:47:00+00:00,100107.50772156064
2025-07-26 09:48:00+00:00,100111.83221692979
2025-07-26 09:49:00+00:00,100111.60191835984
2025-07-26 09:50:00+00:00,100111.57632962984
2025-07-26 09:51:00+00:00,100111.90898311978
2025-07-26 09:52:00+00:00,100114.2631462793
2025-07-26 09:53:00+00:00,100117.8455684786
2025-07-26 09:54:00+00:00,100118.8691176784
2025-07-26 09:55:00+00:00,100118.8435289484
2025-07-26 09:56:00+00:00,100118.48528672848
2025-07-26 09:57:00+00:00,100118.51087545848
2025-07-26 09:58:00+00:00,100118.89470640839
2025-07-26 09:59:00+00:00,100119.22735989833
2025-07-26 10:00:00+00:00,100122.47712860769
2025-07-26 10:01:00+00:00,100124.83129176722
2025-07-26 10:02:00+00:00,100120.30208655812
2025-07-26 10:03:00+00:00,100118.15263323854
2025-07-26 10:04:00+00:00,100115.95200245897
2025-07-26 10:05:00+00:00,100113.2907745395
2025-07-26 10:06:00+00:00,100112.83017739959
2025-07-26 10:07:00+00:00,100112.7789999396
2025-07-26 10:08:00+00:00,100106.12593014092
2025-07-26 10:09:00+00:00,100107.61007648062
2025-07-26 10:10:00+00:00,100116.89878546879
2025-07-26 10:11:00+00:00,100117.8455684786
2025-07-26 10:12:00+00:00,100120.4044414781
2025-07-26 10:13:00+00:00,100125.11276779717
2025-07-26 10:14:00+00:00,100130.15374760618
2025-07-26 10:15:00+00:00,100129.76991665625
2025-07-26 10:16:00+00:00,100135.75767947506
2025-07-26 10:17:00+00:00,100132.22643473577
2025-07-26 10:18:00+00:00,100132.22643473577
2025-07-26 10:19:00+00:00,100130.4864010961
2025-07-26 10:20:00+00:00,100130.4864010961
2025-07-26 10:21:00+00:00,100136.26945407497
2025-07-26 10:22:00+00:00,100136.26945407497
2025-07-26 10:23:00+00:00,100140.36365087415
2025-07-26 10:24:00+00:00,100139.87746500425
2025-07-26 10:25:00+00:00,100148.27056844259
2025-07-26 10:26:00+00:00,100148.27056844259
2025-07-26 10:27:00+00:00,100155.23070300122
2025-07-26 10:28:00+00:00,100161.03934471007
2025-07-26 10:29:00+00:00,100166.489744199
2025-07-26 10:30:00+00:00,100168.71596370856
2025-07-26 10:31:00+00:00,100171.09571559809
2025-07-26 10:32:00+00:00,100178.20938253669
2025-07-26 10:33:00+00:00,100177.23701079687
2025-07-26 10:34:00+00:00,100182.35475679586
2025-07-26 10:35:00+00:00,100184.91362979537
2025-07-26 10:36:00+00:00,100209.47881059052
2025-07-26 10:37:00+00:00,100214.5965565895
2025-07-26 10:38:00+00:00,100214.0847819896
2025-07-26 10:39:00+00:00,100220.45637575834
2025-07-26 10:40:00+00:00,100230.97334378626
2025-07-26 10:41:00+00:00,100231.68982822612
2025-07-26 10:42:00+00:00,100258.6347609108
2025-07-26 10:43:00+00:00,100267.82111497899
2025-07-26 10:44:00+00:00,100275.21625794753
2025-07-26 10:45:00+00:00,100267.2581629191
2025-07-26 10:46:00+00:00,100266.79756577918
2025-07-26 10:47:00+00:00,100239.67351198455
2025-07-26 10:48:00+00:00,100233.02044218587
2025-07-26 10:49:00+00:00,100211.62826391008
2025-07-26 10:50:00+00:00,100227.82592999688
2025-07-26 10:51:00+00:00,100226.36737238718
2025-07-26 10:52:00+00:00,100236.67963057515
2025-07-26 10:53:00+00:00,100225.11352461742
2025-07-26 10:54:00+00:00,100218.81869703866
2025-07-26 10:55:00+00:00,100235.57931518536
2025-07-26 10:56:00+00:00,100231.92012679607
2025-07-26 10:57:00+00:00,100224.11556414762
2025-07-26 10:58:00+00:00,100217.02748593902
2025-07-26 10:59:00+00:00,100219.68871385849
2025-07-26 11:00:00+00:00,100215.1083311894
2025-07-26 11:01:00+00:00,100218.69075338868
2025-07-26 11:02:00+00:00,100213.0868215198
2025-07-26 11:03:00+00:00,100224.29468525758
2025-07-26 11:04:00+00:00,100235.55372645536
2025-07-26 11:05:00+00:00,100238.9058500847
2025-07-26 11:06:00+00:00,100242.10444133407
2025-07-26 11:07:00+00:00,100235.06754058546
2025-07-26 11:08:00+00:00,100226.93032444706
2025-07-26 11:09:00+00:00,100235.42578280538
2025-07-26 11:10:00+00:00,100229.05418903664
2025-07-26 11:11:00+00:00,100227.90269618688
2025-07-26 11:12:00+00:00,100226.39296111718
2025-07-26 11:13:00+00:00,100223.83408811767
2025-07-26 11:14:00+00:00,100234.50458852557
2025-07-26 11:15:00+00:00,100240.10852039445
2025-07-26 11:16:00+00:00,100234.96518566548
2025-07-26 11:17:00+00:00,100227.00709063705
2025-07-26 11:18:00+00:00,100220.25166591839
2025-07-26 11:19:00+00:00,100221.78698971808
2025-07-26 11:20:00+00:00,100216.84836482906
2025-07-26 11:21:00+00:00,100207.17582489096
2025-07-26 11:22:00+00:00,100203.87487872162
2025-07-26 11:23:00+00:00,100196.17267099314
2025-07-26 11:24:00+00:00,100195.66089639324
2025-07-26 11:25:00+00:00,100207.38053473092
2025-07-26 11:26:00+00:00,100213.5474186597
2025-07-26 11:27:00+00:00,100215.0571537294
2025-07-26 11:28:00+00:00,100218.17897878878
2025-07-26 11:29:00+00:00,100208.55761631069
2025-07-26 11:30:00+00:00,100208.94144726061
2025-07-26 11:31:00+00:00,100214.6221453195
2025-07-26 11:32:00+00:00,100221.73581225809
2025-07-26 11:33:00+00:00,100224.83204858747
2025-07-26 11:34:00+00:00,100224.06438668763
2025-07-26 11:35:00+00:00,100214.82685515945
2025-07-26 11:36:00+00:00,100213.93124960962
2025-07-26 11:37:00+00:00,100208.45526139071
2025-07-26 11:38:00+00:00,100195.14912179334
2025-07-26 11:39:00+00:00,100199.21772986253
2025-07-26 11:40:00+00:00,100192.07847419394
2025-07-26 11:41:00+00:00,100184.91362979537
2025-07-26 11:42:00+00:00,100182.09886949591
2025-07-26 11:43:00+00:00,100181.30561886607
2025-07-26 11:44:00+00:00,100178.72115713658
2025-07-26 11:45:00+00:00,100190.03137579435
2025-07-26 11:46:00+00:00,100191.54111086405
2025-07-26 11:47:00+00:00,100181.81739346597
2025-07-26 11:48:00+00:00,100179.79588379637
2025-07-26 11:49:00+00:00,100186.42336486507
2025-07-26 11:50:00+00:00,100186.16747756512
2025-07-26 11:51:00+00:00,100190.03137579435
2025-07-26 11:52:00+00:00,100186.47454232506
2025-07-26 11:53:00+00:00,100186.1930662951
2025-07-26 11:54:00+00:00,100181.84298219596
2025-07-26 11:55:00+00:00,100180.33324712627
2025-07-26 11:56:00+00:00,100172.91251542773
2025-07-26 11:57:00+00:00,100168.5368425986
2025-07-26 11:58:00+00:00,100173.42429002763
2025-07-26 11:59:00+00:00,100168.0250679987
2025-07-26 12:00:00+00:00,100182.32916806587
2025-07-26 12:01:00+00:00,100176.85317984695
2025-07-26 12:02:00+00:00,100176.85317984695
2025-07-26 12:03:00+00:00,100172.29838590785
2025-07-26 12:04:00+00:00,100169.58598052838
2025-07-26 12:05:00+00:00,100169.61156925838
2025-07-26 12:06:00+00:00,100169.84186782833
2025-07-26 12:07:00+00:00,100166.51533292899
2025-07-26 12:08:00+00:00,100167.9994792687
2025-07-26 12:09:00+00:00,100166.0035583291
2025-07-26 12:10:00+00:00,100168.25536656864
2025-07-26 12:11:00+00:00,100171.09571559809
2025-07-26 12:12:00+00:00,100171.09571559809
2025-07-26 12:13:00+00:00,100172.57986193779
2025-07-26 12:14:00+00:00,100178.77233459658
2025-07-26 12:15:00+00:00,100187.98427739475
2025-07-26 12:16:00+00:00,100187.98427739475
2025-07-26 12:17:00+00:00,100188.98223786455
2025-07-26 12:18:00+00:00,100190.03137579435
2025-07-26 12:19:00+00:00,100191.69464324402
2025-07-26 12:20:00+00:00,100198.68036653264
2025-07-26 12:21:00+00:00,100203.31192666173
2025-07-26 12:22:00+00:00,100203.33751539173
2025-07-26 12:23:00+00:00,100209.19733456057
2025-07-26 12:24:00+00:00,100206.63846156107
2025-07-26 12:25:00+00:00,100221.76140098809
2025-07-26 12:26:00+00:00,100208.17378536076
2025-07-26 12:27:00+00:00,100209.45322186052
2025-07-26 12:28:00+00:00,100210.73265836026
2025-07-26 12:29:00+00:00,100214.5709678595
2025-07-26 12:30:00+00:00,100209.52998805049
2025-07-26 12:31:00+00:00,100208.32731774074
2025-07-26 12:32:00+00:00,100201.80219159203
2025-07-26 12:33:00+00:00,100199.26890732252
2025-07-26 12:34:00+00:00,100207.40612346091
2025-07-26 12:35:00+00:00,100214.5965565895
2025-07-26 12:36:00+00:00,100216.6436549891
2025-07-26 12:37:00+00:00,100220.91697289825
2025-07-26 12:38:00+00:00,100202.31396619193
2025-07-26 12:39:00+00:00,100199.4224397025
2025-07-26 12:40:00+00:00,100203.28633793173
2025-07-26 12:41:00+00:00,100204.69371808146
2025-07-26 12:42:00+00:00,100209.47881059052
2025-07-26 12:43:00+00:00,100213.5730073897
2025-07-26 12:44:00+00:00,100213.0612327898
2025-07-26 12:45:00+00:00,100214.1103707196
2025-07-26 12:46:00+00:00,100214.0847819896
2025-07-26 12:47:00+00:00,100213.82889468965
2025-07-26 12:48:00+00:00,100213.0612327898
2025-07-26 12:49:00+00:00,100213.0612327898
2025-07-26 12:50:00+00:00,100209.35086694054
2025-07-26 12:51:00+00:00,100205.79403347123
2025-07-26 12:52:00+00:00,100208.48085012072
2025-07-26 12:53:00+00:00,100208.96703599062
2025-07-26 12:54:00+00:00,100206.91993759101
2025-07-26 12:55:00+00:00,100206.35698553112
2025-07-26 12:56:00+00:00,100203.87487872162
2025-07-26 12:57:00+00:00,100203.84928999162
2025-07-26 12:58:00+00:00,100201.82778032203
2025-07-26 12:59:00+00:00,100202.82574079183
2025-07-26 13:00:00+00:00,100196.19825972314
2025-07-26 13:01:00+00:00,100187.2422042249
2025-07-26 13:02:00+00:00,100214.5709678595
2025-07-26 13:03:00+00:00,100214.75008896948
2025-07-26 13:04:00+00:00,100239.23850357463
2025-07-26 13:05:00+00:00,100240.9273597543
2025-07-26 13:06:00+00:00,100259.99096360053
2025-07-26 13:07:00+00:00,100249.44840684262
2025-07-26 13:08:00+00:00,100246.14746067327
2025-07-26 13:09:00+00:00,100251.80257000215
2025-07-26 13:10:00+00:00,100246.40334797322
2025-07-26 13:11:00+00:00,100258.6091721808
2025-07-26 13:12:00+00:00,100249.85782652254
2025-07-26 13:13:00+00:00,100257.40650187104
2025-07-26 13:14:00+00:00,100257.1506145711
2025-07-26 13:15:00+00:00,100257.07384838111
2025-07-26 13:16:00+00:00,100255.51293585142
2025-07-26 13:17:00+00:00,100266.74638831921
2025-07-26 13:18:00+00:00,100278.82426887682
2025-07-26 13:19:00+00:00,100274.52536223766
2025-07-26 13:20:00+00:00,100268.40965576888
2025-07-26 13:21:00+00:00,100263.36867595988
2025-07-26 13:22:00+00:00,100263.2407323099
2025-07-26 13:23:00+00:00,100245.32862131344
2025-07-26 13:24:00+00:00,100245.20067766347
2025-07-26 13:25:00+00:00,100251.87933619214
2025-07-26 13:26:00+00:00,100244.76566925354
2025-07-26 13:27:00+00:00,100250.39518985242
2025-07-26 13:28:00+00:00,100247.29895352304
2025-07-26 13:29:00+00:00,100248.27132526285
2025-07-26 13:30:00+00:00,100252.39111079203
2025-07-26 13:31:00+00:00,100253.0564177719
2025-07-26 13:32:00+00:00,100254.89880633153
2025-07-26 13:33:00+00:00,100253.38907126184
2025-07-26 13:34:00+00:00,100261.98688454014
2025-07-26 13:35:00+00:00,100272.09443288815
2025-07-26 13:36:00+00:00,100264.7248786496
2025-07-26 13:37:00+00:00,100275.52332270748
2025-07-26 13:38:00+00:00,100279.66869696665
2025-07-26 13:39:00+00:00,100278.26131681693
2025-07-26 13:40:00+00:00,100269.15172893873
2025-07-26 13:41:00+00:00,100278.26131681693
2025-07-26 13:42:00+00:00,100278.28690554692
2025-07-26 13:43:00+00:00,100278.28690554692
2025-07-26 13:44:00+00:00,100281.07607711638
2025-07-26 13:45:00+00:00,100282.12521504617
2025-07-26 13:46:00+00:00,100278.05660697697
2025-07-26 13:47:00+00:00,100269.84262464859
2025-07-26 13:48:00+00:00,100270.35439924849
2025-07-26 13:49:00+00:00,100274.47418477767
2025-07-26 13:50:00+00:00,100275.47214524748
2025-07-26 13:51:00+00:00,100273.96241017777
2025-07-26 13:52:00+00:00,100270.8661738484
2025-07-26 13:53:00+00:00,100266.33696863928
2025-07-26 13:54:00+00:00,100263.36867595988
2025-07-26 13:55:00+00:00,100260.88656915036
2025-07-26 13:56:00+00:00,100263.01043373994
2025-07-26 13:57:00+00:00,100259.1209467807
2025-07-26 13:58:00+00:00,100259.2233017007
2025-07-26 13:59:00+00:00,100259.1977129707
2025-07-26 14:00:00+00:00,100263.7013294498
2025-07-26 14:01:00+00:00,100260.1700847105
2025-07-26 14:02:00+00:00,100253.26112761187
2025-07-26 14:03:00+00:00,100260.14449598051
2025-07-26 14:04:00+00:00,100260.63068185041
2025-07-26 14:05:00+00:00,100257.53444552101
2025-07-26 14:06:00+00:00,100260.86098042037
2025-07-26 14:07:00+00:00,100267.2837516491
2025-07-26 14:08:00+00:00,100268.33288957889
2025-07-26 14:09:00+00:00,100275.90715365739
2025-07-26 14:10:00+00:00,100271.25000479832
2025-07-26 14:11:00+00:00,100276.00950857738
2025-07-26 14:12:00+00:00,100262.47307041005
2025-07-26 14:13:00+00:00,100258.78829329077
2025-07-26 14:14:00+00:00,100262.1660056501
2025-07-26 14:15:00+00:00,100271.04529495836
2025-07-26 14:16:00+00:00,100264.26428150969
2025-07-26 14:17:00+00:00,100264.26428150969
2025-07-26 14:18:00+00:00,100265.7740165794
2025-07-26 14:19:00+00:00,100266.82315450918
2025-07-26 14:20:00+00:00,100266.79756577918
2025-07-26 14:21:00+00:00,100265.7996053094
2025-07-26 14:22:00+00:00,100274.19270874772
2025-07-26 14:23:00+00:00,100267.82111497899
2025-07-26 14:24:00+00:00,100256.97149346114
2025-07-26 14:25:00+00:00,100247.42689717302
2025-07-26 14:26:00+00:00,100246.35217051323
2025-07-26 14:27:00+00:00,100243.9468298937
2025-07-26 14:28:00+00:00,100228.92624538667
2025-07-26 14:29:00+00:00,100229.15654395662
2025-07-26 14:30:00+00:00,100250.42077858243
2025-07-26 14:31:00+00:00,100261.78217470017
2025-07-26 14:32:00+00:00,100250.42077858243
2025-07-26 14:33:00+00:00,100236.8587516851
2025-07-26 14:34:00+00:00,100226.85355825708
2025-07-26 14:35:00+00:00,100221.73581225809
2025-07-26 14:36:00+00:00,100219.17693925858
2025-07-26 14:37:00+00:00,100214.5709678595
2025-07-26 14:38:00+00:00,100223.65496700771
2025-07-26 14:39:00+00:00,100231.97130425606
2025-07-26 14:40:00+00:00,100232.99485345586
2025-07-26 14:41:00+00:00,100238.62437405475
2025-07-26 14:42:00+00:00,100249.70429414258
2025-07-26 14:43:00+00:00,100246.22422686325
2025-07-26 14:44:00+00:00,100250.21606874246
2025-07-26 14:45:00+00:00,100254.92439506153
2025-07-26 14:46:00+00:00,100261.88452962016
2025-07-26 14:47:00+00:00,100259.65831011061
2025-07-26 14:48:00+00:00,100262.60101406003
2025-07-26 14:49:00+00:00,100261.78217470017
2025-07-26 14:50:00+00:00,100263.29190976988
2025-07-26 14:51:00+00:00,100259.6838988406
2025-07-26 14:52:00+00:00,100262.70336898
2025-07-26 14:53:00+00:00,100262.70336898
2025-07-26 14:54:00+00:00,100238.13818818485
2025-07-26 14:55:00+00:00,100242.89769196391
2025-07-26 14:56:00+00:00,100240.18528658446
2025-07-26 14:57:00+00:00,100243.43505529381
2025-07-26 14:58:00+00:00,100244.68890306356
2025-07-26 14:59:00+00:00,100240.21087531444
2025-07-26 15:00:00+00:00,100241.82296530412
2025-07-26 15:01:00+00:00,100246.0706944833
2025-07-26 15:02:00+00:00,100250.42077858243
2025-07-26 15:03:00+00:00,100250.42077858243
2025-07-26 15:04:00+00:00,100250.39518985242
2025-07-26 15:05:00+00:00,100255.25704855147
2025-07-26 15:06:00+00:00,100252.00727984212
2025-07-26 15:07:00+00:00,100253.23553888187
2025-07-26 15:08:00+00:00,100248.91104351272
2025-07-26 15:09:00+00:00,100249.39722938262
2025-07-26 15:10:00+00:00,100237.9078896149
2025-07-26 15:11:00+00:00,100223.50143462775
2025-07-26 15:12:00+00:00,100211.03972312021
2025-07-26 15:13:00+00:00,100205.4102025213
2025-07-26 15:14:00+00:00,100205.25667014135
2025-07-26 15:15:00+00:00,100207.27817981094
2025-07-26 15:16:00+00:00,100198.73154399263
2025-07-26 15:17:00+00:00,100188.47046326466
2025-07-26 15:18:00+00:00,100188.98223786455
2025-07-26 15:19:00+00:00,100199.24331859253
2025-07-26 15:20:00+00:00,100194.09998386355
2025-07-26 15:21:00+00:00,100190.51756166425
2025-07-26 15:22:00+00:00,100191.02933626415
2025-07-26 15:23:00+00:00,100192.59024879384
2025-07-26 15:24:00+00:00,100190.85021515419
2025-07-26 15:25:00+00:00,100205.4102025213
2025-07-26 15:26:00+00:00,100195.3538316333
2025-07-26 15:27:00+00:00,100191.08051372414
2025-07-26 15:28:00+00:00,100191.08051372414
2025-07-26 15:29:00+00:00,100192.66701498383
2025-07-26 15:30:00+00:00,100196.17267099314
2025-07-26 15:31:00+00:00,100198.75713272263
2025-07-26 15:32:00+00:00,100206.89434886102
2025-07-26 15:33:00+00:00,100208.40408393073
2025-07-26 15:34:00+00:00,100208.42967266071
2025-07-26 15:35:00+00:00,100210.5279485203
2025-07-26 15:36:00+00:00,100205.89638839122
2025-07-26 15:37:00+00:00,100205.81962220123
2025-07-26 15:38:00+00:00,100211.50032026011
2025-07-26 15:39:00+00:00,100211.27002169016
2025-07-26 15:40:00+00:00,100212.03768359001
2025-07-26 15:41:00+00:00,100212.01209486001
2025-07-26 15:42:00+00:00,100206.40816299111
2025-07-26 15:43:00+00:00,100205.15431522136
2025-07-26 15:44:00+00:00,100204.36106459152
2025-07-26 15:45:00+00:00,100211.78179629006
2025-07-26 15:46:00+00:00,100208.9926247206
2025-07-26 15:47:00+00:00,100209.0182134506
2025-07-26 15:48:00+00:00,100222.247586858
2025-07-26 15:49:00+00:00,100220.73785178829
2025-07-26 15:50:00+00:00,100228.92624538667
2025-07-26 15:51:00+00:00,100239.67351198455
2025-07-26 15:52:00+00:00,100248.73192240276
2025-07-26 15:53:00+00:00,100249.88341525252
2025-07-26 15:54:00+00:00,100261.93570708015
2025-07-26 15:55:00+00:00,100262.1915943801
2025-07-26 15:56:00+00:00,100259.6327213806
2025-07-26 15:57:00+00:00,100258.83947075077
2025-07-26 15:58:00+00:00,100260.86098042037
2025-07-26 15:59:00+00:00,100257.20179203109
2025-07-26 16:00:00+00:00,100262.70336898
2025-07-26 16:01:00+00:00,100263.2151435799
2025-07-26 16:02:00+00:00,100267.48846148906
2025-07-26 16:03:00+00:00,100264.87841102957
2025-07-26 16:04:00+00:00,100270.14968940853
2025-07-26 16:05:00+00:00,100272.862094788
2025-07-26 16:06:00+00:00,100259.45360027064
2025-07-26 16:07:00+00:00,100241.4647230842
2025-07-26 16:08:00+00:00,100239.59674579457
2025-07-26 16:09:00+00:00,100231.7921831461
2025-07-26 16:10:00+00:00,100228.95183411667
2025-07-26 16:11:00+00:00,100233.02044218587
2025-07-26 16:12:00+00:00,100232.53425631596
2025-07-26 16:13:00+00:00,100241.18324705424
2025-07-26 16:14:00+00:00,100243.76770878374
2025-07-26 16:15:00+00:00,100250.39518985242
2025-07-26 16:16:00+00:00,100259.09535805072
2025-07-26 16:17:00+00:00,100254.36144300165
2025-07-26 16:18:00+00:00,100258.07180885092
2025-07-26 16:19:00+00:00,100263.1895548499
2025-07-26 16:20:00+00:00,100260.63068185041
2025-07-26 16:21:00+00:00,100265.64607292942
2025-07-26 16:22:00+00:00,100268.84466417879
2025-07-26 16:23:00+00:00,100266.2602024493
2025-07-26 16:24:00+00:00,100266.2602024493
2025-07-26 16:25:00+00:00,100264.2386927797
2025-07-26 16:26:00+00:00,100263.98280547975
2025-07-26 16:27:00+00:00,100270.7638189284
2025-07-26 16:28:00+00:00,100267.82111497899
2025-07-26 16:29:00+00:00,100267.61640513904
2025-07-26 16:30:00+00:00,100272.93886097797
2025-07-26 16:31:00+00:00,100270.71264146842
2025-07-26 16:32:00+00:00,100270.63587527843
2025-07-26 16:33:00+00:00,100251.13726302228
2025-07-26 16:34:00+00:00,100243.35828910382
2025-07-26 16:35:00+00:00,100245.30303258344
2025-07-26 16:36:00+00:00,100247.35013098303
2025-07-26 16:37:00+00:00,100243.25593418384
2025-07-26 16:38:00+00:00,100244.53537068359
2025-07-26 16:39:00+00:00,100247.32454225303
2025-07-26 16:40:00+00:00,100243.28152291384
2025-07-26 16:41:00+00:00,100241.72061038415
2025-07-26 16:42:00+00:00,100248.16897034287
2025-07-26 16:43:00+00:00,100242.462683554
2025-07-26 16:44:00+00:00,100242.61621593396
2025-07-26 16:45:00+00:00,100231.71541695611
2025-07-26 16:46:00+00:00,100231.33158600618
2025-07-26 16:47:00+00:00,100229.38684252658
2025-07-26 16:48:00+00:00,100228.7727130067
2025-07-26 16:49:00+00:00,100226.90473571708
2025-07-26 16:50:00+00:00,100243.28152291384
2025-07-26 16:51:00+00:00,100247.35013098303
2025-07-26 16:52:00+00:00,100244.68890306356
2025-07-26 16:53:00+00:00,100238.06142199486
2025-07-26 16:54:00+00:00,100238.06142199486
2025-07-26 16:55:00+00:00,100240.18528658446
2025-07-26 16:56:00+00:00,100240.15969785445
2025-07-26 16:57:00+00:00,100244.38183830361
2025-07-26 16:58:00+00:00,100244.17712846366
2025-07-26 16:59:00+00:00,100242.71857085395
2025-07-26 17:00:00+00:00,100243.81888624372
2025-07-26 17:01:00+00:00,100247.40130844302
2025-07-26 17:02:00+00:00,100243.25593418384
2025-07-26 17:03:00+00:00,100237.14022771505
2025-07-26 17:04:00+00:00,100239.16173738465
2025-07-26 17:05:00+00:00,100242.71857085395
2025-07-26 17:06:00+00:00,100233.02044218587
2025-07-26 17:07:00+00:00,100231.15246489624
2025-07-26 17:08:00+00:00,100230.89657759629
2025-07-26 17:09:00+00:00,100230.89657759629
2025-07-26 17:10:00+00:00,100232.50866758596
2025-07-26 17:11:00+00:00,100232.53425631596
2025-07-26 17:12:00+00:00,100231.48511838616
2025-07-26 17:13:00+00:00,100236.75639676512
2025-07-26 17:14:00+00:00,100230.7942226763
2025-07-26 17:15:00+00:00,100230.7942226763
2025-07-26 17:16:00+00:00,100238.11259945485
2025-07-26 17:17:00+00:00,100238.11259945485
2025-07-26 17:18:00+00:00,100232.53425631596
2025-07-26 17:19:00+00:00,100232.15042536604
2025-07-26 17:20:00+00:00,100234.04399138567
2025-07-26 17:21:00+00:00,100239.16173738465
2025-07-26 17:22:00+00:00,100241.4903118142
2025-07-26 17:23:00+00:00,100245.30303258344
2025-07-26 17:24:00+00:00,100240.77382737433
2025-07-26 17:25:00+00:00,100237.11463898505
2025-07-26 17:26:00+00:00,100238.62437405475
2025-07-26 17:27:00+00:00,100237.24258263502
2025-07-26 17:28:00+00:00,100239.64792325455
2025-07-26 17:29:00+00:00,100238.8802613547
2025-07-26 17:30:00+00:00,100231.43394092617
2025-07-26 17:31:00+00:00,100227.95387364685
2025-07-26 17:32:00+00:00,100226.87914698708
2025-07-26 17:33:00+00:00,100230.99893251626
2025-07-26 17:34:00+00:00,100225.80442032729
2025-07-26 17:35:00+00:00,100236.01432359527
2025-07-26 17:36:00+00:00,100243.58858767377
2025-07-26 17:37:00+00:00,100239.13614865465
2025-07-26 17:38:00+00:00,100235.98873486527
2025-07-26 17:39:00+00:00,100229.43801998657
2025-07-26 17:40:00+00:00,100229.46360871656
2025-07-26 17:41:00+00:00,100229.48919744656
2025-07-26 17:42:00+00:00,100232.96926472586
2025-07-26 17:43:00+00:00,100220.1748997284
2025-07-26 17:44:00+00:00,100219.1513505286
2025-07-26 17:45:00+00:00,100220.1748997284
2025-07-26 17:46:00+00:00,100226.34178365718
2025-07-26 17:47:00+00:00,100225.06234715744
2025-07-26 17:48:00+00:00,100231.45952965616
2025-07-26 17:49:00+00:00,100227.92828491687
2025-07-26 17:50:00+00:00,100227.92828491687
2025-07-26 17:51:00+00:00,100231.45952965616
2025-07-26 17:52:00+00:00,100225.42058937736
2025-07-26 17:53:00+00:00,100225.39500064738
2025-07-26 17:54:00+00:00,100229.92420585647
2025-07-26 17:55:00+00:00,100233.37868440579
2025-07-26 17:56:00+00:00,100233.37868440579
2025-07-26 17:57:00+00:00,100234.8628307455
2025-07-26 17:58:00+00:00,100233.35309567579
2025-07-26 17:59:00+00:00,100230.97334378626
2025-07-26 18:00:00+00:00,100232.94367599588
2025-07-26 18:01:00+00:00,100231.97130425606
2025-07-26 18:02:00+00:00,100237.19140517504
2025-07-26 18:03:00+00:00,100242.9744581539
2025-07-26 18:04:00+00:00,100241.72061038415
2025-07-26 18:05:00+00:00,100235.45137153538
2025-07-26 18:06:00+00:00,100241.20883578424
2025-07-26 18:07:00+00:00,100242.71857085395
2025-07-26 18:08:00+00:00,100236.8587516851
2025-07-26 18:09:00+00:00,100238.11259945485
2025-07-26 18:10:00+00:00,100240.67147245436
2025-07-26 18:11:00+00:00,100238.52201913478
2025-07-26 18:12:00+00:00,100238.54760786478
2025-07-26 18:13:00+00:00,100240.26205277443
2025-07-26 18:14:00+00:00,100240.28764150443
2025-07-26 18:15:00+00:00,100227.90269618688
2025-07-26 18:16:00+00:00,100215.6201057893
2025-07-26 18:17:00+00:00,100206.56169537109
2025-07-26 18:18:00+00:00,100213.0612327898
2025-07-26 18:19:00+00:00,100216.00393673922
2025-07-26 18:20:00+00:00,100219.20252798859
2025-07-26 18:21:00+00:00,100223.78291065768
2025-07-26 18:22:00+00:00,100228.44005951677
2025-07-26 18:23:00+00:00,100227.82592999688
2025-07-26 18:24:00+00:00,100230.71745648631
2025-07-26 18:25:00+00:00,100231.48511838616
2025-07-26 18:26:00+00:00,100238.11259945485
2025-07-26 18:27:00+00:00,100235.19548423543
2025-07-26 18:28:00+00:00,100235.19548423543
2025-07-26 18:29:00+00:00,100235.22107296543
2025-07-26 18:30:00+00:00,100238.49643040478
2025-07-26 18:31:00+00:00,100224.34586271757
2025-07-26 18:32:00+00:00,100226.46972730715
2025-07-26 18:33:00+00:00,100229.3100763366
2025-07-26 18:34:00+00:00,100236.50050946517
2025-07-26 18:35:00+00:00,100235.83520248531
2025-07-26 18:36:00+00:00,100234.73488709552
2025-07-26 18:37:00+00:00,100237.95906707489
2025-07-26 18:38:00+00:00,100238.9058500847
2025-07-26 18:39:00+00:00,100240.67147245436
2025-07-26 18:40:00+00:00,100240.67147245436
2025-07-26 18:41:00+00:00,100243.71653132375
2025-07-26 18:42:00+00:00,100232.48307885596
2025-07-26 18:43:00+00:00,100231.48511838616
2025-07-26 18:44:00+00:00,100231.35717473619
2025-07-26 18:45:00+00:00,100231.35717473619
2025-07-26 18:46:00+00:00,100236.3981545452
2025-07-26 18:47:00+00:00,100247.83631685293
2025-07-26 18:48:00+00:00,100246.35217051323
2025-07-26 18:49:00+00:00,100250.42077858243
2025-07-26 18:50:00+00:00,100250.39518985242
2025-07-26 18:51:00+00:00,100247.478074633
2025-07-26 18:52:00+00:00,100245.55891988339
2025-07-26 18:53:00+00:00,100250.13930255247
2025-07-26 18:54:00+00:00,100246.35217051323
2025-07-26 18:55:00+00:00,100245.40538750342
2025-07-26 18:56:00+00:00,100245.43097623342
2025-07-26 18:57:00+00:00,100245.40538750342
2025-07-26 18:58:00+00:00,100245.43097623342
2025-07-26 18:59:00+00:00,100246.32658178323
2025-07-26 19:00:00+00:00,100244.27948338364
2025-07-26 19:01:00+00:00,100248.88545478272
2025-07-26 19:02:00+00:00,100248.88545478272
2025-07-26 19:03:00+00:00,100247.40130844302
2025-07-26 19:04:00+00:00,100248.88545478272
2025-07-26 19:05:00+00:00,100249.5507617626
2025-07-26 19:06:00+00:00,100246.24981559324
2025-07-26 19:07:00+00:00,100238.70114024474
2025-07-26 19:08:00+00:00,100238.67555151475
2025-07-26 19:09:00+00:00,100237.344937555
2025-07-26 19:10:00+00:00,100232.02248171606
2025-07-26 19:11:00+00:00,100234.42782233558
2025-07-26 19:12:00+00:00,100240.3644076944
2025-07-26 19:13:00+00:00,100241.10648086427
2025-07-26 19:14:00+00:00,100244.58654814358
2025-07-26 19:15:00+00:00,100243.76770878374
2025-07-26 19:16:00+00:00,100243.58858767377
2025-07-26 19:17:00+00:00,100240.54352880438
2025-07-26 19:18:00+00:00,100250.42077858243
2025-07-26 19:19:00+00:00,100244.27948338364
2025-07-26 19:20:00+00:00,100241.36236816422
2025-07-26 19:21:00+00:00,100242.59062720397
2025-07-26 19:22:00+00:00,100242.59062720397
2025-07-26 19:23:00+00:00,100245.25185512344
2025-07-26 19:24:00+00:00,100247.32454225303
2025-07-26 19:25:00+00:00,100247.42689717302
2025-07-26 19:26:00+00:00,100247.75955066294
2025-07-26 19:27:00+00:00,100248.22014780286
2025-07-26 19:28:00+00:00,100248.19455907287
2025-07-26 19:29:00+00:00,100249.4995843026
2025-07-26 19:30:00+00:00,100250.42077858243
2025-07-26 19:31:00+00:00,100250.0625363625
2025-07-26 19:32:00+00:00,100244.58654814358
2025-07-26 19:33:00+00:00,100252.82611920196
2025-07-26 19:34:00+00:00,100249.88341525252
2025-07-26 19:35:00+00:00,100250.65107715238
2025-07-26 19:36:00+00:00,100250.65107715238
2025-07-26 19:37:00+00:00,100250.65107715238
2025-07-26 19:38:00+00:00,100253.18436142188
2025-07-26 19:39:00+00:00,100254.23349935167
2025-07-26 19:40:00+00:00,100255.48734712142
2025-07-26 19:41:00+00:00,100255.51293585142
2025-07-26 19:42:00+00:00,100255.41058093144
2025-07-26 19:43:00+00:00,100268.46083322886
2025-07-26 19:44:00+00:00,100269.45879369866
2025-07-26 19:45:00+00:00,100270.48234289847
2025-07-26 19:46:00+00:00,100272.42708637808
2025-07-26 19:47:00+00:00,100279.08015617676
2025-07-26 19:48:00+00:00,100292.05364228421
2025-07-26 19:49:00+00:00,100296.96667844323
2025-07-26 19:50:00+00:00,100286.62883152528
2025-07-26 19:51:00+00:00,100288.70151865487
2025-07-26 19:52:00+00:00,100288.36886516493
2025-07-26 19:53:00+00:00,100289.95536642462
2025-07-26 19:54:00+00:00,100296.88991225325
2025-07-26 19:55:00+00:00,100299.01377684282
2025-07-26 19:56:00+00:00,100284.63291058567
2025-07-26 19:57:00+00:00,100281.10166584636
2025-07-26 19:58:00+00:00,100282.63698964607
2025-07-26 19:59:00+00:00,100282.944054406
2025-07-26 20:00:00+00:00,100267.41169529907
2025-07-26 20:01:00+00:00,100270.3799879785
2025-07-26 20:02:00+00:00,100268.05141354894
2025-07-26 20:03:00+00:00,100264.36663642968
2025-07-26 20:04:00+00:00,100263.01043373994
2025-07-26 20:05:00+00:00,100262.26836057009
2025-07-26 20:06:00+00:00,100256.15265410129
2025-07-26 20:07:00+00:00,100255.53852458141
2025-07-26 20:08:00+00:00,100254.51497538162
2025-07-26 20:09:00+00:00,100252.46787698202
2025-07-26 20:10:00+00:00,100253.72172475177
2025-07-26 20:11:00+00:00,100253.72172475177
2025-07-26 20:12:00+00:00,100253.87525713175
2025-07-26 20:13:00+00:00,100258.07180885092
2025-07-26 20:14:00+00:00,100248.91104351272
2025-07-26 20:15:00+00:00,100249.39722938262
2025-07-26 20:16:00+00:00,100249.0389871627
2025-07-26 20:17:00+00:00,100244.53537068359
2025-07-26 20:18:00+00:00,100239.59674579457
2025-07-26 20:19:00+00:00,100241.20883578424
2025-07-26 20:20:00+00:00,100242.69298212396
2025-07-26 20:21:00+00:00,100239.44321341459
2025-07-26 20:22:00+00:00,100239.62233452455
2025-07-26 20:23:00+00:00,100245.27744385344
2025-07-26 20:24:00+00:00,100233.99281392567
2025-07-26 20:25:00+00:00,100217.28337323897
2025-07-26 20:26:00+00:00,100218.12780132881
2025-07-26 20:27:00+00:00,100209.24851202055
2025-07-26 20:28:00+00:00,100209.47881059052
2025-07-26 20:29:00+00:00,100208.63438250068
2025-07-26 20:30:00+00:00,100199.24331859253
2025-07-26 20:31:00+00:00,100192.8717248238
2025-07-26 20:32:00+00:00,100193.30673323371
2025-07-26 20:33:00+00:00,100202.9536844418
2025-07-26 20:34:00+00:00,100207.35494600092
2025-07-26 20:35:00+00:00,100223.29672478778
2025-07-26 20:36:00+00:00,100216.5668887991
2025-07-26 20:37:00+00:00,100216.5924775291
2025-07-26 20:38:00+00:00,100217.94868021883
2025-07-26 20:39:00+00:00,100210.75824709026
2025-07-26 20:40:00+00:00,100211.0141343902
2025-07-26 20:41:00+00:00,100210.9885456602
2025-07-26 20:42:00+00:00,100218.30692243876
2025-07-26 20:43:00+00:00,100222.27317558798
2025-07-26 20:44:00+00:00,100220.84020670826
2025-07-26 20:45:00+00:00,100232.303957746
2025-07-26 20:46:00+00:00,100236.06550105526
2025-07-26 20:47:00+00:00,100229.97538331646
2025-07-26 20:48:00+00:00,100228.38888205678
2025-07-26 20:49:00+00:00,100214.31508055955
2025-07-26 20:50:00+00:00,100206.33139680114
2025-07-26 20:51:00+00:00,100202.9025069818
2025-07-26 20:52:00+00:00,100207.35494600092
2025-07-26 20:53:00+00:00,100217.59043799891
2025-07-26 20:54:00+00:00,100222.7593614579
2025-07-26 20:55:00+00:00,100220.58431940831
2025-07-26 20:56:00+00:00,100215.6201057893
2025-07-26 20:57:00+00:00,100221.27521511818
2025-07-26 20:58:00+00:00,100221.30080384818
2025-07-26 20:59:00+00:00,100208.76232615065
2025-07-26 21:00:00+00:00,100193.46026561367
2025-07-26 21:01:00+00:00,100202.80015206183
2025-07-26 21:02:00+00:00,100208.89026980063
2025-07-26 21:03:00+00:00,100209.47881059052
2025-07-26 21:04:00+00:00,100212.01209486001
2025-07-26 21:05:00+00:00,100215.0827424594
2025-07-26 21:06:00+00:00,100216.43894514913
2025-07-26 21:07:00+00:00,100216.18305784918
2025-07-26 21:08:00+00:00,100223.27113605778
2025-07-26 21:09:00+00:00,100223.27113605778
2025-07-26 21:10:00+00:00,100218.6651646587
2025-07-26 21:11:00+00:00,100219.71430258849
2025-07-26 21:12:00+00:00,100214.92921007943
2025-07-26 21:13:00+00:00,100205.84521093123
2025-07-26 21:14:00+00:00,100193.30673323371
2025-07-26 21:15:00+00:00,100207.84113187084
2025-07-26 21:16:00+00:00,100207.91789806081
2025-07-26 21:17:00+00:00,100207.43171219091
2025-07-26 21:18:00+00:00,100207.43171219091
2025-07-26 21:19:00+00:00,100207.45730092091
2025-07-26 21:20:00+00:00,100202.4419098419
2025-07-26 21:21:00+00:00,100207.40612346091
2025-07-26 21:22:00+00:00,100207.43171219091
2025-07-26 21:23:00+00:00,100207.43171219091
2025-07-26 21:24:00+00:00,100207.43171219091
2025-07-26 21:25:00+00:00,100208.94144726061
2025-07-26 21:26:00+00:00,100211.70503010007
2025-07-26 21:27:00+00:00,100211.70503010007
2025-07-26 21:28:00+00:00,100211.73061883007
2025-07-26 21:29:00+00:00,100210.93736820022
2025-07-26 21:30:00+00:00,100217.61602672891
2025-07-26 21:31:00+00:00,100215.1083311894
2025-07-26 21:32:00+00:00,100215.5945170593
2025-07-26 21:33:00+00:00,100216.6180662591
2025-07-26 21:34:00+00:00,100224.2690965276
2025-07-26 21:35:00+00:00,100224.2690965276
2025-07-26 21:36:00+00:00,100223.47584589774
2025-07-26 21:37:00+00:00,100203.36310412172
2025-07-26 21:38:00+00:00,100203.84928999162
2025-07-26 21:39:00+00:00,100210.9885456602
2025-07-26 21:40:00+00:00,100205.66608982126
2025-07-26 21:41:00+00:00,100212.80534548985
2025-07-26 21:42:00+00:00,100207.43171219091
2025-07-26 21:43:00+00:00,100212.77975675986
2025-07-26 21:44:00+00:00,100212.6006356499
2025-07-26 21:45:00+00:00,100212.80534548985
2025-07-26 21:46:00+00:00,100214.23831436958
2025-07-26 21:47:00+00:00,100216.18305784918
2025-07-26 21:48:00+00:00,100216.77159863907
2025-07-26 21:49:00+00:00,100221.01932781824
2025-07-26 21:50:00+00:00,100233.58339424575
2025-07-26 21:51:00+00:00,100235.11871804544
2025-07-26 21:52:00+00:00,100235.11871804544
2025-07-26 21:53:00+00:00,100236.09108978526
2025-07-26 21:54:00+00:00,100236.9099291451
2025-07-26 21:55:00+00:00,100237.29376009502
2025-07-26 21:56:00+00:00,100237.26817136502
2025-07-26 21:57:00+00:00,100237.26817136502
2025-07-26 21:58:00+00:00,100242.69298212396
2025-07-26 21:59:00+00:00,100231.99689298606
2025-07-26 22:00:00+00:00,100245.99392829329
2025-07-26 22:01:00+00:00,100236.09108978526
2025-07-26 22:02:00+00:00,100221.19844892819
2025-07-26 22:03:00+00:00,100237.62641358495
2025-07-26 22:04:00+00:00,100243.23034545385
2025-07-26 22:05:00+00:00,100235.22107296543
2025-07-26 22:06:00+00:00,100243.23034545385
2025-07-26 22:07:00+00:00,100251.62344889219
2025-07-26 22:08:00+00:00,100251.62344889219
2025-07-26 22:09:00+00:00,100253.15877269188
2025-07-26 22:10:00+00:00,100256.56207378121
2025-07-26 22:11:00+00:00,100243.66535386376
2025-07-26 22:12:00+00:00,100240.21087531444
2025-07-26 22:13:00+00:00,100252.44228825203
2025-07-26 22:14:00+00:00,100247.83631685293
2025-07-26 22:15:00+00:00,100246.04510575329
2025-07-26 22:16:00+00:00,100245.55891988339
2025-07-26 22:17:00+00:00,100244.17712846366
2025-07-26 22:18:00+00:00,100255.89676680134
2025-07-26 22:19:00+00:00,100263.77809563979
2025-07-26 22:20:00+00:00,100256.56207378121
2025-07-26 22:21:00+00:00,100261.6542310502
2025-07-26 22:22:00+00:00,100272.19678780812
2025-07-26 22:23:00+00:00,100272.91327224798
2025-07-26 22:24:00+00:00,100284.19790217576
2025-07-26 22:25:00+00:00,100282.48345726609
2025-07-26 22:26:00+00:00,100260.6818593104
2025-07-26 22:27:00+00:00,100256.71560616119
2025-07-26 22:28:00+00:00,100241.4903118142
2025-07-26 22:29:00+00:00,100239.69910071454
2025-07-26 22:30:00+00:00,100241.18324705424
2025-07-26 22:31:00+00:00,100245.30303258344
2025-07-26 22:32:00+00:00,100234.14634630564
2025-07-26 22:33:00+00:00,100224.85763731747
2025-07-26 22:34:00+00:00,100229.92420585647
2025-07-26 22:35:00+00:00,100225.88118651728
2025-07-26 22:36:00+00:00,100218.71634211869
2025-07-26 22:37:00+00:00,100223.29672478778
2025-07-26 22:38:00+00:00,100225.31823445737
2025-07-26 22:39:00+00:00,100234.04399138567
2025-07-26 22:40:00+00:00,100225.16470207741
2025-07-26 22:41:00+00:00,100234.01840265567
2025-07-26 22:42:00+00:00,100239.13614865465
2025-07-26 22:43:00+00:00,100255.07792744151
2025-07-26 22:44:00+00:00,100247.32454225303
2025-07-26 22:45:00+00:00,100244.30507211364
2025-07-26 22:46:00+00:00,100239.3920359546
2025-07-26 22:47:00+00:00,100239.05938246468
2025-07-26 22:48:00+00:00,100244.76566925354
2025-07-26 22:49:00+00:00,100251.93051365213
2025-07-26 22:50:00+00:00,100246.50570289319
2025-07-26 22:51:00+00:00,100250.80460953235
2025-07-26 22:52:00+00:00,100243.25593418384
2025-07-26 22:53:00+00:00,100243.28152291384
2025-07-26 22:54:00+00:00,100242.23238498405
2025-07-26 22:55:00+00:00,100238.80349516473
2025-07-26 22:56:00+00:00,100238.82908389471
2025-07-26 22:57:00+00:00,100227.90269618688
2025-07-26 22:58:00+00:00,100227.92828491687
2025-07-26 22:59:00+00:00,100224.06438668763
2025-07-26 23:00:00+00:00,100231.97130425606
2025-07-26 23:01:00+00:00,100233.48103932576
2025-07-26 23:02:00+00:00,100229.84743966648
2025-07-26 23:03:00+00:00,100229.56596363655
2025-07-26 23:04:00+00:00,100224.85763731747
2025-07-26 23:05:00+00:00,100224.85763731747
2025-07-26 23:06:00+00:00,100224.83204858747
2025-07-26 23:07:00+00:00,100213.21476516977
2025-07-26 23:08:00+00:00,100213.18917643977
2025-07-26 23:09:00+00:00,100214.41743547954
2025-07-26 23:10:00+00:00,100218.6651646587
2025-07-26 23:11:00+00:00,100218.69075338868
2025-07-26 23:12:00+00:00,100221.76140098809
2025-07-26 23:13:00+00:00,100223.29672478778
2025-07-26 23:14:00+00:00,100219.73989131849
2025-07-26 23:15:00+00:00,100213.77771722966
2025-07-26 23:16:00+00:00,100216.6180662591
2025-07-26 23:17:00+00:00,100214.44302420953
2025-07-26 23:18:00+00:00,100213.39388627974
2025-07-26 23:19:00+00:00,100210.5023597903
2025-07-26 23:20:00+00:00,100219.6631251285
2025-07-26 23:21:00+00:00,100231.94571552608
2025-07-26 23:22:00+00:00,100231.97130425606
2025-07-26 23:23:00+00:00,100223.65496700771
2025-07-26 23:24:00+00:00,100221.83816717807
2025-07-26 23:25:00+00:00,100217.61602672891
2025-07-26 23:26:00+00:00,100216.84836482906
2025-07-26 23:27:00+00:00,100219.20252798859
2025-07-26 23:28:00+00:00,100204.38665332152
2025-07-26 23:29:00+00:00,100205.25667014135
2025-07-26 23:30:00+00:00,100205.23108141134
2025-07-26 23:31:00+00:00,100208.9926247206
2025-07-26 23:32:00+00:00,100199.24331859253
2025-07-26 23:33:00+00:00,100198.75713272263
2025-07-26 23:34:00+00:00,100196.71003432304
2025-07-26 23:35:00+00:00,100203.82370126163
2025-07-26 23:36:00+00:00,100206.40816299111
2025-07-26 23:37:00+00:00,100205.35902506132
2025-07-26 23:38:00+00:00,100205.38461379132
2025-07-26 23:39:00+00:00,100207.12464743097
2025-07-26 23:40:00+00:00,100205.61491236127
2025-07-26 23:41:00+00:00,100210.5023597903
2025-07-26 23:42:00+00:00,100209.60675424049
2025-07-26 23:43:00+00:00,100207.43171219091
2025-07-26 23:44:00+00:00,100200.26686779232
2025-07-26 23:45:00+00:00,100196.19825972314
2025-07-26 23:46:00+00:00,100195.94237242319
2025-07-26 23:47:00+00:00,100196.12149353315
2025-07-26 23:48:00+00:00,100193.81850783361
2025-07-26 23:49:00+00:00,100193.81850783361
2025-07-26 23:50:00+00:00,100193.8440965636
2025-07-26 23:51:00+00:00,100196.14708226314
2025-07-26 23:52:00+00:00,100196.14708226314
2025-07-26 23:53:00+00:00,100194.48381481347
2025-07-26 23:54:00+00:00,100194.45822608347
2025-07-26 23:55:00+00:00,100194.45822608347
2025-07-26 23:56:00+00:00,100194.45822608347
2025-07-26 23:57:00+00:00,100198.3477130427
2025-07-26 23:58:00+00:00,100198.3477130427
2025-07-26 23:59:00+00:00,100203.67016888165
2025-07-27 00:00:00+00:00,100208.0202529808
2025-07-27 00:01:00+00:00,100194.45822608347
2025-07-27 00:02:00+00:00,100198.3477130427
2025-07-27 00:03:00+00:00,100195.14912179334
2025-07-27 00:04:00+00:00,100192.48789387387
2025-07-27 00:05:00+00:00,100191.41316721408
2025-07-27 00:06:00+00:00,100191.51552213405
2025-07-27 00:07:00+00:00,100196.14708226314
2025-07-27 00:08:00+00:00,100183.89008059556
2025-07-27 00:09:00+00:00,100180.81943299617
2025-07-27 00:10:00+00:00,100182.84094266576
2025-07-27 00:11:00+00:00,100183.81331440558
2025-07-27 00:12:00+00:00,100180.33324712627
2025-07-27 00:13:00+00:00,100189.51960119445
2025-07-27 00:14:00+00:00,100195.60971893325
2025-07-27 00:15:00+00:00,100195.63530766324
2025-07-27 00:16:00+00:00,100196.88915543299
2025-07-27 00:17:00+00:00,100203.59340269168
2025-07-27 00:18:00+00:00,100208.42967266071
2025-07-27 00:19:00+00:00,100208.96703599062
2025-07-27 00:20:00+00:00,100212.5494581899
2025-07-27 00:21:00+00:00,100210.80942455024
2025-07-27 00:22:00+00:00,100203.49104777169
2025-07-27 00:23:00+00:00,100203.36310412172
2025-07-27 00:24:00+00:00,100199.49920589248
2025-07-27 00:25:00+00:00,100195.60971893325
2025-07-27 00:26:00+00:00,100183.91566932556
2025-07-27 00:27:00+00:00,100195.60971893325
2025-07-27 00:28:00+00:00,100184.40185519547
2025-07-27 00:29:00+00:00,100184.42744392547
2025-07-27 00:30:00+00:00,100186.01394518514
2025-07-27 00:31:00+00:00,100183.37830599566
2025-07-27 00:32:00+00:00,100184.29950027549
2025-07-27 00:33:00+00:00,100196.12149353315
2025-07-27 00:34:00+00:00,100203.31192666173
2025-07-27 00:35:00+00:00,100200.54834382227
2025-07-27 00:36:00+00:00,100194.04880640356
2025-07-27 00:37:00+00:00,100192.10406292394
2025-07-27 00:38:00+00:00,100192.07847419394
2025-07-27 00:39:00+00:00,100194.04880640356
2025-07-27 00:40:00+00:00,100195.09794433335
2025-07-27 00:41:00+00:00,100192.10406292394
2025-07-27 00:42:00+00:00,100179.79588379637
2025-07-27 00:43:00+00:00,100183.32712853568
2025-07-27 00:44:00+00:00,100190.00578706435
2025-07-27 00:45:00+00:00,100189.54518992445
2025-07-27 00:46:00+00:00,100182.86653139576
2025-07-27 00:47:00+00:00,100182.81535393577
2025-07-27 00:48:00+00:00,100183.78772567559
2025-07-27 00:49:00+00:00,100187.85633374477
2025-07-27 00:50:00+00:00,100191.54111086405
2025-07-27 00:51:00+00:00,100194.56058100346
2025-07-27 00:52:00+00:00,100194.56058100346
2025-07-27 00:53:00+00:00,100197.22180892293
2025-07-27 00:54:00+00:00,100197.19622019294
2025-07-27 00:55:00+00:00,100195.14912179334
2025-07-27 00:56:00+00:00,100199.21772986253
2025-07-27 00:57:00+00:00,100203.31192666173
2025-07-27 00:58:00+00:00,100210.47677106032
2025-07-27 00:59:00+00:00,100211.0653118502
2025-07-27 01:00:00+00:00,100214.13595944959
2025-07-27 01:01:00+00:00,100214.1103707196
2025-07-27 01:02:00+00:00,100206.94552632101
2025-07-27 01:03:00+00:00,100204.4122420515
2025-07-27 01:04:00+00:00,100201.3927719121
2025-07-27 01:05:00+00:00,100202.10925635196
2025-07-27 01:06:00+00:00,100213.5730073897
2025-07-27 01:07:00+00:00,100224.83204858747
2025-07-27 01:08:00+00:00,100242.20679625405
2025-07-27 01:09:00+00:00,100237.62641358495
2025-07-27 01:10:00+00:00,100244.25389465364
2025-07-27 01:11:00+00:00,100240.21087531444
2025-07-27 01:12:00+00:00,100242.79533704394
2025-07-27 01:13:00+00:00,100261.62864232021
2025-07-27 01:14:00+00:00,100247.32454225303
2025-07-27 01:15:00+00:00,100258.6091721808
2025-07-27 01:16:00+00:00,100258.6091721808
2025-07-27 01:17:00+00:00,100263.16396611992
2025-07-27 01:18:00+00:00,100263.1895548499
2025-07-27 01:19:00+00:00,100261.6542310502
2025-07-27 01:20:00+00:00,100249.39722938262
2025-07-27 01:21:00+00:00,100255.46175839144
2025-07-27 01:22:00+00:00,100262.70336898
2025-07-27 01:23:00+00:00,100260.65627058041
2025-07-27 01:24:00+00:00,100261.6542310502
2025-07-27 01:25:00+00:00,100260.34920582047
2025-07-27 01:26:00+00:00,100260.34920582047
2025-07-27 01:27:00+00:00,100250.95814191233
2025-07-27 01:28:00+00:00,100264.2386927797
2025-07-27 01:29:00+00:00,100263.2407323099
2025-07-27 01:30:00+00:00,100260.6818593104
2025-07-27 01:31:00+00:00,100260.47714947045
2025-07-27 01:32:00+00:00,100267.79552624898
2025-07-27 01:33:00+00:00,100269.35643877869
2025-07-27 01:34:00+00:00,100270.02174575855
2025-07-27 01:35:00+00:00,100271.3779484483
2025-07-27 01:36:00+00:00,100271.91531177818
2025-07-27 01:37:00+00:00,100271.91531177818
2025-07-27 01:38:00+00:00,100278.56838157687
2025-07-27 01:39:00+00:00,100270.89176257838
2025-07-27 01:40:00+00:00,100263.75250690979
2025-07-27 01:41:00+00:00,100264.6737011896
2025-07-27 01:42:00+00:00,100259.6327213806
2025-07-27 01:43:00+00:00,100262.70336898
2025-07-27 01:44:00+00:00,100260.1956734405
2025-07-27 01:45:00+00:00,100249.09016462268
2025-07-27 01:46:00+00:00,100244.20271719365
2025-07-27 01:47:00+00:00,100255.64087950138
2025-07-27 01:48:00+00:00,100256.02471045131
2025-07-27 01:49:00+00:00,100258.6091721808
2025-07-27 01:50:00+00:00,100251.21402921228
2025-07-27 01:51:00+00:00,100242.23238498405
2025-07-27 01:52:00+00:00,100240.69706118434
2025-07-27 01:53:00+00:00,100248.16897034287
2025-07-27 01:54:00+00:00,100246.40334797322
2025-07-27 01:55:00+00:00,100242.89769196391
2025-07-27 01:56:00+00:00,100242.89769196391
2025-07-27 01:57:00+00:00,100244.79125798354
2025-07-27 01:58:00+00:00,100249.78106033255
2025-07-27 01:59:00+00:00,100247.37571971303
2025-07-27 02:00:00+00:00,100242.43709482401
2025-07-27 02:01:00+00:00,100242.23238498405
2025-07-27 02:02:00+00:00,100242.25797371403
2025-07-27 02:03:00+00:00,100236.4237432752
2025-07-27 02:04:00+00:00,100233.55780551575
2025-07-27 02:05:00+00:00,100230.51274664636
2025-07-27 02:06:00+00:00,100230.53833537636
2025-07-27 02:07:00+00:00,100227.49327650695
2025-07-27 02:08:00+00:00,100234.04399138567
2025-07-27 02:09:00+00:00,100254.48938665162
2025-07-27 02:10:00+00:00,100268.7934867188
2025-07-27 02:11:00+00:00,100271.25000479832
2025-07-27 02:12:00+00:00,100274.44859604767
2025-07-27 02:13:00+00:00,100274.44859604767
2025-07-27 02:14:00+00:00,100273.45063557787
2025-07-27 02:15:00+00:00,100280.58989124646
2025-07-27 02:16:00+00:00,100288.80387357484
2025-07-27 02:17:00+00:00,100296.19901654338
2025-07-27 02:18:00+00:00,100287.29413850515
2025-07-27 02:19:00+00:00,100287.08942866519
2025-07-27 02:20:00+00:00,100292.36070704414
2025-07-27 02:21:00+00:00,100292.61659434409
2025-07-27 02:22:00+00:00,100292.64218307409
2025-07-27 02:23:00+00:00,100283.25111916594
2025-07-27 02:24:00+00:00,100277.05864650717
2025-07-27 02:25:00+00:00,100266.79756577918
2025-07-27 02:26:00+00:00,100271.3779484483
2025-07-27 02:27:00+00:00,100265.7740165794
2025-07-27 02:28:00+00:00,100263.82927309978
2025-07-27 02:29:00+00:00,100266.2602024493
2025-07-27 02:30:00+00:00,100266.2857911793
2025-07-27 02:31:00+00:00,100270.89176257838
2025-07-27 02:32:00+00:00,100275.01154810758
2025-07-27 02:33:00+00:00,100274.49977350768
2025-07-27 02:34:00+00:00,100273.98799890777
2025-07-27 02:35:00+00:00,100273.96241017777
2025-07-27 02:36:00+00:00,100278.28690554692
2025-07-27 02:37:00+00:00,100282.79052202603
2025-07-27 02:38:00+00:00,100280.64106870646
2025-07-27 02:39:00+00:00,100280.58989124646
2025-07-27 02:40:00+00:00,100280.58989124646
2025-07-27 02:41:00+00:00,100282.07403758618
2025-07-27 02:42:00+00:00,100282.15080377617
2025-07-27 02:43:00+00:00,100276.03509730737
2025-07-27 02:44:00+00:00,100276.00950857738
2025-07-27 02:45:00+00:00,100267.33492910909
2025-07-27 02:46:00+00:00,100267.30934037908
2025-07-27 02:47:00+00:00,100260.50273820043
2025-07-27 02:48:00+00:00,100265.2622419795
2025-07-27 02:49:00+00:00,100267.30934037908
2025-07-27 02:50:00+00:00,100267.74434878901
2025-07-27 02:51:00+00:00,100272.60620748805
2025-07-27 02:52:00+00:00,100284.19790217576
2025-07-27 02:53:00+00:00,100307.8162999611
2025-07-27 02:54:00+00:00,100309.24926884081
2025-07-27 02:55:00+00:00,100303.67092570191
2025-07-27 02:56:00+00:00,100313.34346564
2025-07-27 02:57:00+00:00,100301.62382730232
2025-07-27 02:58:00+00:00,100300.03732604263
2025-07-27 02:59:00+00:00,100308.25130837101
2025-07-27 03:00:00+00:00,100308.8398491609
2025-07-27 03:01:00+00:00,100304.64329744171
2025-07-27 03:02:00+00:00,100309.04455900085
2025-07-27 03:03:00+00:00,100308.76308297091
2025-07-27 03:04:00+00:00,100307.7651225011
2025-07-27 03:05:00+00:00,100304.66888617171
2025-07-27 03:06:00+00:00,100253.92643459173
2025-07-27 03:07:00+00:00,100254.51497538162
2025-07-27 03:08:00+00:00,100250.93255318233
2025-07-27 03:09:00+00:00,100246.4801141632
2025-07-27 03:10:00+00:00,100253.49142618182
2025-07-27 03:11:00+00:00,100259.1209467807
2025-07-27 03:12:00+00:00,100253.00524031192
2025-07-27 03:13:00+00:00,100253.00524031192
2025-07-27 03:14:00+00:00,100253.00524031192
2025-07-27 03:15:00+00:00,100263.7269181798
2025-07-27 03:16:00+00:00,100265.85078276938
2025-07-27 03:17:00+00:00,100257.58562298102
2025-07-27 03:18:00+00:00,100257.58562298102
2025-07-27 03:19:00+00:00,100256.1014766413
2025-07-27 03:20:00+00:00,100253.00524031192
2025-07-27 03:21:00+00:00,100250.42077858243
2025-07-27 03:22:00+00:00,100261.55187613022
2025-07-27 03:23:00+00:00,100269.35643877869
2025-07-27 03:24:00+00:00,100262.98484500995
2025-07-27 03:25:00+00:00,100268.84466417879
2025-07-27 03:26:00+00:00,100269.35643877869
2025-07-27 03:27:00+00:00,100270.84058511839
2025-07-27 03:28:00+00:00,100271.65942447823
2025-07-27 03:29:00+00:00,100276.70040428723
2025-07-27 03:30:00+00:00,100281.63902917627
2025-07-27 03:31:00+00:00,100281.63902917627
2025-07-27 03:32:00+00:00,100281.63902917627
2025-07-27 03:33:00+00:00,100281.63902917627
2025-07-27 03:34:00+00:00,100284.88879788562
2025-07-27 03:35:00+00:00,100289.82742277464
2025-07-27 03:36:00+00:00,100281.63902917627
2025-07-27 03:37:00+00:00,100279.59193077666
2025-07-27 03:38:00+00:00,100281.12725457636
2025-07-27 03:39:00+00:00,100296.22460527338
2025-07-27 03:40:00+00:00,100292.38629577414
2025-07-27 03:41:00+00:00,100292.41188450414
2025-07-27 03:42:00+00:00,100290.5950846745
2025-07-27 03:43:00+00:00,100286.75677517525
2025-07-27 03:44:00+00:00,100285.24704010555
2025-07-27 03:45:00+00:00,100269.89380210858
2025-07-27 03:46:00+00:00,100275.98391984738
2025-07-27 03:47:00+00:00,100279.51516458669
2025-07-27 03:48:00+00:00,100274.42300731769
2025-07-27 03:49:00+00:00,100274.93478191759
2025-07-27 03:50:00+00:00,100273.98799890777
2025-07-27 03:51:00+00:00,100274.01358763778
2025-07-27 03:52:00+00:00,100273.19474827792
2025-07-27 03:53:00+00:00,100272.42708637808
2025-07-27 03:54:00+00:00,100272.45267510807
2025-07-27 03:55:00+00:00,100277.08423523715
2025-07-27 03:56:00+00:00,100275.01154810758
2025-07-27 03:57:00+00:00,100272.96444970797
2025-07-27 03:58:00+00:00,100271.60824701824
2025-07-27 03:59:00+00:00,100272.45267510807
2025-07-27 04:00:00+00:00,100277.928663327
2025-07-27 04:01:00+00:00,100277.928663327
2025-07-27 04:02:00+00:00,100282.5346347261
2025-07-27 04:03:00+00:00,100282.56022345608
2025-07-27 04:04:00+00:00,100282.15080377617
2025-07-27 04:05:00+00:00,100287.62679199508
2025-07-27 04:06:00+00:00,100294.51016036372
2025-07-27 04:07:00+00:00,100286.11705692537
2025-07-27 04:08:00+00:00,100278.05660697697
2025-07-27 04:09:00+00:00,100271.91531177818
2025-07-27 04:10:00+00:00,100270.30322178849
2025-07-27 04:11:00+00:00,100267.05345307913
2025-07-27 04:12:00+00:00,100262.98484500995
2025-07-27 04:13:00+00:00,100274.96037064758
2025-07-27 04:14:00+00:00,100274.98595937758
2025-07-27 04:15:00+00:00,100279.84781807661
2025-07-27 04:16:00+00:00,100281.10166584636
2025-07-27 04:17:00+00:00,100280.89695600641
2025-07-27 04:18:00+00:00,100274.67889461764
2025-07-27 04:19:00+00:00,100281.9205052062
2025-07-27 04:20:00+00:00,100280.07811664656
2025-07-27 04:21:00+00:00,100275.29302413751
2025-07-27 04:22:00+00:00,100275.49773397748
2025-07-27 04:23:00+00:00,100284.17231344576
2025-07-27 04:24:00+00:00,100294.40780544374
2025-07-27 04:25:00+00:00,100288.036211675
2025-07-27 04:26:00+00:00,100290.51831848451
2025-07-27 04:27:00+00:00,100290.51831848451
2025-07-27 04:28:00+00:00,100290.72302832447
2025-07-27 04:29:00+00:00,100293.38425624394
2025-07-27 04:30:00+00:00,100286.78236390525
2025-07-27 04:31:00+00:00,100288.26651024495
2025-07-27 04:32:00+00:00,100291.33715784435
2025-07-27 04:33:00+00:00,100290.5694959445
2025-07-27 04:34:00+00:00,100288.29209897495
2025-07-27 04:35:00+00:00,100289.29005944476
2025-07-27 04:36:00+00:00,100292.43747323412
2025-07-27 04:37:00+00:00,100292.51423942411
2025-07-27 04:38:00+00:00,100280.12929410656
2025-07-27 04:39:00+00:00,100282.944054406
2025-07-27 04:40:00+00:00,100284.19790217576
2025-07-27 04:41:00+00:00,100281.12725457636
2025-07-27 04:42:00+00:00,100284.19790217576
2025-07-27 04:43:00+00:00,100276.00950857738
2025-07-27 04:44:00+00:00,100282.12521504617
2025-07-27 04:45:00+00:00,100277.03305777717
2025-07-27 04:46:00+00:00,100274.78124953761
2025-07-27 04:47:00+00:00,100274.78124953761
2025-07-27 04:48:00+00:00,100266.82315450918
2025-07-27 04:49:00+00:00,100266.79756577918
2025-07-27 04:50:00+00:00,100267.00227561916
2025-07-27 04:51:00+00:00,100267.2837516491
2025-07-27 04:52:00+00:00,100276.52128317728
2025-07-27 04:53:00+00:00,100274.98595937758
2025-07-27 04:54:00+00:00,100280.20606029654
2025-07-27 04:55:00+00:00,100277.31453380712
2025-07-27 04:56:00+00:00,100276.3677507973
2025-07-27 04:57:00+00:00,100273.04121589796
2025-07-27 04:58:00+00:00,100273.01562716797
2025-07-27 04:59:00+00:00,100282.09962631617
2025-07-27 05:00:00+00:00,100282.40669107612
2025-07-27 05:01:00+00:00,100285.22145137555
2025-07-27 05:02:00+00:00,100277.74954221703
2025-07-27 05:03:00+00:00,100277.16100142714
2025-07-27 05:04:00+00:00,100277.54483237707
2025-07-27 05:05:00+00:00,100276.49569444728
2025-07-27 05:06:00+00:00,100275.52332270748
2025-07-27 05:07:00+00:00,100274.52536223766
2025-07-27 05:08:00+00:00,100267.84670370899
2025-07-27 05:09:00+00:00,100265.7740165794
2025-07-27 05:10:00+00:00,100271.88972304818
2025-07-27 05:11:00+00:00,100276.06068603737
2025-07-27 05:12:00+00:00,100277.03305777717
2025-07-27 05:13:00+00:00,100277.05864650717
2025-07-27 05:14:00+00:00,100276.70040428723
2025-07-27 05:15:00+00:00,100269.35643877869
2025-07-27 05:16:00+00:00,100275.01154810758
2025-07-27 05:17:00+00:00,100281.61344044626
2025-07-27 05:18:00+00:00,100277.10982396716
2025-07-27 05:19:00+00:00,100283.4302402759
2025-07-27 05:20:00+00:00,100274.96037064758
2025-07-27 05:21:00+00:00,100273.55299049786
2025-07-27 05:22:00+00:00,100268.30730084889
2025-07-27 05:23:00+00:00,100278.03101824697
2025-07-27 05:24:00+00:00,100280.64106870646
2025-07-27 05:25:00+00:00,100290.0833100746
2025-07-27 05:26:00+00:00,100288.77828484486
2025-07-27 05:27:00+00:00,100298.96259938284
2025-07-27 05:28:00+00:00,100291.26039165436
2025-07-27 05:29:00+00:00,100292.36070704414
2025-07-27 05:30:00+00:00,100289.23888198475
2025-07-27 05:31:00+00:00,100294.30545052377
2025-07-27 05:32:00+00:00,100292.38629577414
2025-07-27 05:33:00+00:00,100288.21533278497
2025-07-27 05:34:00+00:00,100288.18974405497
2025-07-27 05:35:00+00:00,100291.41392403434
2025-07-27 05:36:00+00:00,100292.66777180409
2025-07-27 05:37:00+00:00,100293.43543370394
2025-07-27 05:38:00+00:00,100294.94516877363
2025-07-27 05:39:00+00:00,100303.90122427186
2025-07-27 05:40:00+00:00,100302.39148920216
2025-07-27 05:41:00+00:00,100290.36478610453
2025-07-27 05:42:00+00:00,100299.98614858264
2025-07-27 05:43:00+00:00,100296.37813765334
2025-07-27 05:44:00+00:00,100294.97075750363
2025-07-27 05:45:00+00:00,100292.02805355421
2025-07-27 05:46:00+00:00,100288.44563135492
2025-07-27 05:47:00+00:00,100288.26651024495
2025-07-27 05:48:00+00:00,100282.45786853609
2025-07-27 05:49:00+00:00,100275.01154810758
2025-07-27 05:50:00+00:00,100280.46194759649
2025-07-27 05:51:00+00:00,100283.4302402759
2025-07-27 05:52:00+00:00,100280.64106870646
2025-07-27 05:53:00+00:00,100285.22145137555
2025-07-27 05:54:00+00:00,100288.77828484486
2025-07-27 05:55:00+00:00,100289.29005944476
2025-07-27 05:56:00+00:00,100295.71283067348
2025-07-27 05:57:00+00:00,100298.22052621299
2025-07-27 05:58:00+00:00,100298.42523605295
2025-07-27 05:59:00+00:00,100300.03732604263
2025-07-27 06:00:00+00:00,100300.03732604263
2025-07-27 06:01:00+00:00,100299.57672890273
2025-07-27 06:02:00+00:00,100296.55725876332
2025-07-27 06:03:00+00:00,100303.54298205193
2025-07-27 06:04:00+00:00,100305.18066077161
2025-07-27 06:05:00+00:00,100300.11409223262
2025-07-27 06:06:00+00:00,100295.45694337353
2025-07-27 06:07:00+00:00,100290.13448753458
2025-07-27 06:08:00+00:00,100285.73322597545
2025-07-27 06:09:00+00:00,100279.15692236676
2025-07-27 06:10:00+00:00,100276.62363809726
2025-07-27 06:11:00+00:00,100280.58989124646
2025-07-27 06:12:00+00:00,100286.11705692537
2025-07-27 06:13:00+00:00,100293.40984497394
2025-07-27 06:14:00+00:00,100298.52759097292
2025-07-27 06:15:00+00:00,100294.94516877363
2025-07-27 06:16:00+00:00,100301.57264984233
2025-07-27 06:17:00+00:00,100302.11001317222
2025-07-27 06:18:00+00:00,100303.05679618203
2025-07-27 06:19:00+00:00,100307.86747742108
2025-07-27 06:20:00+00:00,100307.8418886911
2025-07-27 06:21:00+00:00,100307.8418886911
2025-07-27 06:22:00+00:00,100306.89510568127
2025-07-27 06:23:00+00:00,100306.89510568127
2025-07-27 06:24:00+00:00,100306.81833949129
2025-07-27 06:25:00+00:00,100302.44266666216
2025-07-27 06:26:00+00:00,100304.66888617171
2025-07-27 06:27:00+00:00,100297.52963050312
2025-07-27 06:28:00+00:00,100297.01785590322
2025-07-27 06:29:00+00:00,100297.01785590322
2025-07-27 06:30:00+00:00,100300.06291477263
2025-07-27 06:31:00+00:00,100301.08646397242
2025-07-27 06:32:00+00:00,100301.90530333226
2025-07-27 06:33:00+00:00,100301.34235127237
2025-07-27 06:34:00+00:00,100301.31676254238
2025-07-27 06:35:00+00:00,100301.59823857232
2025-07-27 06:36:00+00:00,100306.7415733013
2025-07-27 06:37:00+00:00,100307.04863806124
2025-07-27 06:38:00+00:00,100307.04863806124
2025-07-27 06:39:00+00:00,100307.07422679124
2025-07-27 06:40:00+00:00,100307.7651225011
2025-07-27 06:41:00+00:00,100315.67204006953
2025-07-27 06:42:00+00:00,100316.67000053934
2025-07-27 06:43:00+00:00,100315.92792736948
2025-07-27 06:44:00+00:00,100315.9023386395
2025-07-27 06:45:00+00:00,100322.29952113824
2025-07-27 06:46:00+00:00,100333.81444963596
2025-07-27 06:47:00+00:00,100310.11928566064
2025-07-27 06:48:00+00:00,100309.7866321707
2025-07-27 06:49:00+00:00,100297.6319854231
2025-07-27 06:50:00+00:00,100302.62178777212
2025-07-27 06:51:00+00:00,100294.94516877363
2025-07-27 06:52:00+00:00,100287.29413850515
2025-07-27 06:53:00+00:00,100293.38425624394
2025-07-27 06:54:00+00:00,100299.03936557283
2025-07-27 06:55:00+00:00,100300.57468937253
2025-07-27 06:56:00+00:00,100292.92365910404
2025-07-27 06:57:00+00:00,100292.89807037404
2025-07-27 06:58:00+00:00,100294.45898290373
2025-07-27 06:59:00+00:00,100295.91754051344
2025-07-27 07:00:00+00:00,100293.99838576381
2025-07-27 07:01:00+00:00,100287.37090469513
2025-07-27 07:02:00+00:00,100281.86932774622
2025-07-27 07:03:00+00:00,100282.07403758618
2025-07-27 07:04:00+00:00,100282.63698964607
2025-07-27 07:05:00+00:00,100281.4599080663
2025-07-27 07:06:00+00:00,100278.05660697697
2025-07-27 07:07:00+00:00,100276.8795253972
2025-07-27 07:08:00+00:00,100277.4424774571
2025-07-27 07:09:00+00:00,100274.47418477767
2025-07-27 07:10:00+00:00,100281.61344044626
2025-07-27 07:11:00+00:00,100281.76697282624
2025-07-27 07:12:00+00:00,100280.61547997646
2025-07-27 07:13:00+00:00,100280.64106870646
2025-07-27 07:14:00+00:00,100256.30618648126
2025-07-27 07:15:00+00:00,100265.15988705952
2025-07-27 07:16:00+00:00,100265.95313768936
2025-07-27 07:17:00+00:00,100269.33085004869
2025-07-27 07:18:00+00:00,100270.61028654844
2025-07-27 07:19:00+00:00,100273.93682144777
2025-07-27 07:20:00+00:00,100278.9266237968
2025-07-27 07:21:00+00:00,100277.49365491708
2025-07-27 07:22:00+00:00,100277.03305777717
2025-07-27 07:23:00+00:00,100270.12410067854
2025-07-27 07:24:00+00:00,100266.69521085921
2025-07-27 07:25:00+00:00,100265.10870959953
2025-07-27 07:26:00+00:00,100265.72283911941
2025-07-27 07:27:00+00:00,100264.34104769968
2025-07-27 07:28:00+00:00,100262.1660056501
2025-07-27 07:29:00+00:00,100260.06772979052
2025-07-27 07:30:00+00:00,100255.1291049015
2025-07-27 07:31:00+00:00,100257.56003425102
2025-07-27 07:32:00+00:00,100265.10870959953
2025-07-27 07:33:00+00:00,100271.63383574823
2025-07-27 07:34:00+00:00,100274.96037064758
2025-07-27 07:35:00+00:00,100268.69113179881
2025-07-27 07:36:00+00:00,100268.69113179881
2025-07-27 07:37:00+00:00,100263.2151435799
2025-07-27 07:38:00+00:00,100262.06365073012
2025-07-27 07:39:00+00:00,100262.49865914004
2025-07-27 07:40:00+00:00,100263.49661960985
2025-07-27 07:41:00+00:00,100265.2366532495
2025-07-27 07:42:00+00:00,100270.3799879785
2025-07-27 07:43:00+00:00,100271.88972304818
2025-07-27 07:44:00+00:00,100270.84058511839
2025-07-27 07:45:00+00:00,100270.3799879785
2025-07-27 07:46:00+00:00,100263.29190976988
2025-07-27 07:47:00+00:00,100260.32361709047
2025-07-27 07:48:00+00:00,100260.29802836047
2025-07-27 07:49:00+00:00,100259.32565662067
2025-07-27 07:50:00+00:00,100258.6347609108
2025-07-27 07:51:00+00:00,100251.87933619214
2025-07-27 07:52:00+00:00,100250.70225461238
2025-07-27 07:53:00+00:00,100250.42077858243
2025-07-27 07:54:00+00:00,100244.79125798354
2025-07-27 07:55:00+00:00,100244.79125798354
2025-07-27 07:56:00+00:00,100247.29895352304
2025-07-27 07:57:00+00:00,100253.97761205172
2025-07-27 07:58:00+00:00,100253.92643459173
2025-07-27 07:59:00+00:00,100253.5426036418
2025-07-27 08:00:00+00:00,100262.1660056501
2025-07-27 08:01:00+00:00,100259.1465355107
2025-07-27 08:02:00+00:00,100256.45971886124
2025-07-27 08:03:00+00:00,100256.66442870119
2025-07-27 08:04:00+00:00,100251.98169111212
2025-07-27 08:05:00+00:00,100247.11983241308
2025-07-27 08:06:00+00:00,100244.79125798354
2025-07-27 08:07:00+00:00,100241.08089213427
2025-07-27 08:08:00+00:00,100244.17712846366
2025-07-27 08:09:00+00:00,100252.95406285193
2025-07-27 08:10:00+00:00,100260.24685090048
2025-07-27 08:11:00+00:00,100261.14245645031
2025-07-27 08:12:00+00:00,100260.11890725051
2025-07-27 08:13:00+00:00,100260.63068185041
2025-07-27 08:14:00+00:00,100251.5722714322
2025-07-27 08:15:00+00:00,100245.91716210332
2025-07-27 08:16:00+00:00,100243.00004688388
2025-07-27 08:17:00+00:00,100238.08701072486
2025-07-27 08:18:00+00:00,100238.13818818485
2025-07-27 08:19:00+00:00,100239.11055992465
2025-07-27 08:20:00+00:00,100238.54760786478
2025-07-27 08:21:00+00:00,100241.64384419416
2025-07-27 08:22:00+00:00,100240.18528658446
2025-07-27 08:23:00+00:00,100231.48511838616
2025-07-27 08:24:00+00:00,100229.18213268662
2025-07-27 08:25:00+00:00,100222.55465161793
2025-07-27 08:26:00+00:00,100226.87914698708
2025-07-27 08:27:00+00:00,100230.66627902632
2025-07-27 08:28:00+00:00,100230.33362553638
2025-07-27 08:29:00+00:00,100227.57004269694
2025-07-27 08:30:00+00:00,100227.87710745688
2025-07-27 08:31:00+00:00,100227.87710745688
2025-07-27 08:32:00+00:00,100227.90269618688
2025-07-27 08:33:00+00:00,100227.92828491687
2025-07-27 08:34:00+00:00,100220.76344051829
2025-07-27 08:35:00+00:00,100218.17897878878
2025-07-27 08:36:00+00:00,100216.6436549891
2025-07-27 08:37:00+00:00,100216.13188038919
2025-07-27 08:38:00+00:00,100218.86987449866
2025-07-27 08:39:00+00:00,100217.71838164888
2025-07-27 08:40:00+00:00,100233.53221678577
2025-07-27 08:41:00+00:00,100233.02044218587
2025-07-27 08:42:00+00:00,100233.73692662572
2025-07-27 08:43:00+00:00,100238.8802613547
2025-07-27 08:44:00+00:00,100240.15969785445
2025-07-27 08:45:00+00:00,100244.76566925354
2025-07-27 08:46:00+00:00,100245.27744385344
2025-07-27 08:47:00+00:00,100239.28968103463
2025-07-27 08:48:00+00:00,100230.46156918636
2025-07-27 08:49:00+00:00,100219.71430258849
2025-07-27 08:50:00+00:00,100218.71634211869
2025-07-27 08:51:00+00:00,100218.69075338868
2025-07-27 08:52:00+00:00,100216.13188038919
2025-07-27 08:53:00+00:00,100218.69075338868
2025-07-27 08:54:00+00:00,100217.181018319
2025-07-27 08:55:00+00:00,100217.20660704898
2025-07-27 08:56:00+00:00,100215.67128324928
2025-07-27 08:57:00+00:00,100213.5985961197
2025-07-27 08:58:00+00:00,100212.6006356499
2025-07-27 08:59:00+00:00,100212.03768359001
2025-07-27 09:00:00+00:00,100206.66405029106
2025-07-27 09:01:00+00:00,100197.75917225282
2025-07-27 09:02:00+00:00,100209.24851202055
2025-07-27 09:03:00+00:00,100213.47065246972
2025-07-27 09:04:00+00:00,100219.6631251285
2025-07-27 09:05:00+00:00,100220.76344051829
2025-07-27 09:06:00+00:00,100225.01116969745
2025-07-27 09:07:00+00:00,100226.31619492719
2025-07-27 09:08:00+00:00,100227.39092158698
2025-07-27 09:09:00+00:00,100227.36533285698
2025-07-27 09:10:00+00:00,100226.36737238718
2025-07-27 09:11:00+00:00,100225.85559778727
2025-07-27 09:12:00+00:00,100219.76548004847
2025-07-27 09:13:00+00:00,100212.03768359001
2025-07-27 09:14:00+00:00,100212.26798215996
2025-07-27 09:15:00+00:00,100212.06327232
2025-07-27 09:16:00+00:00,100212.06327232
2025-07-27 09:17:00+00:00,100206.58728410109
2025-07-27 09:18:00+00:00,100205.94756585121
2025-07-27 09:19:00+00:00,100206.35698553112
2025-07-27 09:20:00+00:00,100202.03249016198
2025-07-27 09:21:00+00:00,100199.29449605252
2025-07-27 09:22:00+00:00,100199.24331859253
2025-07-27 09:23:00+00:00,100203.79811253163
2025-07-27 09:24:00+00:00,100203.36310412172
2025-07-27 09:25:00+00:00,100202.31396619193
2025-07-27 09:26:00+00:00,100200.98335223219
2025-07-27 09:27:00+00:00,100200.98335223219
2025-07-27 09:28:00+00:00,100199.14096367254
2025-07-27 09:29:00+00:00,100197.81034971282
2025-07-27 09:30:00+00:00,100194.73970211342
2025-07-27 09:31:00+00:00,100194.43263735349
2025-07-27 09:32:00+00:00,100192.12965165393
2025-07-27 09:33:00+00:00,100188.13780977472
2025-07-27 09:34:00+00:00,100188.70076183461
2025-07-27 09:35:00+00:00,100197.14504273294
2025-07-27 09:36:00+00:00,100204.30988713153
2025-07-27 09:37:00+00:00,100204.33547586153
2025-07-27 09:38:00+00:00,100210.86060201023
2025-07-27 09:39:00+00:00,100208.42967266071
2025-07-27 09:40:00+00:00,100212.29357088995
2025-07-27 09:41:00+00:00,100212.26798215996
2025-07-27 09:42:00+00:00,100212.26798215996
2025-07-27 09:43:00+00:00,100197.22180892293
2025-07-27 09:44:00+00:00,100197.19622019294
2025-07-27 09:45:00+00:00,100197.22180892293
2025-07-27 09:46:00+00:00,100192.07847419394
2025-07-27 09:47:00+00:00,100189.00782659455
2025-07-27 09:48:00+00:00,100188.47046326466
2025-07-27 09:49:00+00:00,100194.09998386355
2025-07-27 09:50:00+00:00,100193.30673323371
2025-07-27 09:51:00+00:00,100198.70595526263
2025-07-27 09:52:00+00:00,100200.26686779232
2025-07-27 09:53:00+00:00,100193.61379799365
2025-07-27 09:54:00+00:00,100193.94645148359
2025-07-27 09:55:00+00:00,100194.68852465344
2025-07-27 09:56:00+00:00,100200.75305366224
2025-07-27 09:57:00+00:00,100204.56577443148
2025-07-27 09:58:00+00:00,100208.5320275807
2025-07-27 09:59:00+00:00,100213.49624119971
2025-07-27 10:00:00+00:00,100224.80645985749
2025-07-27 10:01:00+00:00,100241.00412594428
2025-07-27 10:02:00+00:00,100239.95498801449
2025-07-27 10:03:00+00:00,100243.25593418384
2025-07-27 10:04:00+00:00,100243.76770878374
2025-07-27 10:05:00+00:00,100246.37775924322
2025-07-27 10:06:00+00:00,100249.93459271253
2025-07-27 10:07:00+00:00,100249.90900398252
2025-07-27 10:08:00+00:00,100250.39518985242
2025-07-27 10:09:00+00:00,100251.5466827022
2025-07-27 10:10:00+00:00,100250.19048001248
2025-07-27 10:11:00+00:00,100250.21606874246
2025-07-27 10:12:00+00:00,100249.42281811262
2025-07-27 10:13:00+00:00,100250.39518985242
2025-07-27 10:14:00+00:00,100250.39518985242
2025-07-27 10:15:00+00:00,100270.68705273842
2025-07-27 10:16:00+00:00,100260.1700847105
2025-07-27 10:17:00+00:00,100263.7269181798
2025-07-27 10:18:00+00:00,100262.24277184009
2025-07-27 10:19:00+00:00,100269.94497956857
2025-07-27 10:20:00+00:00,100268.48642195886
2025-07-27 10:21:00+00:00,100262.70336898
2025-07-27 10:22:00+00:00,100263.13837738991
2025-07-27 10:23:00+00:00,100275.98391984738
2025-07-27 10:24:00+00:00,100267.00227561916
2025-07-27 10:25:00+00:00,100256.56207378121
2025-07-27 10:26:00+00:00,100266.92550942916
2025-07-27 10:27:00+00:00,100266.92550942916
2025-07-27 10:28:00+00:00,100262.70336898
2025-07-27 10:29:00+00:00,100261.1680451803
2025-07-27 10:30:00+00:00,100257.07384838111
2025-07-27 10:31:00+00:00,100264.7248786496
2025-07-27 10:32:00+00:00,100267.23257418911
2025-07-27 10:33:00+00:00,100261.91011835015
2025-07-27 10:34:00+00:00,100266.23461371931
2025-07-27 10:35:00+00:00,100266.7719770492
2025-07-27 10:36:00+00:00,100266.79756577918
2025-07-27 10:37:00+00:00,100269.7914471886
2025-07-27 10:38:00+00:00,100272.91327224798
2025-07-27 10:39:00+00:00,100273.47622430787
2025-07-27 10:40:00+00:00,100279.4128096667
2025-07-27 10:41:00+00:00,100287.26854977515
2025-07-27 10:42:00+00:00,100292.89807037404
2025-07-27 10:43:00+00:00,100275.52332270748
2025-07-27 10:44:00+00:00,100277.67277602704
2025-07-27 10:45:00+00:00,100270.73823019842
2025-07-27 10:46:00+00:00,100270.8661738484
2025-07-27 10:47:00+00:00,100271.3779484483
2025-07-27 10:48:00+00:00,100281.63902917627
2025-07-27 10:49:00+00:00,100292.61659434409
2025-07-27 10:50:00+00:00,100300.75381048248
2025-07-27 10:51:00+00:00,100295.45694337353
2025-07-27 10:52:00+00:00,100300.47233445254
2025-07-27 10:53:00+00:00,100300.77939921248
2025-07-27 10:54:00+00:00,100293.92161957384
2025-07-27 10:55:00+00:00,100293.87044211384
2025-07-27 10:56:00+00:00,100289.85301150465
2025-07-27 10:57:00+00:00,100272.60620748805
2025-07-27 10:58:00+00:00,100274.3206523977
2025-07-27 10:59:00+00:00,100274.44859604767
2025-07-27 11:00:00+00:00,100281.22960949634
2025-07-27 11:01:00+00:00,100287.93385675501
2025-07-27 11:02:00+00:00,100292.87248164404
2025-07-27 11:03:00+00:00,100283.22553043594
2025-07-27 11:04:00+00:00,100285.19586264556
2025-07-27 11:05:00+00:00,100290.31360864454
2025-07-27 11:06:00+00:00,100285.9635245454
2025-07-27 11:07:00+00:00,100279.05456744677
2025-07-27 11:08:00+00:00,100284.17231344576
2025-07-27 11:09:00+00:00,100284.17231344576
2025-07-27 11:10:00+00:00,100289.82742277464
2025-07-27 11:11:00+00:00,100288.29209897495
2025-07-27 11:12:00+00:00,100284.17231344576
2025-07-27 11:13:00+00:00,100289.80183404464
2025-07-27 11:14:00+00:00,100290.16007626458
2025-07-27 11:15:00+00:00,100289.0853496048
2025-07-27 11:16:00+00:00,100289.31564817474
2025-07-27 11:17:00+00:00,100285.24704010555
2025-07-27 11:18:00+00:00,100279.08015617676
2025-07-27 11:19:00+00:00,100269.89380210858
2025-07-27 11:20:00+00:00,100268.84466417879
2025-07-27 11:21:00+00:00,100275.49773397748
2025-07-27 11:22:00+00:00,100272.42708637808
2025-07-27 11:23:00+00:00,100272.42708637808
2025-07-27 11:24:00+00:00,100273.39945811788
2025-07-27 11:25:00+00:00,100273.98799890777
2025-07-27 11:26:00+00:00,100280.4107701365
2025-07-27 11:27:00+00:00,100276.16304095734
2025-07-27 11:28:00+00:00,100273.96241017777
2025-07-27 11:29:00+00:00,100276.16304095734
2025-07-27 11:30:00+00:00,100276.16304095734
2025-07-27 11:31:00+00:00,100286.83354136524
2025-07-27 11:32:00+00:00,100282.15080377617
2025-07-27 11:33:00+00:00,100275.52332270748
2025-07-27 11:34:00+00:00,100273.60416795785
2025-07-27 11:35:00+00:00,100276.26539587733
2025-07-27 11:36:00+00:00,100269.86821337859
2025-07-27 11:37:00+00:00,100258.14857504089
2025-07-27 11:38:00+00:00,100253.77290221176
2025-07-27 11:39:00+00:00,100253.77290221176
2025-07-27 11:40:00+00:00,100258.30210742087
2025-07-27 11:41:00+00:00,100258.09739758092
2025-07-27 11:42:00+00:00,100258.1229863109
2025-07-27 11:43:00+00:00,100262.72895771
2025-07-27 11:44:00+00:00,100262.34512676008
2025-07-27 11:45:00+00:00,100257.50885679103
2025-07-27 11:46:00+00:00,100251.95610238213
2025-07-27 11:47:00+00:00,100239.64792325455
2025-07-27 11:48:00+00:00,100239.64792325455
2025-07-27 11:49:00+00:00,100237.24258263502
2025-07-27 11:50:00+00:00,100240.74823864433
2025-07-27 11:51:00+00:00,100237.75435723492
2025-07-27 11:52:00+00:00,100240.67147245436
2025-07-27 11:53:00+00:00,100252.0840460321
2025-07-27 11:54:00+00:00,100241.69502165414
2025-07-27 11:55:00+00:00,100237.62641358495
2025-07-27 11:56:00+00:00,100237.65200231495
2025-07-27 11:57:00+00:00,100238.62437405475
2025-07-27 11:58:00+00:00,100238.62437405475
2025-07-27 11:59:00+00:00,100245.27744385344
2025-07-27 12:00:00+00:00,100243.43505529381
2025-07-27 12:01:00+00:00,100251.0860855623
2025-07-27 12:02:00+00:00,100255.05233871151
2025-07-27 12:03:00+00:00,100255.38499220145
2025-07-27 12:04:00+00:00,100245.86598464333
2025-07-27 12:05:00+00:00,100246.81276765314
2025-07-27 12:06:00+00:00,100240.82500483432
2025-07-27 12:07:00+00:00,100236.11667851525
2025-07-27 12:08:00+00:00,100242.89769196391
2025-07-27 12:09:00+00:00,100247.554840823
2025-07-27 12:10:00+00:00,100245.25185512344
2025-07-27 12:11:00+00:00,100243.71653132375
2025-07-27 12:12:00+00:00,100243.71653132375
2025-07-27 12:13:00+00:00,100253.00524031192
2025-07-27 12:14:00+00:00,100246.58246908318
2025-07-27 12:15:00+00:00,100238.57319659476
2025-07-27 12:16:00+00:00,100247.35013098303
2025-07-27 12:17:00+00:00,100240.18528658446
2025-07-27 12:18:00+00:00,100242.23238498405
2025-07-27 12:19:00+00:00,100241.4391343542
2025-07-27 12:20:00+00:00,100237.57523612496
2025-07-27 12:21:00+00:00,100249.26928573265
2025-07-27 12:22:00+00:00,100245.78921845334
2025-07-27 12:23:00+00:00,100239.95498801449
2025-07-27 12:24:00+00:00,100240.08293166447
2025-07-27 12:25:00+00:00,100235.78402502532
2025-07-27 12:26:00+00:00,100235.78402502532
2025-07-27 12:27:00+00:00,100235.04195185546
2025-07-27 12:28:00+00:00,100213.36829754974
2025-07-27 12:29:00+00:00,100222.247586858
2025-07-27 12:30:00+00:00,100232.50866758596
2025-07-27 12:31:00+00:00,100231.45952965616
2025-07-27 12:32:00+00:00,100224.85763731747
2025-07-27 12:33:00+00:00,100217.33455069896
2025-07-27 12:34:00+00:00,100214.6221453195
2025-07-27 12:35:00+00:00,100197.68240606284
2025-07-27 12:36:00+00:00,100202.03249016198
2025-07-27 12:37:00+00:00,100201.34159445211
2025-07-27 12:38:00+00:00,100198.70595526263
2025-07-27 12:39:00+00:00,100196.63326813304
2025-07-27 12:40:00+00:00,100198.39889050269
2025-07-27 12:41:00+00:00,100196.14708226314
2025-07-27 12:42:00+00:00,100197.70799479283
2025-07-27 12:43:00+00:00,100202.97927317179
2025-07-27 12:44:00+00:00,100198.98743129258
2025-07-27 12:45:00+00:00,100211.47473153012
2025-07-27 12:46:00+00:00,100212.5494581899
2025-07-27 12:47:00+00:00,100221.24962638819
2025-07-27 12:48:00+00:00,100222.247586858
2025-07-27 12:49:00+00:00,100225.85559778727
2025-07-27 12:50:00+00:00,100221.24962638819
2025-07-27 12:51:00+00:00,100224.29468525758
2025-07-27 12:52:00+00:00,100223.27113605778
2025-07-27 12:53:00+00:00,100232.48307885596
2025-07-27 12:54:00+00:00,100237.77994596492
2025-07-27 12:55:00+00:00,100238.62437405475
2025-07-27 12:56:00+00:00,100248.34809145283
2025-07-27 12:57:00+00:00,100246.83835638313
2025-07-27 12:58:00+00:00,100251.11167429229
2025-07-27 12:59:00+00:00,100249.70429414258
2025-07-27 13:00:00+00:00,100250.72784334236
2025-07-27 13:01:00+00:00,100248.91104351272
2025-07-27 13:02:00+00:00,100258.6091721808
2025-07-27 13:03:00+00:00,100261.93570708015
2025-07-27 13:04:00+00:00,100262.34512676008
2025-07-27 13:05:00+00:00,100258.89064821076
2025-07-27 13:06:00+00:00,100251.46991651221
2025-07-27 13:07:00+00:00,100260.09331852052
2025-07-27 13:08:00+00:00,100257.56003425102
2025-07-27 13:09:00+00:00,100258.58358345082
2025-07-27 13:10:00+00:00,100266.66962212922
2025-07-27 13:11:00+00:00,100273.42504684789
2025-07-27 13:12:00+00:00,100275.16508048754
2025-07-27 13:13:00+00:00,100273.45063557787
2025-07-27 13:14:00+00:00,100273.96241017777
2025-07-27 13:15:00+00:00,100277.18659015714
2025-07-27 13:16:00+00:00,100278.03101824697
2025-07-27 13:17:00+00:00,100273.45063557787
2025-07-27 13:18:00+00:00,100277.03305777717
2025-07-27 13:19:00+00:00,100279.82222934661
2025-07-27 13:20:00+00:00,100274.01358763778
2025-07-27 13:21:00+00:00,100273.47622430787
2025-07-27 13:22:00+00:00,100274.24388620773
2025-07-27 13:23:00+00:00,100256.17824283129
2025-07-27 13:24:00+00:00,100264.7248786496
2025-07-27 13:25:00+00:00,100267.46287275906
2025-07-27 13:26:00+00:00,100275.98391984738
2025-07-27 13:27:00+00:00,100273.91123271779
2025-07-27 13:28:00+00:00,100271.94090050817
2025-07-27 13:29:00+00:00,100273.45063557787
2025-07-27 13:30:00+00:00,100275.67685508744
2025-07-27 13:31:00+00:00,100271.48030336827
2025-07-27 13:32:00+00:00,100259.65831011061
2025-07-27 13:33:00+00:00,100250.42077858243
2025-07-27 13:34:00+00:00,100254.00320078172
2025-07-27 13:35:00+00:00,100263.16396611992
2025-07-27 13:36:00+00:00,100262.65219152001
2025-07-27 13:37:00+00:00,100266.2602024493
2025-07-27 13:38:00+00:00,100263.26632103989
2025-07-27 13:39:00+00:00,100266.79756577918
2025-07-27 13:40:00+00:00,100262.65219152001
2025-07-27 13:41:00+00:00,100268.69113179881
2025-07-27 13:42:00+00:00,100265.2622419795
2025-07-27 13:43:00+00:00,100260.65627058041
2025-07-27 13:44:00+00:00,100260.14449598051
2025-07-27 13:45:00+00:00,100259.42801154064
2025-07-27 13:46:00+00:00,100259.6071326506
2025-07-27 13:47:00+00:00,100268.74230925881
2025-07-27 13:48:00+00:00,100264.62252372962
2025-07-27 13:49:00+00:00,100266.89992069917
2025-07-27 13:50:00+00:00,100272.3247314581
2025-07-27 13:51:00+00:00,100273.22033700792
2025-07-27 13:52:00+00:00,100267.07904180913
2025-07-27 13:53:00+00:00,100263.62456325981
2025-07-27 13:54:00+00:00,100262.70336898
2025-07-27 13:55:00+00:00,100264.03398293974
2025-07-27 13:56:00+00:00,100276.52128317728
2025-07-27 13:57:00+00:00,100276.52128317728
2025-07-27 13:58:00+00:00,100278.00542951698
2025-07-27 13:59:00+00:00,100279.51516458669
2025-07-27 14:00:00+00:00,100278.05660697697
2025-07-27 14:01:00+00:00,100274.98595937758
2025-07-27 14:02:00+00:00,100281.10166584636
2025-07-27 14:03:00+00:00,100275.47214524748
2025-07-27 14:04:00+00:00,100272.19678780812
2025-07-27 14:05:00+00:00,100269.81703591859
2025-07-27 14:06:00+00:00,100266.2602024493
2025-07-27 14:07:00+00:00,100267.79552624898
2025-07-27 14:08:00+00:00,100292.38629577414
2025-07-27 14:09:00+00:00,100297.91346145305
2025-07-27 14:10:00+00:00,100301.57264984233
2025-07-27 14:11:00+00:00,100304.69447490171
2025-07-27 14:12:00+00:00,100312.8061023101
2025-07-27 14:13:00+00:00,100305.69243537151
2025-07-27 14:14:00+00:00,100306.40891981137
2025-07-27 14:15:00+00:00,100310.98930248046
2025-07-27 14:16:00+00:00,100315.44174149958
2025-07-27 14:17:00+00:00,100318.61474401897
2025-07-27 14:18:00+00:00,100324.37220826783
2025-07-27 14:19:00+00:00,100333.50738487602
2025-07-27 14:20:00+00:00,100315.44174149958
2025-07-27 14:21:00+00:00,100333.02119900612
2025-07-27 14:22:00+00:00,100331.79293996636
2025-07-27 14:23:00+00:00,100335.40095089565
2025-07-27 14:24:00+00:00,100333.84003836595
2025-07-27 14:25:00+00:00,100335.34977343565
2025-07-27 14:26:00+00:00,100335.27300724568
2025-07-27 14:27:00+00:00,100333.22590884607
2025-07-27 14:28:00+00:00,100332.81648916616
2025-07-27 14:29:00+00:00,100333.20032011608
2025-07-27 14:30:00+00:00,100338.93219563494
2025-07-27 14:31:00+00:00,100340.85135038456
2025-07-27 14:32:00+00:00,100343.02639243414
2025-07-27 14:33:00+00:00,100339.95574483475
2025-07-27 14:34:00+00:00,100339.31602658487
2025-07-27 14:35:00+00:00,100332.68854551618
2025-07-27 14:36:00+00:00,100319.51034956878
2025-07-27 14:37:00+00:00,100310.09369693065
2025-07-27 14:38:00+00:00,100303.90122427186
2025-07-27 14:39:00+00:00,100301.59823857232
2025-07-27 14:40:00+00:00,100308.20013091102
2025-07-27 14:41:00+00:00,100320.4571325786
2025-07-27 14:42:00+00:00,100323.451013988
2025-07-27 14:43:00+00:00,100322.35069859822
2025-07-27 14:44:00+00:00,100303.10797364202
2025-07-27 14:45:00+00:00,100282.40669107612
2025-07-27 14:46:00+00:00,100279.69428569665
2025-07-27 14:47:00+00:00,100287.80591310505
2025-07-27 14:48:00+00:00,100290.31360864454
2025-07-27 14:49:00+00:00,100303.79886935189
2025-07-27 14:50:00+00:00,100304.15711157181
2025-07-27 14:51:00+00:00,100304.64329744171
2025-07-27 14:52:00+00:00,100328.13375157709
2025-07-27 14:53:00+00:00,100325.06310397768
2025-07-27 14:54:00+00:00,100338.1133562751
2025-07-27 14:55:00+00:00,100346.99264558335
2025-07-27 14:56:00+00:00,100342.51461783424
2025-07-27 14:57:00+00:00,100333.20032011608
2025-07-27 14:58:00+00:00,100334.32622423586
2025-07-27 14:59:00+00:00,100334.22386931587
2025-07-27 15:00:00+00:00,100336.88509723535
2025-07-27 15:01:00+00:00,100337.42246056524
2025-07-27 15:02:00+00:00,100346.32733860349
2025-07-27 15:03:00+00:00,100348.68150176303
2025-07-27 15:04:00+00:00,100352.77569856221
2025-07-27 15:05:00+00:00,100319.02416369888
2025-07-27 15:06:00+00:00,100323.60454636798
2025-07-27 15:07:00+00:00,100305.92273394146
2025-07-27 15:08:00+00:00,100307.2277591712
2025-07-27 15:09:00+00:00,100307.2277591712
2025-07-27 15:10:00+00:00,100317.48883989919
2025-07-27 15:11:00+00:00,100293.15395767399
2025-07-27 15:12:00+00:00,100303.77328062188
2025-07-27 15:13:00+00:00,100307.2533479012
2025-07-27 15:14:00+00:00,100320.25242273863
2025-07-27 15:15:00+00:00,100309.7866321707
2025-07-27 15:16:00+00:00,100323.09277176808
2025-07-27 15:17:00+00:00,100342.51461783424
2025-07-27 15:18:00+00:00,100352.75010983221
2025-07-27 15:19:00+00:00,100365.08387768979
2025-07-27 15:20:00+00:00,100348.50238065305
2025-07-27 15:21:00+00:00,100355.23221664173
2025-07-27 15:22:00+00:00,100353.15952951214
2025-07-27 15:23:00+00:00,100348.758267953
2025-07-27 15:24:00+00:00,100350.08888191274
2025-07-27 15:25:00+00:00,100352.92923094219
2025-07-27 15:26:00+00:00,100352.95481967219
2025-07-27 15:27:00+00:00,100362.4994159603
2025-07-27 15:28:00+00:00,100353.08276332215
2025-07-27 15:29:00+00:00,100346.68558082342
2025-07-27 15:30:00+00:00,100344.02435290394
2025-07-27 15:31:00+00:00,100327.21255729726
2025-07-27 15:32:00+00:00,100329.66907537678
2025-07-27 15:33:00+00:00,100340.51869689464
2025-07-27 15:34:00+00:00,100329.25965569686
2025-07-27 15:35:00+00:00,100319.4847608388
2025-07-27 15:36:00+00:00,100311.88490803029
2025-07-27 15:37:00+00:00,100300.6514555625
2025-07-27 15:38:00+00:00,100293.30749005397
2025-07-27 15:39:00+00:00,100317.66796100915
2025-07-27 15:40:00+00:00,100323.93719985792
2025-07-27 15:41:00+00:00,100331.74176250637
2025-07-27 15:42:00+00:00,100337.49922675523
2025-07-27 15:43:00+00:00,100343.717288144
2025-07-27 15:44:00+00:00,100346.63440336342
2025-07-27 15:45:00+00:00,100349.19327636293
2025-07-27 15:46:00+00:00,100339.1880829349
2025-07-27 15:47:00+00:00,100330.25761616667
2025-07-27 15:48:00+00:00,100339.49514769483
2025-07-27 15:49:00+00:00,100343.58934449403
2025-07-27 15:50:00+00:00,100343.05198116414
2025-07-27 15:51:00+00:00,100342.05402069434
2025-07-27 15:52:00+00:00,100346.53204844345
2025-07-27 15:53:00+00:00,100351.67538317243
2025-07-27 15:54:00+00:00,100370.27838987876
2025-07-27 15:55:00+00:00,100358.86581630101
2025-07-27 15:56:00+00:00,100371.68577002847
2025-07-27 15:57:00+00:00,100375.26819222777
2025-07-27 15:58:00+00:00,100378.33883982716
2025-07-27 15:59:00+00:00,100378.36442855716
2025-07-27 16:00:00+00:00,100426.21535364771
2025-07-27 16:01:00+00:00,100432.3566488465
2025-07-27 16:02:00+00:00,100428.46716188727
2025-07-27 16:03:00+00:00,100448.96373461322
2025-07-27 16:04:00+00:00,100478.67225013736
2025-07-27 16:05:00+00:00,100470.20238050903
2025-07-27 16:06:00+00:00,100457.40801551155
2025-07-27 16:07:00+00:00,100435.60641755586
2025-07-27 16:08:00+00:00,100416.67075735959
2025-07-27 16:09:00+00:00,100414.95631244994
2025-07-27 16:10:00+00:00,100433.63608534625
2025-07-27 16:11:00+00:00,100462.29546294059
2025-07-27 16:12:00+00:00,100493.53930226443
2025-07-27 16:13:00+00:00,100524.24577825837
2025-07-27 16:14:00+00:00,100522.35221223874
2025-07-27 16:15:00+00:00,100526.13934427798
2025-07-27 16:16:00+00:00,100556.385223132
2025-07-27 16:17:00+00:00,100531.89680852684
2025-07-27 16:18:00+00:00,100541.64611465493
2025-07-27 16:19:00+00:00,100567.00454607992
2025-07-27 16:20:00+00:00,100553.59605156256
2025-07-27 16:21:00+00:00,100571.61051747901
2025-07-27 16:22:00+00:00,100568.6422247996
2025-07-27 16:23:00+00:00,100573.50408349863
2025-07-27 16:24:00+00:00,100559.50704819139
2025-07-27 16:25:00+00:00,100555.4384401222
2025-07-27 16:26:00+00:00,100549.78333079332
2025-07-27 16:27:00+00:00,100534.78833501627
2025-07-27 16:28:00+00:00,100543.64203559453
2025-07-27 16:29:00+00:00,100577.41915918786
2025-07-27 16:30:00+00:00,100585.63314151624
2025-07-27 16:31:00+00:00,100588.52466800567
2025-07-27 16:32:00+00:00,100582.63926010684
2025-07-27 16:33:00+00:00,100589.62498339545
2025-07-27 16:34:00+00:00,100603.46848632272
2025-07-27 16:35:00+00:00,100596.32923065413
2025-07-27 16:36:00+00:00,100612.143065791
2025-07-27 16:37:00+00:00,100615.26489085039
2025-07-27 16:38:00+00:00,100619.89645097948
2025-07-27 16:39:00+00:00,100618.56583701973
2025-07-27 16:40:00+00:00,100618.54024828973
2025-07-27 16:41:00+00:00,100609.68654771149
2025-07-27 16:42:00+00:00,100611.24746024118
2025-07-27 16:43:00+00:00,100571.86640477895
2025-07-27 16:44:00+00:00,100568.94928955953
2025-07-27 16:45:00+00:00,100583.20221216671
2025-07-27 16:46:00+00:00,100580.61775043723
2025-07-27 16:47:00+00:00,100581.15511376712
2025-07-27 16:48:00+00:00,100589.11320879555
2025-07-27 16:49:00+00:00,100589.16438625554
2025-07-27 16:50:00+00:00,100586.68227944603
2025-07-27 16:51:00+00:00,100567.61867559979
2025-07-27 16:52:00+00:00,100535.30010961618
2025-07-27 16:53:00+00:00,100535.81188421608
2025-07-27 16:54:00+00:00,100519.02567733939
2025-07-27 16:55:00+00:00,100507.68986995163
2025-07-27 16:56:00+00:00,100487.5771281756
2025-07-27 16:57:00+00:00,100482.56173709659
2025-07-27 16:58:00+00:00,100492.49016433462
2025-07-27 16:59:00+00:00,100507.20368408173
2025-07-27 17:00:00+00:00,100484.81354533615
2025-07-27 17:01:00+00:00,100480.489049967
2025-07-27 17:02:00+00:00,100485.83709453593
2025-07-27 17:03:00+00:00,100485.01825517611
2025-07-27 17:04:00+00:00,100503.03272109255
2025-07-27 17:05:00+00:00,100531.69209868688
2025-07-27 17:06:00+00:00,100527.29083712776
2025-07-27 17:07:00+00:00,100516.56915925987
2025-07-27 17:08:00+00:00,100524.55284301829
2025-07-27 17:09:00+00:00,100506.8198531318
2025-07-27 17:10:00+00:00,100506.3080785319
2025-07-27 17:11:00+00:00,100500.16678333312
2025-07-27 17:12:00+00:00,100503.23743093251
2025-07-27 17:13:00+00:00,100500.67855793302
2025-07-27 17:14:00+00:00,100492.72046290457
2025-07-27 17:15:00+00:00,100487.73066055556
2025-07-27 17:16:00+00:00,100483.4829313764
2025-07-27 17:17:00+00:00,100466.38965973978
2025-07-27 17:18:00+00:00,100465.39169926998
2025-07-27 17:19:00+00:00,100459.27599280118
2025-07-27 17:20:00+00:00,100473.4009717584
2025-07-27 17:21:00+00:00,100465.41728799997
2025-07-27 17:22:00+00:00,100464.34256134019
2025-07-27 17:23:00+00:00,100450.55023587291
2025-07-27 17:24:00+00:00,100448.98932334321
2025-07-27 17:25:00+00:00,100456.23093393179
2025-07-27 17:26:00+00:00,100470.89327621889
2025-07-27 17:27:00+00:00,100510.42786406109
2025-07-27 17:28:00+00:00,100518.87214495942
2025-07-27 17:29:00+00:00,100532.05034090682
2025-07-27 17:30:00+00:00,100563.62683372058
2025-07-27 17:31:00+00:00,100563.0382929307
2025-07-27 17:32:00+00:00,100549.3227336534
2025-07-27 17:33:00+00:00,100551.34424332301
2025-07-27 17:34:00+00:00,100515.67355371005
2025-07-27 17:35:00+00:00,100480.71934853695
2025-07-27 17:36:00+00:00,100504.23539140231
2025-07-27 17:37:00+00:00,100492.00397846472
2025-07-27 17:38:00+00:00,100480.74493726695
2025-07-27 17:39:00+00:00,100480.69375980695
2025-07-27 17:40:00+00:00,100483.81558486634
2025-07-27 17:41:00+00:00,100485.81150580595
2025-07-27 17:42:00+00:00,100502.54653522265
2025-07-27 17:43:00+00:00,100520.61217859907
2025-07-27 17:44:00+00:00,100507.3316277317
2025-07-27 17:45:00+00:00,100526.5999414179
2025-07-27 17:46:00+00:00,100521.63572779887
2025-07-27 17:47:00+00:00,100526.80465125786
2025-07-27 17:48:00+00:00,100522.76163191865
2025-07-27 17:49:00+00:00,100527.77702299766
2025-07-27 17:50:00+00:00,100537.04014325583
2025-07-27 17:51:00+00:00,100509.40431486128
2025-07-27 17:52:00+00:00,100512.8843821406
2025-07-27 17:53:00+00:00,100512.47496246069
2025-07-27 17:54:00+00:00,100528.80057219746
2025-07-27 17:55:00+00:00,100534.6859800963
2025-07-27 17:56:00+00:00,100539.57342752533
2025-07-27 17:57:00+00:00,100531.71768741688
2025-07-27 17:58:00+00:00,100528.82616092745
2025-07-27 17:59:00+00:00,100531.69209868688
2025-07-27 18:00:00+00:00,100548.24800699361
2025-07-27 18:01:00+00:00,100550.80687999312
2025-07-27 18:02:00+00:00,100545.58677907415
2025-07-27 18:03:00+00:00,100560.04441152129
2025-07-27 18:04:00+00:00,100566.00658561011
2025-07-27 18:05:00+00:00,100568.66781352958
2025-07-27 18:06:00+00:00,100579.00566044755
2025-07-27 18:07:00+00:00,100571.61051747901
2025-07-27 18:08:00+00:00,100569.79371764936
2025-07-27 18:09:00+00:00,100559.53263692139
2025-07-27 18:10:00+00:00,100564.5992054604
2025-07-27 18:11:00+00:00,100560.09558898128
2025-07-27 18:12:00+00:00,100563.62683372058
2025-07-27 18:13:00+00:00,100562.39857468082
2025-07-27 18:14:00+00:00,100556.487578052
2025-07-27 18:15:00+00:00,100538.54987832553
2025-07-27 18:16:00+00:00,100517.02975639977
2025-07-27 18:17:00+00:00,100548.24800699361
2025-07-27 18:18:00+00:00,100545.61236780413
2025-07-27 18:19:00+00:00,100533.96949565643
2025-07-27 18:20:00+00:00,100515.77590863004
2025-07-27 18:21:00+00:00,100521.14954192897
2025-07-27 18:22:00+00:00,100540.11079085522
2025-07-27 18:23:00+00:00,100530.87325932705
2025-07-27 18:24:00+00:00,100525.78110205806
2025-07-27 18:25:00+00:00,100543.05349480464
2025-07-27 18:26:00+00:00,100548.78537032352
2025-07-27 18:27:00+00:00,100548.65742667354
2025-07-27 18:28:00+00:00,100549.29714492342
2025-07-27 18:29:00+00:00,100543.48850321455
2025-07-27 18:30:00+00:00,100537.91016007565
2025-07-27 18:31:00+00:00,100529.84971012725
2025-07-27 18:32:00+00:00,100512.96114833059
2025-07-27 18:33:00+00:00,100508.8413628014
2025-07-27 18:34:00+00:00,100518.9233224194
2025-07-27 18:35:00+00:00,100516.4668043399
2025-07-27 18:36:00+00:00,100499.16882286331
2025-07-27 18:37:00+00:00,100485.70915088596
2025-07-27 18:38:00+00:00,100488.11449150549
2025-07-27 18:39:00+00:00,100486.93740992573
2025-07-27 18:40:00+00:00,100489.6498153052
2025-07-27 18:41:00+00:00,100497.09613573372
2025-07-27 18:42:00+00:00,100493.51371353443
2025-07-27 18:43:00+00:00,100495.07462606412
2025-07-27 18:44:00+00:00,100499.62942000321
2025-07-27 18:45:00+00:00,100498.1964511235
2025-07-27 18:46:00+00:00,100492.02956719472
2025-07-27 18:47:00+00:00,100494.74197257418
2025-07-27 18:48:00+00:00,100502.46976903266
2025-07-27 18:49:00+00:00,100497.96615255355
2025-07-27 18:50:00+00:00,100488.34479007544
2025-07-27 18:51:00+00:00,100487.88419293554
2025-07-27 18:52:00+00:00,100486.88623246574
2025-07-27 18:53:00+00:00,100481.9731963067
2025-07-27 18:54:00+00:00,100468.43675813937
2025-07-27 18:55:00+00:00,100485.73473961596
2025-07-27 18:56:00+00:00,100492.56693052461
2025-07-27 18:57:00+00:00,100496.55877240382
2025-07-27 18:58:00+00:00,100491.97838973472
2025-07-27 18:59:00+00:00,100488.90774213534
2025-07-27 19:00:00+00:00,100481.12876821688
2025-07-27 19:01:00+00:00,100480.9496471069
2025-07-27 19:02:00+00:00,100469.99767066908
2025-07-27 19:03:00+00:00,100469.53707352917
2025-07-27 19:04:00+00:00,100458.45715344136
2025-07-27 19:05:00+00:00,100466.00582878986
2025-07-27 19:06:00+00:00,100464.90551340007
2025-07-27 19:07:00+00:00,100455.156207272
2025-07-27 19:08:00+00:00,100469.48589606918
2025-07-27 19:09:00+00:00,100479.67021060716
2025-07-27 19:10:00+00:00,100481.58936535678
2025-07-27 19:11:00+00:00,100473.55450413836
2025-07-27 19:12:00+00:00,100465.98024005986
2025-07-27 19:13:00+00:00,100463.34460087039
2025-07-27 19:14:00+00:00,100473.55450413836
2025-07-27 19:15:00+00:00,100468.51352432936
2025-07-27 19:16:00+00:00,100455.130618542
2025-07-27 19:17:00+00:00,100459.2504040712
2025-07-27 19:18:00+00:00,100458.84098439128
2025-07-27 19:19:00+00:00,100458.58509709133
2025-07-27 19:20:00+00:00,100458.2012661414
2025-07-27 19:21:00+00:00,100453.92794823225
2025-07-27 19:22:00+00:00,100454.77237632207
2025-07-27 19:23:00+00:00,100464.34256134019
2025-07-27 19:24:00+00:00,100480.71934853695
2025-07-27 19:25:00+00:00,100470.99563113888
2025-07-27 19:26:00+00:00,100462.32105167059
2025-07-27 19:27:00+00:00,100468.94853273928
2025-07-27 19:28:00+00:00,100462.29546294059
2025-07-27 19:29:00+00:00,100467.89939480949
2025-07-27 19:30:00+00:00,100478.64666140736
2025-07-27 19:31:00+00:00,100480.71934853695
2025-07-27 19:32:00+00:00,100482.20349487665
2025-07-27 19:33:00+00:00,100498.50351588344
2025-07-27 19:34:00+00:00,100498.60587080341
2025-07-27 19:35:00+00:00,100495.27933590408
2025-07-27 19:36:00+00:00,100499.7317749232
2025-07-27 19:37:00+00:00,100499.62942000321
2025-07-27 19:38:00+00:00,100493.48812480443
2025-07-27 19:39:00+00:00,100494.07666559432
2025-07-27 19:40:00+00:00,100488.01213658552
2025-07-27 19:41:00+00:00,100481.33347805683
2025-07-27 19:42:00+00:00,100467.41320893957
2025-07-27 19:43:00+00:00,100477.13692633765
2025-07-27 19:44:00+00:00,100477.08574887767
2025-07-27 19:45:00+00:00,100485.81150580595
2025-07-27 19:46:00+00:00,100478.67225013736
2025-07-27 19:47:00+00:00,100477.62311220757
2025-07-27 19:48:00+00:00,100487.85860420554
2025-07-27 19:49:00+00:00,100480.20757393705
2025-07-27 19:50:00+00:00,100471.50740573877
2025-07-27 19:51:00+00:00,100462.32105167059
2025-07-27 19:52:00+00:00,100461.34867993079
2025-07-27 19:53:00+00:00,100459.1992266112
2025-07-27 19:54:00+00:00,100464.31697261019
2025-07-27 19:55:00+00:00,100464.80315848009
2025-07-27 19:56:00+00:00,100463.57489944034
2025-07-27 19:57:00+00:00,100472.76125350852
2025-07-27 19:58:00+00:00,100469.99767066908
2025-07-27 19:59:00+00:00,100470.45826780898
2025-07-27 20:00:00+00:00,100469.46030733918
2025-07-27 20:01:00+00:00,100488.16566896549
2025-07-27 20:02:00+00:00,100508.50870931147
2025-07-27 20:03:00+00:00,100492.6692854446
2025-07-27 20:04:00+00:00,100510.83728374101
2025-07-27 20:05:00+00:00,100519.00008860939
2025-07-27 20:06:00+00:00,100525.37168237814
2025-07-27 20:07:00+00:00,100523.45252762851
2025-07-27 20:08:00+00:00,100518.87214495942
2025-07-27 20:09:00+00:00,100500.19237206312
2025-07-27 20:10:00+00:00,100508.40635439148
2025-07-27 20:11:00+00:00,100513.31939055052
2025-07-27 20:12:00+00:00,100515.87826355001
2025-07-27 20:13:00+00:00,100512.96114833059
2025-07-27 20:14:00+00:00,100501.2159212629
2025-07-27 20:15:00+00:00,100527.93055537764
2025-07-27 20:16:00+00:00,100499.16882286331
2025-07-27 20:17:00+00:00,100503.10948728253
2025-07-27 20:18:00+00:00,100503.23743093251
2025-07-27 20:19:00+00:00,100490.95484053493
2025-07-27 20:20:00+00:00,100482.25467233665
2025-07-27 20:21:00+00:00,100497.09613573372
2025-07-27 20:22:00+00:00,100490.98042926492
2025-07-27 20:23:00+00:00,100484.12264962628
2025-07-27 20:24:00+00:00,100484.30177073625
2025-07-27 20:25:00+00:00,100478.16047553746
2025-07-27 20:26:00+00:00,100468.43675813937
2025-07-27 20:27:00+00:00,100471.17475224883
2025-07-27 20:28:00+00:00,100476.06219967786
2025-07-27 20:29:00+00:00,100478.67225013736
2025-07-27 20:30:00+00:00,100462.26987421059
2025-07-27 20:31:00+00:00,100463.31901214039
2025-07-27 20:32:00+00:00,100460.248364541
2025-07-27 20:33:00+00:00,100454.61884394211
2025-07-27 20:34:00+00:00,100449.98728381301
2025-07-27 20:35:00+00:00,100453.97912569223
2025-07-27 20:36:00+00:00,100456.1541677418
2025-07-27 20:37:00+00:00,100452.54615681252
2025-07-27 20:38:00+00:00,100449.6034528631
2025-07-27 20:39:00+00:00,100460.27395327098
2025-07-27 20:40:00+00:00,100452.05997094262
2025-07-27 20:41:00+00:00,100463.80519801029
2025-07-27 20:42:00+00:00,100464.8287472101
2025-07-27 20:43:00+00:00,100456.6659423417
2025-07-27 20:44:00+00:00,100452.0855596726
2025-07-27 20:45:00+00:00,100463.31901214039
2025-07-27 20:46:00+00:00,100457.1777169416
2025-07-27 20:47:00+00:00,100460.222775811
2025-07-27 20:48:00+00:00,100454.10706934221
2025-07-27 20:49:00+00:00,100457.91979011145
2025-07-27 20:50:00+00:00,100453.62088347231
2025-07-27 20:51:00+00:00,100448.5799036633
2025-07-27 20:52:00+00:00,100442.84802814444
2025-07-27 20:53:00+00:00,100436.70673294565
2025-07-27 20:54:00+00:00,100421.83968081858
2025-07-27 20:55:00+00:00,100438.9585411852
2025-07-27 20:56:00+00:00,100434.09668248615
2025-07-27 20:57:00+00:00,100415.72397434979
2025-07-27 20:58:00+00:00,100415.69838561979
2025-07-27 20:59:00+00:00,100419.25521908909
2025-07-27 21:00:00+00:00,100425.47328047786
2025-07-27 21:01:00+00:00,100439.77738054504
2025-07-27 21:02:00+00:00,100446.9934024036
2025-07-27 21:03:00+00:00,100430.59102647685
2025-07-27 21:04:00+00:00,100428.51833934725
2025-07-27 21:05:00+00:00,100420.35553447888
2025-07-27 21:06:00+00:00,100426.36888602769
2025-07-27 21:07:00+00:00,100430.53984901686
2025-07-27 21:08:00+00:00,100431.3842771067
2025-07-27 21:09:00+00:00,100429.54188854706
2025-07-27 21:10:00+00:00,100425.47328047786
2025-07-27 21:11:00+00:00,100427.49479014747
2025-07-27 21:12:00+00:00,100427.46920141747
2025-07-27 21:13:00+00:00,100421.76291462859
2025-07-27 21:14:00+00:00,100417.25929814948
2025-07-27 21:15:00+00:00,100414.93072371994
2025-07-27 21:16:00+00:00,100419.715816229
2025-07-27 21:17:00+00:00,100421.40467240867
2025-07-27 21:18:00+00:00,100433.4057867763
2025-07-27 21:19:00+00:00,100440.26356641494
2025-07-27 21:20:00+00:00,100441.82447894463
2025-07-27 21:21:00+00:00,100439.77738054504
2025-07-27 21:22:00+00:00,100443.84598861422
2025-07-27 21:23:00+00:00,100445.89308701383
2025-07-27 21:24:00+00:00,100445.89308701383
2025-07-27 21:25:00+00:00,100445.91867574383
2025-07-27 21:26:00+00:00,100447.63312065348
2025-07-27 21:27:00+00:00,100451.01083301281
2025-07-27 21:28:00+00:00,100427.2900803075
2025-07-27 21:29:00+00:00,100491.90162354475
2025-07-27 21:30:00+00:00,100498.29880604349
2025-07-27 21:31:00+00:00,100473.55450413836
2025-07-27 21:32:00+00:00,100498.09409620352
2025-07-27 21:33:00+00:00,100492.49016433462
2025-07-27 21:34:00+00:00,100498.09409620352
2025-07-27 21:35:00+00:00,100498.11968493351
2025-07-27 21:36:00+00:00,100496.09817526392
2025-07-27 21:37:00+00:00,100489.95688006513
2025-07-27 21:38:00+00:00,100478.67225013736
2025-07-27 21:39:00+00:00,100482.38261598663
2025-07-27 21:40:00+00:00,100492.41339814465
2025-07-27 21:41:00+00:00,100494.05107686433
2025-07-27 21:42:00+00:00,100503.95391537237
2025-07-27 21:43:00+00:00,100502.85359998258
2025-07-27 21:44:00+00:00,100505.36129552209
2025-07-27 21:45:00+00:00,100518.07889432958
2025-07-27 21:46:00+00:00,100514.88030308021
2025-07-27 21:47:00+00:00,100515.52002133009
2025-07-27 21:48:00+00:00,100523.09428540859
2025-07-27 21:49:00+00:00,100539.59901625532
2025-07-27 21:50:00+00:00,100538.06369245563
2025-07-27 21:51:00+00:00,100546.20090859402
2025-07-27 21:52:00+00:00,100551.03717856307
2025-07-27 21:53:00+00:00,100545.20294812422
2025-07-27 21:54:00+00:00,100542.64407512473
2025-07-27 21:55:00+00:00,100532.92035772665
2025-07-27 21:56:00+00:00,100533.94390692645
2025-07-27 21:57:00+00:00,100538.1660473756
2025-07-27 21:58:00+00:00,100547.96653096368
2025-07-27 21:59:00+00:00,100551.31865459301
2025-07-27 22:00:00+00:00,100606.43677900214
2025-07-27 22:01:00+00:00,100592.3885662349
2025-07-27 22:02:00+00:00,100602.34258220294
2025-07-27 22:03:00+00:00,100608.63740978169
2025-07-27 22:04:00+00:00,100617.84935257987
2025-07-27 22:05:00+00:00,100634.22613977664
2025-07-27 22:06:00+00:00,100633.02346946688
2025-07-27 22:07:00+00:00,100651.1147015733
2025-07-27 22:08:00+00:00,100655.18330964251
2025-07-27 22:09:00+00:00,100663.98583276077
2025-07-27 22:10:00+00:00,100670.8692011294
2025-07-27 22:11:00+00:00,100629.21074869763
2025-07-27 22:12:00+00:00,100649.1699580937
2025-07-27 22:13:00+00:00,100657.28158550209
2025-07-27 22:14:00+00:00,100660.86400770138
2025-07-27 22:15:00+00:00,100660.86400770138
2025-07-27 22:16:00+00:00,100634.45643834659
2025-07-27 22:17:00+00:00,100650.6029269734
2025-07-27 22:18:00+00:00,100642.95189670492
2025-07-27 22:19:00+00:00,100650.6285157034
2025-07-27 22:20:00+00:00,100653.7247520328
2025-07-27 22:21:00+00:00,100641.39098417523
2025-07-27 22:22:00+00:00,100661.2734273813
2025-07-27 22:23:00+00:00,100662.91110610098
2025-07-27 22:24:00+00:00,100674.70751062865
2025-07-27 22:25:00+00:00,100666.95412544018
2025-07-27 22:26:00+00:00,100668.56621542986
2025-07-27 22:27:00+00:00,100666.57029449026
2025-07-27 22:28:00+00:00,100666.49352830027
2025-07-27 22:29:00+00:00,100656.87216582216
2025-07-27 22:30:00+00:00,100659.84045850158
2025-07-27 22:31:00+00:00,100661.70843579122
2025-07-27 22:32:00+00:00,100660.12193453153
2025-07-27 22:33:00+00:00,100661.45254849127
2025-07-27 22:34:00+00:00,100660.17311199152
2025-07-27 22:35:00+00:00,100659.84045850158
2025-07-27 22:36:00+00:00,100666.97971417017
2025-07-27 22:37:00+00:00,100665.8538100504
2025-07-27 22:38:00+00:00,100665.8538100504
2025-07-27 22:39:00+00:00,100663.44846943088
2025-07-27 22:40:00+00:00,100663.44846943088
2025-07-27 22:41:00+00:00,100663.44846943088
2025-07-27 22:42:00+00:00,100666.23764100032
2025-07-27 22:43:00+00:00,100669.56417589966
2025-07-27 22:44:00+00:00,100680.33703122754
2025-07-27 22:45:00+00:00,100667.46590004009
2025-07-27 22:46:00+00:00,100676.62666537827
2025-07-27 22:47:00+00:00,100665.98175370037
2025-07-27 22:48:00+00:00,100665.93057624038
2025-07-27 22:49:00+00:00,100665.93057624038
2025-07-27 22:50:00+00:00,100655.74626170238
2025-07-27 22:51:00+00:00,100627.8801347379
2025-07-27 22:52:00+00:00,100624.8094871385
2025-07-27 22:53:00+00:00,100616.95374703006
2025-07-27 22:54:00+00:00,100620.81764525929
2025-07-27 22:55:00+00:00,100624.88625332848
2025-07-27 22:56:00+00:00,100618.87290177967
2025-07-27 22:57:00+00:00,100618.87290177967
2025-07-27 22:58:00+00:00,100611.24746024118
2025-07-27 22:59:00+00:00,100612.11747706101
2025-07-27 23:00:00+00:00,100615.06018101043
2025-07-27 23:01:00+00:00,100596.35481938411
2025-07-27 23:02:00+00:00,100586.65669071603
2025-07-27 23:03:00+00:00,100614.59958387051
2025-07-27 23:04:00+00:00,100606.97414233202
2025-07-27 23:05:00+00:00,100621.96913810907
2025-07-27 23:06:00+00:00,100615.85343164028
2025-07-27 23:07:00+00:00,100622.81356619889
2025-07-27 23:08:00+00:00,100611.24746024118
2025-07-27 23:09:00+00:00,100593.82153511462
2025-07-27 23:10:00+00:00,100571.86640477895
2025-07-27 23:11:00+00:00,100542.64407512473
2025-07-27 23:12:00+00:00,100545.15177066423
2025-07-27 23:13:00+00:00,100539.06165292543
2025-07-27 23:14:00+00:00,100542.97672861465
2025-07-27 23:15:00+00:00,100562.01474373089
2025-07-27 23:16:00+00:00,100553.9031163225
2025-07-27 23:17:00+00:00,100587.16846531593
2025-07-27 23:18:00+00:00,100590.98118608518
2025-07-27 23:19:00+00:00,100589.18997498554
2025-07-27 23:20:00+00:00,100604.0314383826
2025-07-27 23:21:00+00:00,100585.14695564634
2025-07-27 23:22:00+00:00,100582.05071931695
2025-07-27 23:23:00+00:00,100587.65465118583
2025-07-27 23:24:00+00:00,100606.5903113821
2025-07-27 23:25:00+00:00,100612.24542071098
2025-07-27 23:26:00+00:00,100605.0805763124
2025-07-27 23:27:00+00:00,100599.96283031341
2025-07-27 23:28:00+00:00,100587.73141737582
2025-07-27 23:29:00+00:00,100595.33127018432
2025-07-27 23:30:00+00:00,100595.40803637431
2025-07-27 23:31:00+00:00,100574.39968904846
2025-07-27 23:32:00+00:00,100572.78759905878
2025-07-27 23:33:00+00:00,100572.83877651877
2025-07-27 23:34:00+00:00,100571.84081604896
2025-07-27 23:35:00+00:00,100571.35463017906
2025-07-27 23:36:00+00:00,100573.91350317856
2025-07-27 23:37:00+00:00,100581.46217852706
2025-07-27 23:38:00+00:00,100593.4632928947
2025-07-27 23:39:00+00:00,100596.91777144402
2025-07-27 23:40:00+00:00,100585.40284294629
2025-07-27 23:41:00+00:00,100585.17254437633
2025-07-27 23:42:00+00:00,100593.30976051472
2025-07-27 23:43:00+00:00,100583.09985724674
2025-07-27 23:44:00+00:00,100575.93501284815
2025-07-27 23:45:00+00:00,100570.33108097926
2025-07-27 23:46:00+00:00,100568.89811209954
2025-07-27 23:47:00+00:00,100567.49073194982
2025-07-27 23:48:00+00:00,100573.86232571857
2025-07-27 23:49:00+00:00,100575.88383538816
2025-07-27 23:50:00+00:00,100583.33015581669
2025-07-27 23:51:00+00:00,100588.49907927567
2025-07-27 23:52:00+00:00,100583.63722057664
2025-07-27 23:53:00+00:00,100582.84396994679
2025-07-27 23:54:00+00:00,100592.26062258493
2025-07-27 23:55:00+00:00,100590.80206497521
2025-07-27 23:56:00+00:00,100589.8808706954
2025-07-27 23:57:00+00:00,100593.71918019465
2025-07-27 23:58:00+00:00,100589.72733831542
2025-07-27 23:59:00+00:00,100593.13063940476
2025-07-28 00:00:00+00:00,100578.98007171755
2025-07-28 00:01:00+00:00,100583.56045438664
2025-07-28 00:02:00+00:00,100579.00566044755
2025-07-28 00:03:00+00:00,100582.20425169691
2025-07-28 00:04:00+00:00,100578.98007171755
2025-07-28 00:05:00+00:00,100576.80502966797
2025-07-28 00:06:00+00:00,100576.80502966797
2025-07-28 00:07:00+00:00,100578.44270838765
2025-07-28 00:08:00+00:00,100583.09985724674
2025-07-28 00:09:00+00:00,100578.64741822761
2025-07-28 00:10:00+00:00,100573.06907508872
2025-07-28 00:11:00+00:00,100576.01177903813
2025-07-28 00:12:00+00:00,100569.76812891937
2025-07-28 00:13:00+00:00,100590.23911291533
2025-07-28 00:14:00+00:00,100600.47460491331
2025-07-28 00:15:00+00:00,100622.17384794902
2025-07-28 00:16:00+00:00,100617.36316670997
2025-07-28 00:17:00+00:00,100622.12267048903
2025-07-28 00:18:00+00:00,100614.82988244048
2025-07-28 00:19:00+00:00,100640.13713640548
2025-07-28 00:20:00+00:00,100651.29382268328
2025-07-28 00:21:00+00:00,100627.70101362793
2025-07-28 00:22:00+00:00,100628.75015155773
2025-07-28 00:23:00+00:00,100632.17904137704
2025-07-28 00:24:00+00:00,100649.6817326936
2025-07-28 00:25:00+00:00,100650.01438618352
2025-07-28 00:26:00+00:00,100652.624436643
2025-07-28 00:27:00+00:00,100654.03181679273
2025-07-28 00:28:00+00:00,100648.55582857381
2025-07-28 00:29:00+00:00,100649.75849888357
2025-07-28 00:30:00+00:00,100632.51169486697
2025-07-28 00:31:00+00:00,100632.07668645706
2025-07-28 00:32:00+00:00,100612.73160658088
2025-07-28 00:33:00+00:00,100625.75627014831
2025-07-28 00:34:00+00:00,100631.56491185716
2025-07-28 00:35:00+00:00,100633.17700184685
2025-07-28 00:36:00+00:00,100615.82784291028
2025-07-28 00:37:00+00:00,100609.94243501144
2025-07-28 00:38:00+00:00,100589.24115244552
2025-07-28 00:39:00+00:00,100596.48276303409
2025-07-28 00:40:00+00:00,100582.53690518685
2025-07-28 00:41:00+00:00,100573.58084968862
2025-07-28 00:42:00+00:00,100571.84081604896
2025-07-28 00:43:00+00:00,100552.57250236276
2025-07-28 00:44:00+00:00,100550.3462828532
2025-07-28 00:45:00+00:00,100538.31957975558
2025-07-28 00:46:00+00:00,100548.78537032352
2025-07-28 00:47:00+00:00,100530.87325932705
2025-07-28 00:48:00+00:00,100521.14954192897
2025-07-28 00:49:00+00:00,100520.33070256913
2025-07-28 00:50:00+00:00,100532.22946201678
2025-07-28 00:51:00+00:00,100538.52428959555
2025-07-28 00:52:00+00:00,100545.15177066423
2025-07-28 00:53:00+00:00,100574.88587491836
2025-07-28 00:54:00+00:00,100565.67393212017
2025-07-28 00:55:00+00:00,100577.93093378775
2025-07-28 00:56:00+00:00,100561.73326770095
2025-07-28 00:57:00+00:00,100556.461989322
2025-07-28 00:58:00+00:00,100562.11709865088
2025-07-28 00:59:00+00:00,100546.78944938391
2025-07-28 01:00:00+00:00,100520.63776732907
2025-07-28 01:01:00+00:00,100515.52002133009
2025-07-28 01:02:00+00:00,100500.52502555304
2025-07-28 01:03:00+00:00,100515.90385228
2025-07-28 01:04:00+00:00,100511.91201040079
2025-07-28 01:05:00+00:00,100529.97765377723
2025-07-28 01:06:00+00:00,100525.06461761819
2025-07-28 01:07:00+00:00,100526.5231752279
2025-07-28 01:08:00+00:00,100535.96541659604
2025-07-28 01:09:00+00:00,100568.77016844957
2025-07-28 01:10:00+00:00,100549.80891952332
2025-07-28 01:11:00+00:00,100539.62460498532
2025-07-28 01:12:00+00:00,100537.1936756358
2025-07-28 01:13:00+00:00,100534.55803644632
2025-07-28 01:14:00+00:00,100540.57138799514
2025-07-28 01:15:00+00:00,100535.47923072614
2025-07-28 01:16:00+00:00,100559.50704819139
2025-07-28 01:17:00+00:00,100568.74457971957
2025-07-28 01:18:00+00:00,100564.75273784036
2025-07-28 01:19:00+00:00,100580.48980678726
2025-07-28 01:20:00+00:00,100588.16642578573
2025-07-28 01:21:00+00:00,100597.9413206438
2025-07-28 01:22:00+00:00,100603.0334779128
2025-07-28 01:23:00+00:00,100600.44901618331
2025-07-28 01:24:00+00:00,100575.44882697825
2025-07-28 01:25:00+00:00,100562.60328452078
2025-07-28 01:26:00+00:00,100553.4169304526
2025-07-28 01:27:00+00:00,100574.1438017485
2025-07-28 01:28:00+00:00,100573.29937365866
2025-07-28 01:29:00+00:00,100581.53894471705
2025-07-28 01:30:00+00:00,100542.89996242468
2025-07-28 01:31:00+00:00,100533.91831819645
2025-07-28 01:32:00+00:00,100529.0564594974
2025-07-28 01:33:00+00:00,100516.56915925987
2025-07-28 01:34:00+00:00,100512.96114833059
2025-07-28 01:35:00+00:00,100507.3060390017
2025-07-28 01:36:00+00:00,100508.3807656615
2025-07-28 01:37:00+00:00,100515.52002133009
2025-07-28 01:38:00+00:00,100505.89865885198
2025-07-28 01:39:00+00:00,100512.44937373069
2025-07-28 01:40:00+00:00,100505.56600536205
2025-07-28 01:41:00+00:00,100501.19033253292
2025-07-28 01:42:00+00:00,100505.2845293321
2025-07-28 01:43:00+00:00,100498.63145953341
2025-07-28 01:44:00+00:00,100499.65500873321
2025-07-28 01:45:00+00:00,100514.47088340028
2025-07-28 01:46:00+00:00,100507.8434023316
2025-07-28 01:47:00+00:00,100483.27822153644
2025-07-28 01:48:00+00:00,100493.48812480443
2025-07-28 01:49:00+00:00,100480.74493726695
2025-07-28 01:50:00+00:00,100480.74493726695
2025-07-28 01:51:00+00:00,100475.08982793806
2025-07-28 01:52:00+00:00,100486.29769167585
2025-07-28 01:53:00+00:00,100469.69060590913
2025-07-28 01:54:00+00:00,100469.97208193908
2025-07-28 01:55:00+00:00,100471.50740573877
2025-07-28 01:56:00+00:00,100483.27822153644
2025-07-28 01:57:00+00:00,100476.62515173777
2025-07-28 01:58:00+00:00,100491.44102640483
2025-07-28 01:59:00+00:00,100490.28953355506
2025-07-28 02:00:00+00:00,100490.92925180493
2025-07-28 02:01:00+00:00,100495.02344860413
2025-07-28 02:02:00+00:00,100508.3551769315
2025-07-28 02:03:00+00:00,100508.3551769315
2025-07-28 02:04:00+00:00,100502.23947046271
2025-07-28 02:05:00+00:00,100488.39596753544
2025-07-28 02:06:00+00:00,100500.67855793302
2025-07-28 02:07:00+00:00,100510.40227533109
2025-07-28 02:08:00+00:00,100509.40431486128
2025-07-28 02:09:00+00:00,100519.53745193928
2025-07-28 02:10:00+00:00,100518.61625765948
2025-07-28 02:11:00+00:00,100528.0584990276
2025-07-28 02:12:00+00:00,100540.31550069519
2025-07-28 02:13:00+00:00,100544.12822146443
2025-07-28 02:14:00+00:00,100538.01251499564
2025-07-28 02:15:00+00:00,100545.74031145411
2025-07-28 02:16:00+00:00,100558.68820883156
2025-07-28 02:17:00+00:00,100566.16011799008
2025-07-28 02:18:00+00:00,100568.71899098958
2025-07-28 02:19:00+00:00,100576.44678744805
2025-07-28 02:20:00+00:00,100570.25431478927
2025-07-28 02:21:00+00:00,100562.11709865088
2025-07-28 02:22:00+00:00,100555.4384401222
2025-07-28 02:23:00+00:00,100563.5500675306
2025-07-28 02:24:00+00:00,100579.97803218735
2025-07-28 02:25:00+00:00,100601.21667808316
2025-07-28 02:26:00+00:00,100606.6159001121
2025-07-28 02:27:00+00:00,100611.32422643117
2025-07-28 02:28:00+00:00,100601.0119682432
2025-07-28 02:29:00+00:00,100603.5452525127
2025-07-28 02:30:00+00:00,100606.6159001121
2025-07-28 02:31:00+00:00,100650.32145094346
2025-07-28 02:32:00+00:00,100657.28158550209
2025-07-28 02:33:00+00:00,100654.7227125026
2025-07-28 02:34:00+00:00,100673.19777555895
2025-07-28 02:35:00+00:00,100664.57437355065
2025-07-28 02:36:00+00:00,100664.93261577058
2025-07-28 02:37:00+00:00,100682.35854089714
2025-07-28 02:38:00+00:00,100644.38486558464
2025-07-28 02:39:00+00:00,100643.92426844472
2025-07-28 02:40:00+00:00,100640.82803211533
2025-07-28 02:41:00+00:00,100610.1983223114
2025-07-28 02:42:00+00:00,100619.48703129955
2025-07-28 02:43:00+00:00,100617.87494130987
2025-07-28 02:44:00+00:00,100635.27527770643
2025-07-28 02:45:00+00:00,100613.24338118079
2025-07-28 02:46:00+00:00,100615.82784291028
2025-07-28 02:47:00+00:00,100607.102085982
2025-07-28 02:48:00+00:00,100625.78185887831
2025-07-28 02:49:00+00:00,100609.68654771149
2025-07-28 02:50:00+00:00,100606.6159001121
2025-07-28 02:51:00+00:00,100593.4377041647
2025-07-28 02:52:00+00:00,100600.16754015337
2025-07-28 02:53:00+00:00,100592.08150147497
2025-07-28 02:54:00+00:00,100584.09781771654
2025-07-28 02:55:00+00:00,100580.54098424724
2025-07-28 02:56:00+00:00,100593.23299432473
2025-07-28 02:57:00+00:00,100587.16846531593
2025-07-28 02:58:00+00:00,100591.26266211513
2025-07-28 02:59:00+00:00,100595.35685891431
2025-07-28 03:00:00+00:00,100597.37836858392
2025-07-28 03:01:00+00:00,100601.4981541131
2025-07-28 03:02:00+00:00,100618.36112717977
2025-07-28 03:03:00+00:00,100609.20036184159
2025-07-28 03:04:00+00:00,100608.66299851169
2025-07-28 03:05:00+00:00,100607.66503804189
2025-07-28 03:06:00+00:00,100608.66299851169
2025-07-28 03:07:00+00:00,100610.22391104138
2025-07-28 03:08:00+00:00,100603.5708412427
2025-07-28 03:09:00+00:00,100584.12340644654
2025-07-28 03:10:00+00:00,100579.97803218735
2025-07-28 03:11:00+00:00,100567.74661924977
2025-07-28 03:12:00+00:00,100565.67393212017
2025-07-28 03:13:00+00:00,100573.86232571857
2025-07-28 03:14:00+00:00,100572.53171175883
2025-07-28 03:15:00+00:00,100583.07426851674
2025-07-28 03:16:00+00:00,100603.34054267274
2025-07-28 03:17:00+00:00,100577.44474791785
2025-07-28 03:18:00+00:00,100577.95652251775
2025-07-28 03:19:00+00:00,100585.09577818634
2025-07-28 03:20:00+00:00,100562.60328452078
2025-07-28 03:21:00+00:00,100571.86640477895
2025-07-28 03:22:00+00:00,100572.04552588891
2025-07-28 03:23:00+00:00,100562.37298595083
2025-07-28 03:24:00+00:00,100565.16215752027
2025-07-28 03:25:00+00:00,100561.17031564107
2025-07-28 03:26:00+00:00,100557.4599497918
2025-07-28 03:27:00+00:00,100551.31865459301
2025-07-28 03:28:00+00:00,100551.83042919291
2025-07-28 03:29:00+00:00,100551.9071953829
2025-07-28 03:30:00+00:00,100546.73827192391
2025-07-28 03:31:00+00:00,100542.13230052483
2025-07-28 03:32:00+00:00,100557.51112725178
2025-07-28 03:33:00+00:00,100551.52336443297
2025-07-28 03:34:00+00:00,100554.3893021924
2025-07-28 03:35:00+00:00,100566.67189258998
2025-07-28 03:36:00+00:00,100550.85805745311
2025-07-28 03:37:00+00:00,100560.55618612119
2025-07-28 03:38:00+00:00,100552.8795671227
2025-07-28 03:39:00+00:00,100544.07704400444
2025-07-28 03:40:00+00:00,100552.8795671227
2025-07-28 03:41:00+00:00,100545.22853685422
2025-07-28 03:42:00+00:00,100540.64815418512
2025-07-28 03:43:00+00:00,100540.67374291511
2025-07-28 03:44:00+00:00,100540.64815418512
2025-07-28 03:45:00+00:00,100548.63183794354
2025-07-28 03:46:00+00:00,100552.3677925228
2025-07-28 03:47:00+00:00,100541.97876814485
2025-07-28 03:48:00+00:00,100539.98284720525
2025-07-28 03:49:00+00:00,100551.31865459301
2025-07-28 03:50:00+00:00,100545.66354526413
2025-07-28 03:51:00+00:00,100547.53152255376
2025-07-28 03:52:00+00:00,100542.15788925483
2025-07-28 03:53:00+00:00,100548.70860413353
2025-07-28 03:54:00+00:00,100547.27563525381
2025-07-28 03:55:00+00:00,100548.27359572361
2025-07-28 03:56:00+00:00,100548.75978159352
2025-07-28 03:57:00+00:00,100557.4855385218
2025-07-28 03:58:00+00:00,100547.76182112371
2025-07-28 03:59:00+00:00,100554.00547124248
2025-07-28 04:00:00+00:00,100558.53467645159
2025-07-28 04:01:00+00:00,100579.6965561574
2025-07-28 04:02:00+00:00,100577.06091696792
2025-07-28 04:03:00+00:00,100570.30549224926
2025-07-28 04:04:00+00:00,100578.95448298755
2025-07-28 04:05:00+00:00,100568.51428114962
2025-07-28 04:06:00+00:00,100577.47033664785
2025-07-28 04:07:00+00:00,100571.76404985898
2025-07-28 04:08:00+00:00,100560.55618612119
2025-07-28 04:09:00+00:00,100557.4855385218
2025-07-28 04:10:00+00:00,100559.55822565139
2025-07-28 04:11:00+00:00,100555.82227107213
2025-07-28 04:12:00+00:00,100553.26339807262
2025-07-28 04:13:00+00:00,100556.461989322
2025-07-28 04:14:00+00:00,100547.27563525381
2025-07-28 04:15:00+00:00,100532.53652677672
2025-07-28 04:16:00+00:00,100522.86398683864
2025-07-28 04:17:00+00:00,100520.63776732907
2025-07-28 04:18:00+00:00,100517.56711972968
2025-07-28 04:19:00+00:00,100528.80057219746
2025-07-28 04:20:00+00:00,100520.91924335902
2025-07-28 04:21:00+00:00,100524.70637539827
2025-07-28 04:22:00+00:00,100528.82616092745
2025-07-28 04:23:00+00:00,100516.56915925987
2025-07-28 04:24:00+00:00,100520.5098236791
2025-07-28 04:25:00+00:00,100520.63776732907
2025-07-28 04:26:00+00:00,100517.79741829963
2025-07-28 04:27:00+00:00,100520.12599272917
2025-07-28 04:28:00+00:00,100520.12599272917
2025-07-28 04:29:00+00:00,100520.12599272917
2025-07-28 04:30:00+00:00,100521.09836446898
2025-07-28 04:31:00+00:00,100517.54153099968
2025-07-28 04:32:00+00:00,100514.52206086028
2025-07-28 04:33:00+00:00,100520.07481526918
2025-07-28 04:34:00+00:00,100527.82820045765
2025-07-28 04:35:00+00:00,100522.71045445866
2025-07-28 04:36:00+00:00,100531.33385646695
2025-07-28 04:37:00+00:00,100531.35944519695
2025-07-28 04:38:00+00:00,100534.45568152633
2025-07-28 04:39:00+00:00,100532.92035772665
2025-07-28 04:40:00+00:00,100534.99304485624
2025-07-28 04:41:00+00:00,100545.22853685422
2025-07-28 04:42:00+00:00,100563.11505912068
2025-07-28 04:43:00+00:00,100551.369832053
2025-07-28 04:44:00+00:00,100556.07815837207
2025-07-28 04:45:00+00:00,100564.01066467051
2025-07-28 04:46:00+00:00,100556.15492456206
2025-07-28 04:47:00+00:00,100550.96041237308
2025-07-28 04:48:00+00:00,100552.3677925228
2025-07-28 04:49:00+00:00,100556.28286821203
2025-07-28 04:50:00+00:00,100542.64407512473
2025-07-28 04:51:00+00:00,100543.00231734465
2025-07-28 04:52:00+00:00,100547.94094223368
2025-07-28 04:53:00+00:00,100540.08520212524
2025-07-28 04:54:00+00:00,100531.87121979686
2025-07-28 04:55:00+00:00,100535.09539977621
2025-07-28 04:56:00+00:00,100536.27248135599
2025-07-28 04:57:00+00:00,100535.50481945614
2025-07-28 04:58:00+00:00,100535.99100532604
2025-07-28 04:59:00+00:00,100537.37279674577
2025-07-28 05:00:00+00:00,100537.55191785573
2025-07-28 05:01:00+00:00,100530.87325932705
2025-07-28 05:02:00+00:00,100540.57138799514
2025-07-28 05:03:00+00:00,100531.89680852684
2025-07-28 05:04:00+00:00,100522.68486572866
2025-07-28 05:05:00+00:00,100518.61625765948
2025-07-28 05:06:00+00:00,100530.54060583712
2025-07-28 05:07:00+00:00,100539.01047546545
2025-07-28 05:08:00+00:00,100547.71064366373
2025-07-28 05:09:00+00:00,100552.3677925228
2025-07-28 05:10:00+00:00,100558.73938629155
2025-07-28 05:11:00+00:00,100558.9952735915
2025-07-28 05:12:00+00:00,100557.4855385218
2025-07-28 05:13:00+00:00,100551.85601792291
2025-07-28 05:14:00+00:00,100551.03717856307
2025-07-28 05:15:00+00:00,100560.04441152129
2025-07-28 05:16:00+00:00,100583.07426851674
2025-07-28 05:17:00+00:00,100591.13471846515
2025-07-28 05:18:00+00:00,100595.22891526434
2025-07-28 05:19:00+00:00,100587.70582864583
2025-07-28 05:20:00+00:00,100598.42750651372
2025-07-28 05:21:00+00:00,100594.30772098452
2025-07-28 05:22:00+00:00,100596.40599684411
2025-07-28 05:23:00+00:00,100589.3946848255
2025-07-28 05:24:00+00:00,100583.09985724674
2025-07-28 05:25:00+00:00,100563.37094642063
2025-07-28 05:26:00+00:00,100572.30141318886
2025-07-28 05:27:00+00:00,100585.07018945635
2025-07-28 05:28:00+00:00,100575.34647205827
2025-07-28 05:29:00+00:00,100575.39764951826
2025-07-28 05:30:00+00:00,100564.65038292037
2025-07-28 05:31:00+00:00,100550.3462828532
2025-07-28 05:32:00+00:00,100566.18570672008
2025-07-28 05:33:00+00:00,100558.53467645159
2025-07-28 05:34:00+00:00,100568.5654586096
2025-07-28 05:35:00+00:00,100565.85305323014
2025-07-28 05:36:00+00:00,100571.43139636904
2025-07-28 05:37:00+00:00,100582.02513058695
2025-07-28 05:38:00+00:00,100598.27397413374
2025-07-28 05:39:00+00:00,100591.26266211513
2025-07-28 05:40:00+00:00,100596.25246446414
2025-07-28 05:41:00+00:00,100601.44697665311
2025-07-28 05:42:00+00:00,100605.5667621823
2025-07-28 05:43:00+00:00,100608.63740978169
2025-07-28 05:44:00+00:00,100608.63740978169
2025-07-28 05:45:00+00:00,100606.64148884208
2025-07-28 05:46:00+00:00,100593.9238900346
2025-07-28 05:47:00+00:00,100595.12656034436
2025-07-28 05:48:00+00:00,100596.17569827415
2025-07-28 05:49:00+00:00,100617.84935257987
2025-07-28 05:50:00+00:00,100618.87290177967
2025-07-28 05:51:00+00:00,100631.66726677715
2025-07-28 05:52:00+00:00,100644.41045431464
2025-07-28 05:53:00+00:00,100651.26823395328
2025-07-28 05:54:00+00:00,100650.6285157034
2025-07-28 05:55:00+00:00,100645.48518097441
2025-07-28 05:56:00+00:00,100643.89867971474
2025-07-28 05:57:00+00:00,100633.89348628672
2025-07-28 05:58:00+00:00,100626.60069823815
2025-07-28 05:59:00+00:00,100614.80429371048
2025-07-28 06:00:00+00:00,100620.92000017926
2025-07-28 06:01:00+00:00,100634.25172850664
2025-07-28 06:02:00+00:00,100619.53820875954
2025-07-28 06:03:00+00:00,100612.143065791
2025-07-28 06:04:00+00:00,100626.93335172808
2025-07-28 06:05:00+00:00,100623.2485746088
2025-07-28 06:06:00+00:00,100621.45736350917
2025-07-28 06:07:00+00:00,100623.96505904867
2025-07-28 06:08:00+00:00,100627.57306997795
2025-07-28 06:09:00+00:00,100618.92407923966
2025-07-28 06:10:00+00:00,100618.13082860982
2025-07-28 06:11:00+00:00,100616.85139211007
2025-07-28 06:12:00+00:00,100618.92407923966
2025-07-28 06:13:00+00:00,100633.04905819688
2025-07-28 06:14:00+00:00,100628.39190933779
2025-07-28 06:15:00+00:00,100626.60069823815
2025-07-28 06:16:00+00:00,100634.37967215662
2025-07-28 06:17:00+00:00,100624.50242237856
2025-07-28 06:18:00+00:00,100624.01623650866
2025-07-28 06:19:00+00:00,100604.0570271126
2025-07-28 06:20:00+00:00,100613.78074451067
2025-07-28 06:21:00+00:00,100608.63740978169
2025-07-28 06:22:00+00:00,100607.15326344199
2025-07-28 06:23:00+00:00,100606.51354519211
2025-07-28 06:24:00+00:00,100606.64148884208
2025-07-28 06:25:00+00:00,100606.51354519211
2025-07-28 06:26:00+00:00,100611.73364611108
2025-07-28 06:27:00+00:00,100609.55860406152
2025-07-28 06:28:00+00:00,100610.40303215134
2025-07-28 06:29:00+00:00,100607.6138605819
2025-07-28 06:30:00+00:00,100603.0334779128
2025-07-28 06:31:00+00:00,100603.11024410279
2025-07-28 06:32:00+00:00,100600.9863795132
2025-07-28 06:33:00+00:00,100600.9863795132
2025-07-28 06:34:00+00:00,100600.47460491331
2025-07-28 06:35:00+00:00,100600.47460491331
2025-07-28 06:36:00+00:00,100603.0334779128
2025-07-28 06:37:00+00:00,100600.37224999332
2025-07-28 06:38:00+00:00,100600.93520205322
2025-07-28 06:39:00+00:00,100605.5923509123
2025-07-28 06:40:00+00:00,100600.90961332322
2025-07-28 06:41:00+00:00,100602.98230045282
2025-07-28 06:42:00+00:00,100601.62609776307
2025-07-28 06:43:00+00:00,100602.4961145829
2025-07-28 06:44:00+00:00,100603.0078891828
2025-07-28 06:45:00+00:00,100602.95671172281
2025-07-28 06:46:00+00:00,100603.0078891828
2025-07-28 06:47:00+00:00,100605.64352837228
2025-07-28 06:48:00+00:00,100600.37224999332
2025-07-28 06:49:00+00:00,100600.37224999332
2025-07-28 06:50:00+00:00,100600.34666126333
2025-07-28 06:51:00+00:00,100600.34666126333
2025-07-28 06:52:00+00:00,100598.42750651372
2025-07-28 06:53:00+00:00,100596.12452081416
2025-07-28 06:54:00+00:00,100595.53598002429
2025-07-28 06:55:00+00:00,100595.81745605422
2025-07-28 06:56:00+00:00,100596.38040811411
2025-07-28 06:57:00+00:00,100596.38040811411
2025-07-28 06:58:00+00:00,100596.20128700415
2025-07-28 06:59:00+00:00,100597.40395731392
2025-07-28 07:00:00+00:00,100591.23707338513
2025-07-28 07:01:00+00:00,100591.62090433505
2025-07-28 07:02:00+00:00,100569.53783034942
2025-07-28 07:03:00+00:00,100545.20294812422
2025-07-28 07:04:00+00:00,100547.73623239371
2025-07-28 07:05:00+00:00,100506.84544186179
2025-07-28 07:06:00+00:00,100498.63145953341
2025-07-28 07:07:00+00:00,100469.97208193908
2025-07-28 07:08:00+00:00,100461.65574469071
2025-07-28 07:09:00+00:00,100468.41116940937
2025-07-28 07:10:00+00:00,100477.9045882375
2025-07-28 07:11:00+00:00,100458.1500886814
2025-07-28 07:12:00+00:00,100463.31901214039
2025-07-28 07:13:00+00:00,100468.00174972946
2025-07-28 07:14:00+00:00,100450.03846127301
2025-07-28 07:15:00+00:00,100458.2012661414
2025-07-28 07:16:00+00:00,100436.70673294565
2025-07-28 07:17:00+00:00,100439.77738054504
2025-07-28 07:18:00+00:00,100441.79889021463
2025-07-28 07:19:00+00:00,100434.63404581606
2025-07-28 07:20:00+00:00,100446.81428129364
2025-07-28 07:21:00+00:00,100459.71100121111
2025-07-28 07:22:00+00:00,100480.69375980695
2025-07-28 07:23:00+00:00,100489.90570260515
2025-07-28 07:24:00+00:00,100484.81354533615
2025-07-28 07:25:00+00:00,100496.07258653392
2025-07-28 07:26:00+00:00,100502.41859157267
2025-07-28 07:27:00+00:00,100508.53429804146
2025-07-28 07:28:00+00:00,100513.9591088004
2025-07-28 07:29:00+00:00,100494.1534317843
2025-07-28 07:30:00+00:00,100446.78869256366
2025-07-28 07:31:00+00:00,100445.81632082384
2025-07-28 07:32:00+00:00,100432.91960090639
2025-07-28 07:33:00+00:00,100440.77534101484
2025-07-28 07:34:00+00:00,100430.02807441696
2025-07-28 07:35:00+00:00,100448.55431493331
2025-07-28 07:36:00+00:00,100443.4877463943
2025-07-28 07:37:00+00:00,100456.1541677418
2025-07-28 07:38:00+00:00,100446.5583939937
2025-07-28 07:39:00+00:00,100449.52668667311
2025-07-28 07:40:00+00:00,100470.43267907898
2025-07-28 07:41:00+00:00,100461.96280945066
2025-07-28 07:42:00+00:00,100457.7150802715
2025-07-28 07:43:00+00:00,100465.85229640988
2025-07-28 07:44:00+00:00,100451.06201047282
2025-07-28 07:45:00+00:00,100452.1111484026
2025-07-28 07:46:00+00:00,100452.57174554252
2025-07-28 07:47:00+00:00,100448.45196001332
2025-07-28 07:48:00+00:00,100450.55023587291
2025-07-28 07:49:00+00:00,100452.54615681252
2025-07-28 07:50:00+00:00,100466.36407100978
2025-07-28 07:51:00+00:00,100450.55023587291
2025-07-28 07:52:00+00:00,100455.10502981201
2025-07-28 07:53:00+00:00,100462.78164881049
2025-07-28 07:54:00+00:00,100461.78368834069
2025-07-28 07:55:00+00:00,100458.73862947129
2025-07-28 07:56:00+00:00,100451.44584142274
2025-07-28 07:57:00+00:00,100451.67613999269
2025-07-28 07:58:00+00:00,100453.36499617236
2025-07-28 07:59:00+00:00,100451.03642174281
2025-07-28 08:00:00+00:00,100437.21850754553
2025-07-28 08:01:00+00:00,100430.15601806693
2025-07-28 08:02:00+00:00,100434.63404581606
2025-07-28 08:03:00+00:00,100437.75587087544
2025-07-28 08:04:00+00:00,100461.16955882081
2025-07-28 08:05:00+00:00,100488.70303229538
2025-07-28 08:06:00+00:00,100470.50944526897
2025-07-28 08:07:00+00:00,100473.52891540837
2025-07-28 08:08:00+00:00,100482.74085820655
2025-07-28 08:09:00+00:00,100473.09390699846
2025-07-28 08:10:00+00:00,100455.6679818719
2025-07-28 08:11:00+00:00,100453.56970601232
2025-07-28 08:12:00+00:00,100453.56970601232
2025-07-28 08:13:00+00:00,100449.98728381301
2025-07-28 08:14:00+00:00,100458.7130407413
2025-07-28 08:15:00+00:00,100466.69672449972
2025-07-28 08:16:00+00:00,100457.6894915415
2025-07-28 08:17:00+00:00,100465.41728799997
2025-07-28 08:18:00+00:00,100461.80927707069
2025-07-28 08:19:00+00:00,100460.27395327098
2025-07-28 08:20:00+00:00,100452.36703570255
2025-07-28 08:21:00+00:00,100467.41320893957
2025-07-28 08:22:00+00:00,100480.20757393705
2025-07-28 08:23:00+00:00,100501.2159212629
2025-07-28 08:24:00+00:00,100497.09613573372
2025-07-28 08:25:00+00:00,100488.39596753544
2025-07-28 08:26:00+00:00,100488.37037880544
2025-07-28 08:27:00+00:00,100491.38984894485
2025-07-28 08:28:00+00:00,100484.78795660615
2025-07-28 08:29:00+00:00,100484.81354533615
2025-07-28 08:30:00+00:00,100487.62830563559
2025-07-28 08:31:00+00:00,100472.53095493857
2025-07-28 08:32:00+00:00,100468.7950003593
2025-07-28 08:33:00+00:00,100447.47958827352
2025-07-28 08:34:00+00:00,100425.95946634776
2025-07-28 08:35:00+00:00,100437.21850754553
2025-07-28 08:36:00+00:00,100445.048658924
2025-07-28 08:37:00+00:00,100436.68114421565
2025-07-28 08:38:00+00:00,100443.56451258429
2025-07-28 08:39:00+00:00,100449.42433175314
2025-07-28 08:40:00+00:00,100448.47754874332
2025-07-28 08:41:00+00:00,100444.28099702415
2025-07-28 08:42:00+00:00,100443.18068163437
2025-07-28 08:43:00+00:00,100437.83263706541
2025-07-28 08:44:00+00:00,100448.47754874332
2025-07-28 08:45:00+00:00,100459.42952518116
2025-07-28 08:46:00+00:00,100461.80927707069
2025-07-28 08:47:00+00:00,100455.61680441191
2025-07-28 08:48:00+00:00,100451.67613999269
2025-07-28 08:49:00+00:00,100455.61680441191
2025-07-28 08:50:00+00:00,100453.0835201424
2025-07-28 08:51:00+00:00,100470.45826780898
2025-07-28 08:52:00+00:00,100476.11337713787
2025-07-28 08:53:00+00:00,100483.94352851632
2025-07-28 08:54:00+00:00,100483.04792296649
2025-07-28 08:55:00+00:00,100489.67540403518
2025-07-28 08:56:00+00:00,100503.21184220251
2025-07-28 08:57:00+00:00,100505.51482790205
2025-07-28 08:58:00+00:00,100504.56804489225
2025-07-28 08:59:00+00:00,100497.63349906361
2025-07-28 09:00:00+00:00,100488.77979848537
2025-07-28 09:01:00+00:00,100491.21072783488
2025-07-28 09:02:00+00:00,100478.18606426746
2025-07-28 09:03:00+00:00,100465.18698943002
2025-07-28 09:04:00+00:00,100472.24947890862
2025-07-28 09:05:00+00:00,100469.69060590913
2025-07-28 09:06:00+00:00,100474.55246460816
2025-07-28 09:07:00+00:00,100479.10725854727
2025-07-28 09:08:00+00:00,100465.67317529992
2025-07-28 09:09:00+00:00,100458.22685487139
2025-07-28 09:10:00+00:00,100464.29138388019
2025-07-28 09:11:00+00:00,100465.36611053998
2025-07-28 09:12:00+00:00,100467.51556385956
2025-07-28 09:13:00+00:00,100464.34256134019
2025-07-28 09:14:00+00:00,100457.7150802715
2025-07-28 09:15:00+00:00,100452.29026951257
2025-07-28 09:16:00+00:00,100462.26987421059
2025-07-28 09:17:00+00:00,100460.248364541
2025-07-28 09:18:00+00:00,100457.51037043154
2025-07-28 09:19:00+00:00,100472.71007604853
2025-07-28 09:20:00+00:00,100474.06627873826
2025-07-28 09:21:00+00:00,100461.29750247078
2025-07-28 09:22:00+00:00,100469.46030733918
2025-07-28 09:23:00+00:00,100461.27191374078
2025-07-28 09:24:00+00:00,100459.02010550123
2025-07-28 09:25:00+00:00,100458.1756774114
2025-07-28 09:26:00+00:00,100455.41209457195
2025-07-28 09:27:00+00:00,100449.98728381301
2025-07-28 09:28:00+00:00,100449.93610635304
2025-07-28 09:29:00+00:00,100439.54708197509
2025-07-28 09:30:00+00:00,100440.59621990487
2025-07-28 09:31:00+00:00,100436.73232167563
2025-07-28 09:32:00+00:00,100437.70469341545
2025-07-28 09:33:00+00:00,100442.33625354453
2025-07-28 09:34:00+00:00,100438.4467665853
2025-07-28 09:35:00+00:00,100442.33625354453
2025-07-28 09:36:00+00:00,100442.31066481453
2025-07-28 09:37:00+00:00,100442.31066481453
2025-07-28 09:38:00+00:00,100435.24817533593
2025-07-28 09:39:00+00:00,100430.56543774686
2025-07-28 09:40:00+00:00,100419.40875146906
2025-07-28 09:41:00+00:00,100415.21219974989
2025-07-28 09:42:00+00:00,100406.66556393157
2025-07-28 09:43:00+00:00,100414.21423928009
2025-07-28 09:44:00+00:00,100413.70246468019
2025-07-28 09:45:00+00:00,100425.93387761776
2025-07-28 09:46:00+00:00,100427.49479014747
2025-07-28 09:47:00+00:00,100439.75179181504
2025-07-28 09:48:00+00:00,100427.11095919754
2025-07-28 09:49:00+00:00,100440.26356641494
2025-07-28 09:50:00+00:00,100446.22574050377
2025-07-28 09:51:00+00:00,100475.57601380796
2025-07-28 09:52:00+00:00,100480.71934853695
2025-07-28 09:53:00+00:00,100478.13488680746
2025-07-28 09:54:00+00:00,100473.9127463583
2025-07-28 09:55:00+00:00,100474.57805333816
2025-07-28 09:56:00+00:00,100474.32216603821
2025-07-28 09:57:00+00:00,100461.27191374078
2025-07-28 09:58:00+00:00,100467.41320893957
2025-07-28 09:59:00+00:00,100463.85637547029
2025-07-28 10:00:00+00:00,100459.1736378812
2025-07-28 10:01:00+00:00,100451.03642174281
2025-07-28 10:02:00+00:00,100460.248364541
2025-07-28 10:03:00+00:00,100467.89939480949
2025-07-28 10:04:00+00:00,100454.61884394211
2025-07-28 10:05:00+00:00,100450.88288936284
2025-07-28 10:06:00+00:00,100443.38539147432
2025-07-28 10:07:00+00:00,100444.92071527403
2025-07-28 10:08:00+00:00,100440.31474387493
2025-07-28 10:09:00+00:00,100431.56339821666
2025-07-28 10:10:00+00:00,100435.14582041596
2025-07-28 10:11:00+00:00,100435.29935279592
2025-07-28 10:12:00+00:00,100443.84598861422
2025-07-28 10:13:00+00:00,100424.42414254807
2025-07-28 10:14:00+00:00,100421.89085827857
2025-07-28 10:15:00+00:00,100432.68930233644
2025-07-28 10:16:00+00:00,100436.37407945571
2025-07-28 10:17:00+00:00,100439.18883975515
2025-07-28 10:18:00+00:00,100441.41505926472
2025-07-28 10:19:00+00:00,100443.87157734422
2025-07-28 10:20:00+00:00,100442.87361687442
2025-07-28 10:21:00+00:00,100439.72620308504
2025-07-28 10:22:00+00:00,100454.10706934221
2025-07-28 10:23:00+00:00,100472.04476906867
2025-07-28 10:24:00+00:00,100455.6679818719
2025-07-28 10:25:00+00:00,100461.29750247078
2025-07-28 10:26:00+00:00,100461.78368834069
2025-07-28 10:27:00+00:00,100460.248364541
2025-07-28 10:28:00+00:00,100466.13377243983
2025-07-28 10:29:00+00:00,100464.36815007018
2025-07-28 10:30:00+00:00,100455.130618542
2025-07-28 10:31:00+00:00,100443.12950417437
2025-07-28 10:32:00+00:00,100423.93795667816
2025-07-28 10:33:00+00:00,100427.98097601737
2025-07-28 10:34:00+00:00,100423.93795667816
2025-07-28 10:35:00+00:00,100416.82428973957
2025-07-28 10:36:00+00:00,100415.49367577983
2025-07-28 10:37:00+00:00,100415.49367577983
2025-07-28 10:38:00+00:00,100414.16306182009
2025-07-28 10:39:00+00:00,100413.67687595019
2025-07-28 10:40:00+00:00,100411.57860009061
2025-07-28 10:41:00+00:00,100405.0022964819
2025-07-28 10:42:00+00:00,100396.25095082363
2025-07-28 10:43:00+00:00,100386.06663628564
2025-07-28 10:44:00+00:00,100396.32771701361
2025-07-28 10:45:00+00:00,100406.92145123152
2025-07-28 10:46:00+00:00,100419.2040416291
2025-07-28 10:47:00+00:00,100427.11095919754
2025-07-28 10:48:00+00:00,100425.42210301787
2025-07-28 10:49:00+00:00,100415.74956307978
2025-07-28 10:50:00+00:00,100412.67891548038
2025-07-28 10:51:00+00:00,100412.65332675038
2025-07-28 10:52:00+00:00,100420.30435701887
2025-07-28 10:53:00+00:00,100427.46920141747
2025-07-28 10:54:00+00:00,100418.79462194917
2025-07-28 10:55:00+00:00,100417.28488687948
2025-07-28 10:56:00+00:00,100419.28080781909
2025-07-28 10:57:00+00:00,100417.79666147937
2025-07-28 10:58:00+00:00,100423.37500461827
2025-07-28 10:59:00+00:00,100421.83968081858
2025-07-28 11:00:00+00:00,100412.1159634205
2025-07-28 11:01:00+00:00,100435.60641755586
2025-07-28 11:02:00+00:00,100438.72824261524
2025-07-28 11:03:00+00:00,100445.81632082384
2025-07-28 11:04:00+00:00,100434.42933597609
2025-07-28 11:05:00+00:00,100419.30639654907
2025-07-28 11:06:00+00:00,100416.26133767968
2025-07-28 11:07:00+00:00,100408.09853281129
2025-07-28 11:08:00+00:00,100395.20181289384
2025-07-28 11:09:00+00:00,100395.25299035382
2025-07-28 11:10:00+00:00,100396.4300719336
2025-07-28 11:11:00+00:00,100399.83337302292
2025-07-28 11:12:00+00:00,100397.78627462333
2025-07-28 11:13:00+00:00,100399.85896175292
2025-07-28 11:14:00+00:00,100399.85896175292
2025-07-28 11:15:00+00:00,100397.09537891347
2025-07-28 11:16:00+00:00,100384.53131248595
2025-07-28 11:17:00+00:00,100404.15786839207
2025-07-28 11:18:00+00:00,100393.43619052418
2025-07-28 11:19:00+00:00,100393.46177925418
2025-07-28 11:20:00+00:00,100388.08814595525
2025-07-28 11:21:00+00:00,100388.21608960522
2025-07-28 11:22:00+00:00,100387.06459675544
2025-07-28 11:23:00+00:00,100384.55690121594
2025-07-28 11:24:00+00:00,100378.74825950709
2025-07-28 11:25:00+00:00,100379.41356648695
2025-07-28 11:26:00+00:00,100379.92534108686
2025-07-28 11:27:00+00:00,100379.43915521695
2025-07-28 11:28:00+00:00,100367.89863798923
2025-07-28 11:29:00+00:00,100369.43396178892
2025-07-28 11:30:00+00:00,100366.08183815959
2025-07-28 11:31:00+00:00,100364.54651435988
2025-07-28 11:32:00+00:00,100365.21182133976
2025-07-28 11:33:00+00:00,100352.80128729221
2025-07-28 11:34:00+00:00,100361.70616533046
2025-07-28 11:35:00+00:00,100363.93238484001
2025-07-28 11:36:00+00:00,100359.4287683609
2025-07-28 11:37:00+00:00,100382.07479440644
2025-07-28 11:38:00+00:00,100403.9787472821
2025-07-28 11:39:00+00:00,100412.1415521505
2025-07-28 11:40:00+00:00,100419.30639654907
2025-07-28 11:41:00+00:00,100404.9767077519
2025-07-28 11:42:00+00:00,100419.84375987898
2025-07-28 11:43:00+00:00,100408.0729440813
2025-07-28 11:44:00+00:00,100404.36257823203
2025-07-28 11:45:00+00:00,100416.7219348196
2025-07-28 11:46:00+00:00,100425.98505507776
2025-07-28 11:47:00+00:00,100429.08129140714
2025-07-28 11:48:00+00:00,100437.11615262556
2025-07-28 11:49:00+00:00,100424.96150587796
2025-07-28 11:50:00+00:00,100430.56543774686
2025-07-28 11:51:00+00:00,100434.65963454604
2025-07-28 11:52:00+00:00,100428.33921823729
2025-07-28 11:53:00+00:00,100422.91440747837
2025-07-28 11:54:00+00:00,100422.93999620836
2025-07-28 11:55:00+00:00,100422.93999620836
2025-07-28 11:56:00+00:00,100427.08537046754
2025-07-28 11:57:00+00:00,100437.21850754553
2025-07-28 11:58:00+00:00,100431.07721234675
2025-07-28 11:59:00+00:00,100435.63200628586
2025-07-28 12:00:00+00:00,100423.91236794817
2025-07-28 12:01:00+00:00,100434.68522327604
2025-07-28 12:02:00+00:00,100434.17344867614
2025-07-28 12:03:00+00:00,100431.58898694665
2025-07-28 12:04:00+00:00,100428.00656474737
2025-07-28 12:05:00+00:00,100449.50109794311
2025-07-28 12:06:00+00:00,100435.17140914594
2025-07-28 12:07:00+00:00,100441.85006767463
2025-07-28 12:08:00+00:00,100453.03234268242
2025-07-28 12:09:00+00:00,100464.8543359401
2025-07-28 12:10:00+00:00,100477.62311220757
2025-07-28 12:11:00+00:00,100469.74178336913
2025-07-28 12:12:00+00:00,100480.71934853695
2025-07-28 12:13:00+00:00,100490.92925180493
2025-07-28 12:14:00+00:00,100454.43972283215
2025-07-28 12:15:00+00:00,100457.81743519148
2025-07-28 12:16:00+00:00,100465.36611053998
2025-07-28 12:17:00+00:00,100476.08778840787
2025-07-28 12:18:00+00:00,100473.55450413836
2025-07-28 12:19:00+00:00,100483.4829313764
2025-07-28 12:20:00+00:00,100481.74289773675
2025-07-28 12:21:00+00:00,100488.39596753544
2025-07-28 12:22:00+00:00,100475.60160253796
2025-07-28 12:23:00+00:00,100501.8044620528
2025-07-28 12:24:00+00:00,100505.2589406021
2025-07-28 12:25:00+00:00,100495.56081193402
2025-07-28 12:26:00+00:00,100458.22685487139
2025-07-28 12:27:00+00:00,100457.1777169416
2025-07-28 12:28:00+00:00,100457.04977329163
2025-07-28 12:29:00+00:00,100459.7365899411
2025-07-28 12:30:00+00:00,100464.34256134019
2025-07-28 12:31:00+00:00,100460.7345504109
2025-07-28 12:32:00+00:00,100460.12042089102
2025-07-28 12:33:00+00:00,100469.8185495591
2025-07-28 12:34:00+00:00,100461.78368834069
2025-07-28 12:35:00+00:00,100444.40894067413
2025-07-28 12:36:00+00:00,100461.2463250108
2025-07-28 12:37:00+00:00,100463.31901214039
2025-07-28 12:38:00+00:00,100461.29750247078
2025-07-28 12:39:00+00:00,100466.41524846977
2025-07-28 12:40:00+00:00,100474.55246460816
2025-07-28 12:41:00+00:00,100472.53095493857
2025-07-28 12:42:00+00:00,100469.43471860918
2025-07-28 12:43:00+00:00,100458.45715344136
2025-07-28 12:44:00+00:00,100474.19422238824
2025-07-28 12:45:00+00:00,100460.35071946097
2025-07-28 12:46:00+00:00,100467.41320893957
2025-07-28 12:47:00+00:00,100470.355912889
2025-07-28 12:48:00+00:00,100478.67225013736
2025-07-28 12:49:00+00:00,100480.59140488697
2025-07-28 12:50:00+00:00,100472.09594652866
2025-07-28 12:51:00+00:00,100459.12246042122
2025-07-28 12:52:00+00:00,100455.6423931419
2025-07-28 12:53:00+00:00,100460.7601391409
2025-07-28 12:54:00+00:00,100450.03846127301
2025-07-28 12:55:00+00:00,100429.54188854706
2025-07-28 12:56:00+00:00,100440.59621990487
2025-07-28 12:57:00+00:00,100454.51648902212
2025-07-28 12:58:00+00:00,100431.02603488677
2025-07-28 12:59:00+00:00,100441.0312283148
2025-07-28 13:00:00+00:00,100437.03938643559
2025-07-28 13:01:00+00:00,100423.17029477832
2025-07-28 13:02:00+00:00,100416.87546719956
2025-07-28 13:03:00+00:00,100417.28488687948
2025-07-28 13:04:00+00:00,100418.33402480927
2025-07-28 13:05:00+00:00,100430.41190536688
2025-07-28 13:06:00+00:00,100428.00656474737
2025-07-28 13:07:00+00:00,100425.39651428787
2025-07-28 13:08:00+00:00,100439.70061435505
2025-07-28 13:09:00+00:00,100438.29323420532
2025-07-28 13:10:00+00:00,100429.00452521717
2025-07-28 13:11:00+00:00,100419.38316273906
2025-07-28 13:12:00+00:00,100406.0770231417
2025-07-28 13:13:00+00:00,100407.0238061515
2025-07-28 13:14:00+00:00,100399.85896175292
2025-07-28 13:15:00+00:00,100400.42191381281
2025-07-28 13:16:00+00:00,100401.39428555261
2025-07-28 13:17:00+00:00,100387.60196008533
2025-07-28 13:18:00+00:00,100392.20793148443
2025-07-28 13:19:00+00:00,100382.43303662636
2025-07-28 13:20:00+00:00,100386.04104755564
2025-07-28 13:21:00+00:00,100378.13412998721
2025-07-28 13:22:00+00:00,100358.99375995099
2025-07-28 13:23:00+00:00,100354.97632934178
2025-07-28 13:24:00+00:00,100359.55671201088
2025-07-28 13:25:00+00:00,100347.68354129323
2025-07-28 13:26:00+00:00,100351.24037476252
2025-07-28 13:27:00+00:00,100375.98467666763
2025-07-28 13:28:00+00:00,100392.66852862434
2025-07-28 13:29:00+00:00,100378.36442855716
2025-07-28 13:30:00+00:00,100394.22944115404
2025-07-28 13:31:00+00:00,100359.9661316908
2025-07-28 13:32:00+00:00,100322.9648281181
2025-07-28 13:33:00+00:00,100318.46121163899
2025-07-28 13:34:00+00:00,100312.95963469008
2025-07-28 13:35:00+00:00,100341.00488276454
2025-07-28 13:36:00+00:00,100369.94573638882
2025-07-28 13:37:00+00:00,100344.61289369383
2025-07-28 13:38:00+00:00,100395.17622416385
2025-07-28 13:39:00+00:00,100431.07721234675
2025-07-28 13:40:00+00:00,100440.80092974483
2025-07-28 13:41:00+00:00,100493.53930226443
2025-07-28 13:42:00+00:00,100448.86137969325
2025-07-28 13:43:00+00:00,100416.2357489497
2025-07-28 13:44:00+00:00,100395.4321114638
2025-07-28 13:45:00+00:00,100404.9767077519
2025-07-28 13:46:00+00:00,100382.97039995625
2025-07-28 13:47:00+00:00,100340.74899546459
2025-07-28 13:48:00+00:00,100312.37109390019
2025-07-28 13:49:00+00:00,100339.87897864476
2025-07-28 13:50:00+00:00,100353.79924776201
2025-07-28 13:51:00+00:00,100350.67742270263
2025-07-28 13:52:00+00:00,100355.43692648169
2025-07-28 13:53:00+00:00,100356.58841933146
2025-07-28 13:54:00+00:00,100315.82557244951
2025-07-28 13:55:00+00:00,100309.7866321707
2025-07-28 13:56:00+00:00,100351.72656063242
2025-07-28 13:57:00+00:00,100333.32826376606
2025-07-28 13:58:00+00:00,100326.16341936747
2025-07-28 13:59:00+00:00,100338.93219563494
2025-07-28 14:00:00+00:00,100324.09073223788
2025-07-28 14:01:00+00:00,100349.7818171528
2025-07-28 14:02:00+00:00,100374.96112746783
2025-07-28 14:03:00+00:00,100358.891405031
2025-07-28 14:04:00+00:00,100327.18696856727
2025-07-28 14:05:00+00:00,100358.20050932115
2025-07-28 14:06:00+00:00,100361.50145549049
2025-07-28 14:07:00+00:00,100395.4065227338
2025-07-28 14:08:00+00:00,100386.06663628564
2025-07-28 14:09:00+00:00,100375.60084571771
2025-07-28 14:10:00+00:00,100327.21255729726
2025-07-28 14:11:00+00:00,100310.3239955006
2025-07-28 14:12:00+00:00,100314.54613594976
2025-07-28 14:13:00+00:00,100335.83595930556
2025-07-28 14:14:00+00:00,100346.65999209342
2025-07-28 14:15:00+00:00,100355.48810394168
2025-07-28 14:16:00+00:00,100332.30471456626
2025-07-28 14:17:00+00:00,100286.78236390525
2025-07-28 14:18:00+00:00,100289.4947692847
2025-07-28 14:19:00+00:00,100305.69243537151
2025-07-28 14:20:00+00:00,100290.33919737455
2025-07-28 14:21:00+00:00,100260.65627058041
2025-07-28 14:22:00+00:00,100258.6091721808
2025-07-28 14:23:00+00:00,100288.29209897495
2025-07-28 14:24:00+00:00,100255.6152907714
2025-07-28 14:25:00+00:00,100237.03787279507
2025-07-28 14:26:00+00:00,100284.06995852578
2025-07-28 14:27:00+00:00,100250.44636731243
2025-07-28 14:28:00+00:00,100259.6327213806
2025-07-28 14:29:00+00:00,100249.16693081267
2025-07-28 14:30:00+00:00,100230.97334378626
2025-07-28 14:31:00+00:00,100243.25593418384
2025-07-28 14:32:00+00:00,100235.60490391534
2025-07-28 14:33:00+00:00,100229.94979458647
2025-07-28 14:34:00+00:00,100224.95999223745
2025-07-28 14:35:00+00:00,100214.5965565895
2025-07-28 14:36:00+00:00,100237.08905025506
2025-07-28 14:37:00+00:00,100274.98595937758
2025-07-28 14:38:00+00:00,100272.42708637808
2025-07-28 14:39:00+00:00,100274.60212842765
2025-07-28 14:40:00+00:00,100242.38591736401
2025-07-28 14:41:00+00:00,100272.93886097797
2025-07-28 14:42:00+00:00,100264.75046737959
2025-07-28 14:43:00+00:00,100280.35959267651
2025-07-28 14:44:00+00:00,100293.38425624394
2025-07-28 14:45:00+00:00,100287.19178358516
2025-07-28 14:46:00+00:00,100250.93255318233
2025-07-28 14:47:00+00:00,100240.59470626437
2025-07-28 14:48:00+00:00,100262.2171831101
2025-07-28 14:49:00+00:00,100263.2151435799
2025-07-28 14:50:00+00:00,100227.08385682703
2025-07-28 14:51:00+00:00,100247.37571971303
2025-07-28 14:52:00+00:00,100247.60601828298
2025-07-28 14:53:00+00:00,100261.14245645031
2025-07-28 14:54:00+00:00,100262.1915943801
2025-07-28 14:55:00+00:00,100257.09943711112
2025-07-28 14:56:00+00:00,100239.21291484464
2025-07-28 14:57:00+00:00,100225.88118651728
2025-07-28 14:58:00+00:00,100211.50032026011
2025-07-28 14:59:00+00:00,100222.7337727279
2025-07-28 15:00:00+00:00,100213.5985961197
2025-07-28 15:01:00+00:00,100211.34678788015
2025-07-28 15:02:00+00:00,100215.1083311894
2025-07-28 15:03:00+00:00,100250.42077858243
2025-07-28 15:04:00+00:00,100232.66219996594
2025-07-28 15:05:00+00:00,100235.04195185546
2025-07-28 15:06:00+00:00,100225.85559778727
2025-07-28 15:07:00+00:00,100232.02248171606
2025-07-28 15:08:00+00:00,100236.09108978526
2025-07-28 15:09:00+00:00,100237.98465580487
2025-07-28 15:10:00+00:00,100226.90473571708
2025-07-28 15:11:00+00:00,100260.50273820043
2025-07-28 15:12:00+00:00,100252.46787698202
2025-07-28 15:13:00+00:00,100259.1465355107
2025-07-28 15:14:00+00:00,100274.47418477767
2025-07-28 15:15:00+00:00,100278.56838157687
2025-07-28 15:16:00+00:00,100291.43951276432
2025-07-28 15:17:00+00:00,100296.45490384333
2025-07-28 15:18:00+00:00,100294.04956322382
2025-07-28 15:19:00+00:00,100282.48345726609
2025-07-28 15:20:00+00:00,100277.4424774571
2025-07-28 15:21:00+00:00,100287.78032437505
2025-07-28 15:22:00+00:00,100295.86636305346
2025-07-28 15:23:00+00:00,100308.27689710101
2025-07-28 15:24:00+00:00,100306.20420997142
2025-07-28 15:25:00+00:00,100290.90214943443
2025-07-28 15:26:00+00:00,100277.05864650717
2025-07-28 15:27:00+00:00,100307.17658171122
2025-07-28 15:28:00+00:00,100331.28116536647
2025-07-28 15:29:00+00:00,100334.73564391577
2025-07-28 15:30:00+00:00,100337.39687183526
2025-07-28 15:31:00+00:00,100345.20143448371
2025-07-28 15:32:00+00:00,100342.54020656424
2025-07-28 15:33:00+00:00,100347.68354129323
2025-07-28 15:34:00+00:00,100327.18696856727
2025-07-28 15:35:00+00:00,100316.95147656929
2025-07-28 15:36:00+00:00,100317.97502576909
2025-07-28 15:37:00+00:00,100304.66888617171
2025-07-28 15:38:00+00:00,100279.36163220671
2025-07-28 15:39:00+00:00,100279.18251109675
2025-07-28 15:40:00+00:00,100282.15080377617
2025-07-28 15:41:00+00:00,100300.44674572255
2025-07-28 15:42:00+00:00,100287.26854977515
2025-07-28 15:43:00+00:00,100284.19790217576
2025-07-28 15:44:00+00:00,100286.96148501521
2025-07-28 15:45:00+00:00,100309.65868852072
2025-07-28 15:46:00+00:00,100323.14394922806
2025-07-28 15:47:00+00:00,100323.451013988
2025-07-28 15:48:00+00:00,100315.95351609949
2025-07-28 15:49:00+00:00,100292.38629577414
2025-07-28 15:50:00+00:00,100259.50477773063
2025-07-28 15:51:00+00:00,100266.51608974925
2025-07-28 15:52:00+00:00,100268.35847830889
2025-07-28 15:53:00+00:00,100292.05364228421
2025-07-28 15:54:00+00:00,100260.1956734405
2025-07-28 15:55:00+00:00,100262.70336898
2025-07-28 15:56:00+00:00,100265.2878307095
2025-07-28 15:57:00+00:00,100278.05660697697
2025-07-28 15:58:00+00:00,100276.95629158718
2025-07-28 15:59:00+00:00,100268.43524449886
2025-07-28 16:00:00+00:00,100266.69521085921
2025-07-28 16:01:00+00:00,100248.0154379629
2025-07-28 16:02:00+00:00,100263.1895548499
2025-07-28 16:03:00+00:00,100239.64792325455
2025-07-28 16:04:00+00:00,100237.65200231495
2025-07-28 16:05:00+00:00,100237.65200231495
2025-07-28 16:06:00+00:00,100239.64792325455
2025-07-28 16:07:00+00:00,100246.71041273315
2025-07-28 16:08:00+00:00,100237.11463898505
2025-07-28 16:09:00+00:00,100227.64680888693
2025-07-28 16:10:00+00:00,100244.27948338364
2025-07-28 16:11:00+00:00,100232.50866758596
2025-07-28 16:12:00+00:00,100231.56188457615
2025-07-28 16:13:00+00:00,100242.56503847399
2025-07-28 16:14:00+00:00,100243.23034545385
2025-07-28 16:15:00+00:00,100260.04214106052
2025-07-28 16:16:00+00:00,100272.93886097797
2025-07-28 16:17:00+00:00,100266.49050101926
2025-07-28 16:18:00+00:00,100247.32454225303
2025-07-28 16:19:00+00:00,100252.49346571202
2025-07-28 16:20:00+00:00,100252.44228825203
2025-07-28 16:21:00+00:00,100244.79125798354
2025-07-28 16:22:00+00:00,100237.77994596492
2025-07-28 16:23:00+00:00,100260.65627058041
2025-07-28 16:24:00+00:00,100259.6071326506
2025-07-28 16:25:00+00:00,100275.54891143746
2025-07-28 16:26:00+00:00,100276.95629158718
2025-07-28 16:27:00+00:00,100285.32380629554
2025-07-28 16:28:00+00:00,100304.61770871172
2025-07-28 16:29:00+00:00,100297.52963050312
2025-07-28 16:30:00+00:00,100299.90938239265
2025-07-28 16:31:00+00:00,100294.48457163373
2025-07-28 16:32:00+00:00,100271.40353717828
2025-07-28 16:33:00+00:00,100279.54075331667
2025-07-28 16:34:00+00:00,100290.26243118456
2025-07-28 16:35:00+00:00,100315.41615276958
2025-07-28 16:36:00+00:00,100305.69243537151
2025-07-28 16:37:00+00:00,100302.2635455522
2025-07-28 16:38:00+00:00,100297.52963050312
2025-07-28 16:39:00+00:00,100290.87656070443
2025-07-28 16:40:00+00:00,100302.57061031213
2025-07-28 16:41:00+00:00,100303.54298205193
2025-07-28 16:42:00+00:00,100305.20624950161
2025-07-28 16:43:00+00:00,100302.64737650211
2025-07-28 16:44:00+00:00,100306.71598457132
2025-07-28 16:45:00+00:00,100305.64125791153
2025-07-28 16:46:00+00:00,100308.25130837101
2025-07-28 16:47:00+00:00,100311.2963672404
2025-07-28 16:48:00+00:00,100308.25130837101
2025-07-28 16:49:00+00:00,100319.45917210879
2025-07-28 16:50:00+00:00,100295.0987011536
2025-07-28 16:51:00+00:00,100277.46806618708
2025-07-28 16:52:00+00:00,100242.76974831393
2025-07-28 16:53:00+00:00,100247.60601828298
2025-07-28 16:54:00+00:00,100230.99893251626
2025-07-28 16:55:00+00:00,100227.92828491687
2025-07-28 16:56:00+00:00,100230.20568188642
2025-07-28 16:57:00+00:00,100232.50866758596
2025-07-28 16:58:00+00:00,100229.92420585647
2025-07-28 16:59:00+00:00,100229.77067347651
2025-07-28 17:00:00+00:00,100230.87098886629
2025-07-28 17:01:00+00:00,100218.46045481873
2025-07-28 17:02:00+00:00,100223.7061444677
2025-07-28 17:03:00+00:00,100222.78495018788
2025-07-28 17:04:00+00:00,100232.99485345586
2025-07-28 17:05:00+00:00,100220.71226305829
2025-07-28 17:06:00+00:00,100215.0827424594
2025-07-28 17:07:00+00:00,100221.47992495814
2025-07-28 17:08:00+00:00,100214.5965565895
2025-07-28 17:09:00+00:00,100216.25982403917
2025-07-28 17:10:00+00:00,100217.6416154589
2025-07-28 17:11:00+00:00,100215.26186356937
2025-07-28 17:12:00+00:00,100219.68871385849
2025-07-28 17:13:00+00:00,100199.75509319243
2025-07-28 17:14:00+00:00,100188.52164072465
2025-07-28 17:15:00+00:00,100148.09144733264
2025-07-28 17:16:00+00:00,100153.3115482516
2025-07-28 17:17:00+00:00,100164.9288316693
2025-07-28 17:18:00+00:00,100142.92252387365
2025-07-28 17:19:00+00:00,100149.08940780243
2025-07-28 17:20:00+00:00,100157.66163235073
2025-07-28 17:21:00+00:00,100163.87969373951
2025-07-28 17:22:00+00:00,100159.29931107041
2025-07-28 17:23:00+00:00,100166.9759300689
2025-07-28 17:24:00+00:00,100183.89008059556
2025-07-28 17:25:00+00:00,100198.70595526263
2025-07-28 17:26:00+00:00,100205.4869687113
2025-07-28 17:27:00+00:00,100203.33751539173
2025-07-28 17:28:00+00:00,100218.86987449866
2025-07-28 17:29:00+00:00,100231.53629584616
2025-07-28 17:30:00+00:00,100242.23238498405
2025-07-28 17:31:00+00:00,100216.54130006912
2025-07-28 17:32:00+00:00,100220.58431940831
2025-07-28 17:33:00+00:00,100205.89638839122
2025-07-28 17:34:00+00:00,100207.20141362096
2025-07-28 17:35:00+00:00,100218.69075338868
2025-07-28 17:36:00+00:00,100188.52164072465
2025-07-28 17:37:00+00:00,100194.63734719343
2025-07-28 17:38:00+00:00,100195.78884004321
2025-07-28 17:39:00+00:00,100211.0141343902
2025-07-28 17:40:00+00:00,100195.14912179334
2025-07-28 17:41:00+00:00,100184.40185519547
2025-07-28 17:42:00+00:00,100189.49401246445
2025-07-28 17:43:00+00:00,100180.81943299617
2025-07-28 17:44:00+00:00,100190.54315039425
2025-07-28 17:45:00+00:00,100172.93810415773
2025-07-28 17:46:00+00:00,100171.09571559809
2025-07-28 17:47:00+00:00,100156.305429661
2025-07-28 17:48:00+00:00,100176.0855179471
2025-07-28 17:49:00+00:00,100154.20715380143
2025-07-28 17:50:00+00:00,100150.13854573223
2025-07-28 17:51:00+00:00,100140.21011849419
2025-07-28 17:52:00+00:00,100143.94607307344
2025-07-28 17:53:00+00:00,100148.57763320254
2025-07-28 17:54:00+00:00,100149.60118240233
2025-07-28 17:55:00+00:00,100145.48139687315
2025-07-28 17:56:00+00:00,100147.01672067284
2025-07-28 17:57:00+00:00,100139.36569040435
2025-07-28 17:58:00+00:00,100135.27149360516
2025-07-28 17:59:00+00:00,100140.90101420405
2025-07-28 18:00:00+00:00,100139.36569040435
2025-07-28 18:01:00+00:00,100134.75971900526
2025-07-28 18:02:00+00:00,100138.85391580446
2025-07-28 18:03:00+00:00,100122.50271733769
2025-07-28 18:04:00+00:00,100118.40852053849
2025-07-28 18:05:00+00:00,100099.72874764218
2025-07-28 18:06:00+00:00,100099.95904621214
2025-07-28 18:07:00+00:00,100124.88246922722
2025-07-28 18:08:00+00:00,100124.26833970734
2025-07-28 18:09:00+00:00,100107.2774229907
2025-07-28 18:10:00+00:00,100118.30616561852
2025-07-28 18:11:00+00:00,100148.57763320254
2025-07-28 18:12:00+00:00,100153.20919333163
2025-07-28 18:13:00+00:00,100170.55835226818
2025-07-28 18:14:00+00:00,100168.17860037867
2025-07-28 18:15:00+00:00,100170.07216639828
2025-07-28 18:16:00+00:00,100141.43837753395
2025-07-28 18:17:00+00:00,100137.34418073476
2025-07-28 18:18:00+00:00,100129.66756173628
2025-07-28 18:19:00+00:00,100094.5086467232
2025-07-28 18:20:00+00:00,100097.37458448265
2025-07-28 18:21:00+00:00,100102.51791921163
2025-07-28 18:22:00+00:00,100120.37885274811
2025-07-28 18:23:00+00:00,100115.79847007901
2025-07-28 18:24:00+00:00,100122.98890320759
2025-07-28 18:25:00+00:00,100124.49863827729
2025-07-28 18:26:00+00:00,100117.64085863865
2025-07-28 18:27:00+00:00,100111.72986200982
2025-07-28 18:28:00+00:00,100110.29689313009
2025-07-28 18:29:00+00:00,100111.52515216985
2025-07-28 18:30:00+00:00,100100.98259541193
2025-07-28 18:31:00+00:00,100091.92418499372
2025-07-28 18:32:00+00:00,100092.20566102366
2025-07-28 18:33:00+00:00,100088.00910930449
2025-07-28 18:34:00+00:00,100082.45635489559
2025-07-28 18:35:00+00:00,100092.46154832361
2025-07-28 18:36:00+00:00,100105.40944570105
2025-07-28 18:37:00+00:00,100105.99798649094
2025-07-28 18:38:00+00:00,100104.1555979313
2025-07-28 18:39:00+00:00,100127.0319225468
2025-07-28 18:40:00+00:00,100146.32582496299
2025-07-28 18:41:00+00:00,100147.11907559283
2025-07-28 18:42:00+00:00,100162.49790231978
2025-07-28 18:43:00+00:00,100168.40889894862
2025-07-28 18:44:00+00:00,100157.66163235073
2025-07-28 18:45:00+00:00,100145.7116954431
2025-07-28 18:46:00+00:00,100151.62269207193
2025-07-28 18:47:00+00:00,100138.11184263461
2025-07-28 18:48:00+00:00,100145.68610671311
2025-07-28 18:49:00+00:00,100151.39239350197
2025-07-28 18:50:00+00:00,100168.5624313286
2025-07-28 18:51:00+00:00,100189.44283500446
2025-07-28 18:52:00+00:00,100168.0506567287
2025-07-28 18:53:00+00:00,100179.53999649642
2025-07-28 18:54:00+00:00,100171.63307892799
2025-07-28 18:55:00+00:00,100170.45599734821
2025-07-28 18:56:00+00:00,100176.72523619697
2025-07-28 18:57:00+00:00,100182.30357933587
2025-07-28 18:58:00+00:00,100160.80904614012
2025-07-28 18:59:00+00:00,100169.96981147831
2025-07-28 19:00:00+00:00,100181.94533711595
2025-07-28 19:01:00+00:00,100177.90231777675
2025-07-28 19:02:00+00:00,100182.63623282581
2025-07-28 19:03:00+00:00,100235.06754058546
2025-07-28 19:04:00+00:00,100245.27744385344
2025-07-28 19:05:00+00:00,100260.27243963048
2025-07-28 19:06:00+00:00,100266.13225879932
2025-07-28 19:07:00+00:00,100270.91735130838
2025-07-28 19:08:00+00:00,100228.92624538667
2025-07-28 19:09:00+00:00,100248.0666154229
2025-07-28 19:10:00+00:00,100252.49346571202
2025-07-28 19:11:00+00:00,100264.87841102957
2025-07-28 19:12:00+00:00,100259.6327213806
2025-07-28 19:13:00+00:00,100266.49050101926
2025-07-28 19:14:00+00:00,100260.65627058041
2025-07-28 19:15:00+00:00,100277.03305777717
2025-07-28 19:16:00+00:00,100255.30822601146
2025-07-28 19:17:00+00:00,100281.74138409624
2025-07-28 19:18:00+00:00,100265.2878307095
2025-07-28 19:19:00+00:00,100254.1055557017
2025-07-28 19:20:00+00:00,100252.44228825203
2025-07-28 19:21:00+00:00,100269.86821337859
2025-07-28 19:22:00+00:00,100261.6798197802
2025-07-28 19:23:00+00:00,100257.58562298102
2025-07-28 19:24:00+00:00,100266.79756577918
2025-07-28 19:25:00+00:00,100263.88045055977
2025-07-28 19:26:00+00:00,100270.3799879785
2025-07-28 19:27:00+00:00,100271.3523597183
2025-07-28 19:28:00+00:00,100261.01451280034
2025-07-28 19:29:00+00:00,100249.90900398252
2025-07-28 19:30:00+00:00,100207.45730092091
2025-07-28 19:31:00+00:00,100217.6416154589
2025-07-28 19:32:00+00:00,100222.34994177797
2025-07-28 19:33:00+00:00,100215.21068610938
2025-07-28 19:34:00+00:00,100203.23516047174
2025-07-28 19:35:00+00:00,100212.75416802986
2025-07-28 19:36:00+00:00,100207.43171219091
2025-07-28 19:37:00+00:00,100199.78068192242
2025-07-28 19:38:00+00:00,100196.17267099314
2025-07-28 19:39:00+00:00,100186.44895359506
2025-07-28 19:40:00+00:00,100194.25351624351
2025-07-28 19:41:00+00:00,100192.3599502239
2025-07-28 19:42:00+00:00,100184.40185519547
2025-07-28 19:43:00+00:00,100169.0230284685
2025-07-28 19:44:00+00:00,100142.97370133364
2025-07-28 19:45:00+00:00,100126.08513953698
2025-07-28 19:46:00+00:00,100116.3102446789
2025-07-28 19:47:00+00:00,100107.14947934072
2025-07-28 19:48:00+00:00,100112.90694358958
2025-07-28 19:49:00+00:00,100130.12815887618
2025-07-28 19:50:00+00:00,100135.78326820506
2025-07-28 19:51:00+00:00,100145.48139687315
2025-07-28 19:52:00+00:00,100178.31173745666
2025-07-28 19:53:00+00:00,100199.19214113255
2025-07-28 19:54:00+00:00,100209.45322186052
2025-07-28 19:55:00+00:00,100207.25259108095
2025-07-28 19:56:00+00:00,100211.44914280012
2025-07-28 19:57:00+00:00,100215.82481562925
2025-07-28 19:58:00+00:00,100231.45952965616
2025-07-28 19:59:00+00:00,100243.74212005374
2025-07-28 20:00:00+00:00,100235.06754058546
2025-07-28 20:01:00+00:00,100223.80849938768
2025-07-28 20:02:00+00:00,100228.92624538667
2025-07-28 20:03:00+00:00,100218.51163227872
2025-07-28 20:04:00+00:00,100230.3080368064
2025-07-28 20:05:00+00:00,100221.40315876815
2025-07-28 20:06:00+00:00,100190.03137579435
2025-07-28 20:07:00+00:00,100186.2954212151
2025-07-28 20:08:00+00:00,100205.5125574413
2025-07-28 20:09:00+00:00,100192.10406292394
2025-07-28 20:10:00+00:00,100181.89415965596
2025-07-28 20:11:00+00:00,100177.77437412678
2025-07-28 20:12:00+00:00,100158.83871393051
2025-07-28 20:13:00+00:00,100168.79272989855
2025-07-28 20:14:00+00:00,100166.10591324908
2025-07-28 20:15:00+00:00,100187.85633374477
2025-07-28 20:16:00+00:00,100172.11926479789
2025-07-28 20:17:00+00:00,100156.53572823097
2025-07-28 20:18:00+00:00,100165.31266261922
2025-07-28 20:19:00+00:00,100177.72319666678
2025-07-28 20:20:00+00:00,100164.54500071937
2025-07-28 20:21:00+00:00,100149.08940780243
2025-07-28 20:22:00+00:00,100140.03099738422
2025-07-28 20:23:00+00:00,100139.85187627426
2025-07-28 20:24:00+00:00,100150.67590906212
2025-07-28 20:25:00+00:00,100142.71781403369
2025-07-28 20:26:00+00:00,100122.50271733769
2025-07-28 20:27:00+00:00,100111.11573248994
2025-07-28 20:28:00+00:00,100113.23959707952
2025-07-28 20:29:00+00:00,100098.16783511249
2025-07-28 20:30:00+00:00,100116.3358334089
2025-07-28 20:31:00+00:00,100128.61842380647
2025-07-28 20:32:00+00:00,100143.94607307344
2025-07-28 20:33:00+00:00,100171.37719162804
2025-07-28 20:34:00+00:00,100176.49493762702
2025-07-28 20:35:00+00:00,100197.17063146294
2025-07-28 20:36:00+00:00,100211.0653118502
2025-07-28 20:37:00+00:00,100217.02748593902
2025-07-28 20:38:00+00:00,100195.66089639324
2025-07-28 20:39:00+00:00,100217.43690561893
2025-07-28 20:40:00+00:00,100221.63345733812
2025-07-28 20:41:00+00:00,100201.80219159203
2025-07-28 20:42:00+00:00,100200.52275509227
2025-07-28 20:43:00+00:00,100201.31600572212
2025-07-28 20:44:00+00:00,100185.42540439527
2025-07-28 20:45:00+00:00,100198.57801161267
2025-07-28 20:46:00+00:00,100210.5023597903
2025-07-28 20:47:00+00:00,100193.07643466374
2025-07-28 20:48:00+00:00,100194.12557259353
2025-07-28 20:49:00+00:00,100182.86653139576
2025-07-28 20:50:00+00:00,100191.41316721408
2025-07-28 20:51:00+00:00,100194.09998386355
2025-07-28 20:52:00+00:00,100180.1285372863
2025-07-28 20:53:00+00:00,100191.84817562399
2025-07-28 20:54:00+00:00,100222.7081839979
2025-07-28 20:55:00+00:00,100243.61417640376
2025-07-28 20:56:00+00:00,100223.91085430766
2025-07-28 20:57:00+00:00,100230.48715791636
2025-07-28 20:58:00+00:00,100226.39296111718
2025-07-28 20:59:00+00:00,100236.09108978526
2025-07-28 21:00:00+00:00,100236.62845311515
2025-07-28 21:01:00+00:00,100239.69910071454
2025-07-28 21:02:00+00:00,100252.85170793194
2025-07-28 21:03:00+00:00,100261.85894089018
2025-07-28 21:04:00+00:00,100269.35643877869
2025-07-28 21:05:00+00:00,100262.67778025
2025-07-28 21:06:00+00:00,100263.08719992993
2025-07-28 21:07:00+00:00,100246.60805781318
2025-07-28 21:08:00+00:00,100239.18732611465
2025-07-28 21:09:00+00:00,100216.6436549891
2025-07-28 21:10:00+00:00,100217.71838164888
2025-07-28 21:11:00+00:00,100240.15969785445
2025-07-28 21:12:00+00:00,100240.21087531444
2025-07-28 21:13:00+00:00,100236.3981545452
2025-07-28 21:14:00+00:00,100239.05938246468
2025-07-28 21:15:00+00:00,100252.67258682198
2025-07-28 21:16:00+00:00,100253.69613602178
2025-07-28 21:17:00+00:00,100265.7484278494
2025-07-28 21:18:00+00:00,100263.16396611992
2025-07-28 21:19:00+00:00,100263.11278865993
2025-07-28 21:20:00+00:00,100252.44228825203
2025-07-28 21:21:00+00:00,100248.34809145283
2025-07-28 21:22:00+00:00,100247.32454225303
2025-07-28 21:23:00+00:00,100229.56596363655
2025-07-28 21:24:00+00:00,100226.87914698708
2025-07-28 21:25:00+00:00,100216.13188038919
2025-07-28 21:26:00+00:00,100231.38276346619
2025-07-28 21:27:00+00:00,100246.01951702329
2025-07-28 21:28:00+00:00,100250.39518985242
2025-07-28 21:29:00+00:00,100248.85986605274
2025-07-28 21:30:00+00:00,100235.09312931546
2025-07-28 21:31:00+00:00,100250.85578699234
2025-07-28 21:32:00+00:00,100267.87229243899
2025-07-28 21:33:00+00:00,100269.99615702857
2025-07-28 21:34:00+00:00,100271.88972304818
2025-07-28 21:35:00+00:00,100283.35347408592
2025-07-28 21:36:00+00:00,100281.10166584636
2025-07-28 21:37:00+00:00,100276.67481555724
2025-07-28 21:38:00+00:00,100287.70355818507
2025-07-28 21:39:00+00:00,100286.24500057535
2025-07-28 21:40:00+00:00,100294.30545052377
2025-07-28 21:41:00+00:00,100294.91958004364
2025-07-28 21:42:00+00:00,100303.61974824192
2025-07-28 21:43:00+00:00,100308.73749424091
2025-07-28 21:44:00+00:00,100312.03844041025
2025-07-28 21:45:00+00:00,100312.03844041025
2025-07-28 21:46:00+00:00,100305.00153966165
2025-07-28 21:47:00+00:00,100301.36794000237
2025-07-28 21:48:00+00:00,100290.5694959445
2025-07-28 21:49:00+00:00,100273.47622430787
2025-07-28 21:50:00+00:00,100270.55910908844
2025-07-28 21:51:00+00:00,100261.88452962016
2025-07-28 21:52:00+00:00,100253.6449585618
2025-07-28 21:53:00+00:00,100237.44729247499
2025-07-28 21:54:00+00:00,100234.24870122562
2025-07-28 21:55:00+00:00,100222.29876431798
2025-07-28 21:56:00+00:00,100215.1083311894
2025-07-28 21:57:00+00:00,100215.13391991939
2025-07-28 21:58:00+00:00,100245.81480718334
2025-07-28 21:59:00+00:00,100255.33381474146
2025-07-28 22:00:00+00:00,100273.96241017777
2025-07-28 22:01:00+00:00,100281.9460939362
2025-07-28 22:02:00+00:00,100272.47826383807
2025-07-28 22:03:00+00:00,100283.68612757586
2025-07-28 22:04:00+00:00,100263.2151435799
2025-07-28 22:05:00+00:00,100278.95221252678
2025-07-28 22:06:00+00:00,100286.21941184535
2025-07-28 22:07:00+00:00,100285.70763724546
2025-07-28 22:08:00+00:00,100288.75269611485
2025-07-28 22:09:00+00:00,100262.70336898
2025-07-28 22:10:00+00:00,100262.70336898
2025-07-28 22:11:00+00:00,100244.17712846366
2025-07-28 22:12:00+00:00,100248.37368018283
2025-07-28 22:13:00+00:00,100251.95610238213
2025-07-28 22:14:00+00:00,100254.0287895117
2025-07-28 22:15:00+00:00,100259.6071326506
2025-07-28 22:16:00+00:00,100257.89268774095
2025-07-28 22:17:00+00:00,100268.84466417879
2025-07-28 22:18:00+00:00,100272.96444970797
2025-07-28 22:19:00+00:00,100252.16081222208
2025-07-28 22:20:00+00:00,100235.60490391534
2025-07-28 22:21:00+00:00,100234.55576598555
2025-07-28 22:22:00+00:00,100228.2097609468
2025-07-28 22:23:00+00:00,100225.36941191737
2025-07-28 22:24:00+00:00,100243.43505529381
2025-07-28 22:25:00+00:00,100246.35217051323
2025-07-28 22:26:00+00:00,100261.6798197802
2025-07-28 22:27:00+00:00,100267.2837516491
2025-07-28 22:28:00+00:00,100267.82111497899
2025-07-28 22:29:00+00:00,100259.6071326506
2025-07-28 22:30:00+00:00,100253.26112761187
2025-07-28 22:31:00+00:00,100234.53017725557
2025-07-28 22:32:00+00:00,100252.64699809198
2025-07-28 22:33:00+00:00,100244.27948338364
2025-07-28 22:34:00+00:00,100247.98984923291
2025-07-28 22:35:00+00:00,100243.23034545385
2025-07-28 22:36:00+00:00,100264.62252372962
2025-07-28 22:37:00+00:00,100267.15580799912
2025-07-28 22:38:00+00:00,100261.1680451803
2025-07-28 22:39:00+00:00,100225.49735556735
2025-07-28 22:40:00+00:00,100201.23923953214
2025-07-28 22:41:00+00:00,100187.60044644483
2025-07-28 22:42:00+00:00,100190.92698134418
2025-07-28 22:43:00+00:00,100170.58394099819
2025-07-28 22:44:00+00:00,100192.07847419394
2025-07-28 22:45:00+00:00,100173.47546748762
2025-07-28 22:46:00+00:00,100175.67609826718
2025-07-28 22:47:00+00:00,100168.81831862853
2025-07-28 22:48:00+00:00,100192.8717248238
2025-07-28 22:49:00+00:00,100198.09182574275
2025-07-28 22:50:00+00:00,100194.15116132353
2025-07-28 22:51:00+00:00,100214.0591932596
2025-07-28 22:52:00+00:00,100224.2690965276
2025-07-28 22:53:00+00:00,100208.96703599062
2025-07-28 22:54:00+00:00,100209.73469789047
2025-07-28 22:55:00+00:00,100193.63938672363
2025-07-28 22:56:00+00:00,100200.75305366224
2025-07-28 22:57:00+00:00,100189.00782659455
2025-07-28 22:58:00+00:00,100182.89212012576
2025-07-28 22:59:00+00:00,100191.02933626415
2025-07-28 23:00:00+00:00,100195.76325131321
2025-07-28 23:01:00+00:00,100190.59432785424
2025-07-28 23:02:00+00:00,100193.10202339375
2025-07-28 23:03:00+00:00,100182.32916806587
2025-07-28 23:04:00+00:00,100206.89434886102
2025-07-28 23:05:00+00:00,100215.69687197928
2025-07-28 23:06:00+00:00,100229.36125379658
2025-07-28 23:07:00+00:00,100227.54445396694
2025-07-28 23:08:00+00:00,100219.20252798859
2025-07-28 23:09:00+00:00,100211.52590899011
2025-07-28 23:10:00+00:00,100223.42466843776
2025-07-28 23:11:00+00:00,100220.73785178829
2025-07-28 23:12:00+00:00,100220.02136734842
2025-07-28 23:13:00+00:00,100206.5105179111
2025-07-28 23:14:00+00:00,100210.5023597903
2025-07-28 23:15:00+00:00,100219.68871385849
2025-07-28 23:16:00+00:00,100224.83204858747
2025-07-28 23:17:00+00:00,100228.95183411667
2025-07-28 23:18:00+00:00,100229.92420585647
2025-07-28 23:19:00+00:00,100239.72468944454
2025-07-28 23:20:00+00:00,100250.42077858243
2025-07-28 23:21:00+00:00,100261.85894089018
2025-07-28 23:22:00+00:00,100265.7996053094
2025-07-28 23:23:00+00:00,100261.98688454014
2025-07-28 23:24:00+00:00,100256.05029918131
2025-07-28 23:25:00+00:00,100229.59155236653
2025-07-28 23:26:00+00:00,100217.28337323897
2025-07-28 23:27:00+00:00,100227.31415539699
2025-07-28 23:28:00+00:00,100227.87710745688
2025-07-28 23:29:00+00:00,100218.69075338868
2025-07-28 23:30:00+00:00,100227.85151872688
2025-07-28 23:31:00+00:00,100238.9314388147
2025-07-28 23:32:00+00:00,100246.30099305324
2025-07-28 23:33:00+00:00,100246.65923527317
2025-07-28 23:34:00+00:00,100243.28152291384
2025-07-28 23:35:00+00:00,100230.94775505627
2025-07-28 23:36:00+00:00,100247.83631685293
2025-07-28 23:37:00+00:00,100246.83835638313
2025-07-28 23:38:00+00:00,100251.41873905223
2025-07-28 23:39:00+00:00,100253.23553888187
2025-07-28 23:40:00+00:00,100251.77698127215
2025-07-28 23:41:00+00:00,100248.65515621277
2025-07-28 23:42:00+00:00,100236.62845311515
2025-07-28 23:43:00+00:00,100234.01840265567
2025-07-28 23:44:00+00:00,100230.64069029634
2025-07-28 23:45:00+00:00,100238.64996278475
2025-07-28 23:46:00+00:00,100236.60286438515
2025-07-28 23:47:00+00:00,100246.14746067327
2025-07-28 23:48:00+00:00,100258.89064821076
2025-07-28 23:49:00+00:00,100258.07180885092
2025-07-28 23:50:00+00:00,100256.40854140124
2025-07-28 23:51:00+00:00,100240.10852039445
2025-07-28 23:52:00+00:00,100217.28337323897
2025-07-28 23:53:00+00:00,100208.5064388507
2025-07-28 23:54:00+00:00,100194.12557259353
2025-07-28 23:55:00+00:00,100182.81535393577
2025-07-28 23:56:00+00:00,100182.35475679586
2025-07-28 23:57:00+00:00,100199.24331859253
2025-07-28 23:58:00+00:00,100224.83204858747
2025-07-28 23:59:00+00:00,100243.74212005374
2025-07-29 00:00:00+00:00,100222.78495018788
2025-07-29 00:01:00+00:00,100213.5985961197
2025-07-29 00:02:00+00:00,100226.87914698708
2025-07-29 00:03:00+00:00,100250.39518985242
2025-07-29 00:04:00+00:00,100255.02674998151
2025-07-29 00:05:00+00:00,100249.14134208267
2025-07-29 00:06:00+00:00,100265.7740165794
2025-07-29 00:07:00+00:00,100275.72803254743
2025-07-29 00:08:00+00:00,100288.80387357484
2025-07-29 00:09:00+00:00,100279.15692236676
2025-07-29 00:10:00+00:00,100276.00950857738
2025-07-29 00:11:00+00:00,100284.70967677566
2025-07-29 00:12:00+00:00,100294.0751519538
2025-07-29 00:13:00+00:00,100292.38629577414
2025-07-29 00:14:00+00:00,100299.73026128269
2025-07-29 00:15:00+00:00,100301.57264984233
2025-07-29 00:16:00+00:00,100324.39779699782
2025-07-29 00:17:00+00:00,100326.64960523737
2025-07-29 00:18:00+00:00,100324.83280540773
2025-07-29 00:19:00+00:00,100297.37609812315
2025-07-29 00:20:00+00:00,100315.41615276958
2025-07-29 00:21:00+00:00,100327.18696856727
2025-07-29 00:22:00+00:00,100330.97410060652
2025-07-29 00:23:00+00:00,100334.32622423586
2025-07-29 00:24:00+00:00,100327.69874316716
2025-07-29 00:25:00+00:00,100329.38759934684
2025-07-29 00:26:00+00:00,100328.21051776706
2025-07-29 00:27:00+00:00,100325.31899127763
2025-07-29 00:28:00+00:00,100317.4120737092
2025-07-29 00:29:00+00:00,100287.26854977515
2025-07-29 00:30:00+00:00,100267.79552624898
2025-07-29 00:31:00+00:00,100273.98799890777
2025-07-29 00:32:00+00:00,100294.97075750363
2025-07-29 00:33:00+00:00,100260.6818593104
2025-07-29 00:34:00+00:00,100178.28614872668
2025-07-29 00:35:00+00:00,100198.21976939273
2025-07-29 00:36:00+00:00,100184.91362979537
2025-07-29 00:37:00+00:00,100170.58394099819
2025-07-29 00:38:00+00:00,100182.02210330594
2025-07-29 00:39:00+00:00,100187.57485771483
2025-07-29 00:40:00+00:00,100140.90101420405
2025-07-29 00:41:00+00:00,100130.66552220608
2025-07-29 00:42:00+00:00,100116.59172070885
2025-07-29 00:43:00+00:00,100153.38831444159
2025-07-29 00:44:00+00:00,100149.8058922423
2025-07-29 00:45:00+00:00,100174.72931525737
2025-07-29 00:46:00+00:00,100197.68240606284
2025-07-29 00:47:00+00:00,100194.12557259353
2025-07-29 00:48:00+00:00,100189.57077865444
2025-07-29 00:49:00+00:00,100191.2852235641
2025-07-29 00:50:00+00:00,100203.23516047174
2025-07-29 00:51:00+00:00,100198.24535812273
2025-07-29 00:52:00+00:00,100204.87283919142
2025-07-29 00:53:00+00:00,100212.5494581899
2025-07-29 00:54:00+00:00,100198.68036653264
2025-07-29 00:55:00+00:00,100198.04064828277
2025-07-29 00:56:00+00:00,100211.52590899011
2025-07-29 00:57:00+00:00,100214.0591932596
2025-07-29 00:58:00+00:00,100215.26186356937
2025-07-29 00:59:00+00:00,100219.68871385849
2025-07-29 01:00:00+00:00,100216.13188038919
2025-07-29 01:01:00+00:00,100215.95275927923
2025-07-29 01:02:00+00:00,100188.93106040457
2025-07-29 01:03:00+00:00,100202.31396619193
2025-07-29 01:04:00+00:00,100225.85559778727
2025-07-29 01:05:00+00:00,100209.14615710058
2025-07-29 01:06:00+00:00,100199.9086255724
2025-07-29 01:07:00+00:00,100224.83204858747
2025-07-29 01:08:00+00:00,100243.25593418384
2025-07-29 01:09:00+00:00,100243.23034545385
2025-07-29 01:10:00+00:00,100248.37368018283
2025-07-29 01:11:00+00:00,100245.99392829329
2025-07-29 01:12:00+00:00,100250.39518985242
2025-07-29 01:13:00+00:00,100257.1250258411
2025-07-29 01:14:00+00:00,100245.81480718334
2025-07-29 01:15:00+00:00,100242.71857085395
2025-07-29 01:16:00+00:00,100254.51497538162
2025-07-29 01:17:00+00:00,100265.7484278494
2025-07-29 01:18:00+00:00,100269.86821337859
2025-07-29 01:19:00+00:00,100271.19882733832
2025-07-29 01:20:00+00:00,100270.91735130838
2025-07-29 01:21:00+00:00,100266.05549260933
2025-07-29 01:22:00+00:00,100270.89176257838
2025-07-29 01:23:00+00:00,100277.26335634713
2025-07-29 01:24:00+00:00,100281.15284330636
2025-07-29 01:25:00+00:00,100281.12725457636
2025-07-29 01:26:00+00:00,100286.27058930535
2025-07-29 01:27:00+00:00,100287.29413850515
2025-07-29 01:28:00+00:00,100280.20606029654
2025-07-29 01:29:00+00:00,100277.08423523715
2025-07-29 01:30:00+00:00,100286.09146819537
2025-07-29 01:31:00+00:00,100288.26651024495
2025-07-29 01:32:00+00:00,100287.26854977515
2025-07-29 01:33:00+00:00,100287.39649342513
2025-07-29 01:34:00+00:00,100275.31861286752
2025-07-29 01:35:00+00:00,100268.30730084889
2025-07-29 01:36:00+00:00,100270.35439924849
2025-07-29 01:37:00+00:00,100282.15080377617
2025-07-29 01:38:00+00:00,100269.66350353863
2025-07-29 01:39:00+00:00,100260.6818593104
2025-07-29 01:40:00+00:00,100263.7269181798
2025-07-29 01:41:00+00:00,100265.2622419795
2025-07-29 01:42:00+00:00,100266.51608974925
2025-07-29 01:43:00+00:00,100271.55706955826
2025-07-29 01:44:00+00:00,100261.7054085102
2025-07-29 01:45:00+00:00,100241.69502165414
2025-07-29 01:46:00+00:00,100249.96018144251
2025-07-29 01:47:00+00:00,100233.02044218587
2025-07-29 01:48:00+00:00,100230.25685934641
2025-07-29 01:49:00+00:00,100224.80645985749
2025-07-29 01:50:00+00:00,100235.9119686753
2025-07-29 01:51:00+00:00,100230.97334378626
2025-07-29 01:52:00+00:00,100226.39296111718
2025-07-29 01:53:00+00:00,100215.67128324928
2025-07-29 01:54:00+00:00,100208.45526139071
2025-07-29 01:55:00+00:00,100206.89434886102
2025-07-29 01:56:00+00:00,100189.49401246445
2025-07-29 01:57:00+00:00,100189.51960119445
2025-07-29 01:58:00+00:00,100171.65866765798
2025-07-29 01:59:00+00:00,100168.5624313286
2025-07-29 02:00:00+00:00,100166.489744199
2025-07-29 02:01:00+00:00,100182.84094266576
2025-07-29 02:02:00+00:00,100196.68444559304
2025-07-29 02:03:00+00:00,100186.06512264513
2025-07-29 02:04:00+00:00,100178.23497126668
2025-07-29 02:05:00+00:00,100199.21772986253
2025-07-29 02:06:00+00:00,100186.98631692494
2025-07-29 02:07:00+00:00,100190.51756166425
2025-07-29 02:08:00+00:00,100185.39981566527
2025-07-29 02:09:00+00:00,100193.76733037361
2025-07-29 02:10:00+00:00,100211.52590899011
2025-07-29 02:11:00+00:00,100192.07847419394
2025-07-29 02:12:00+00:00,100193.89527402358
2025-07-29 02:13:00+00:00,100195.09794433335
2025-07-29 02:14:00+00:00,100200.31804525232
2025-07-29 02:15:00+00:00,100186.98631692494
2025-07-29 02:16:00+00:00,100155.20511427123
2025-07-29 02:17:00+00:00,100139.90305373425
2025-07-29 02:18:00+00:00,100085.80847852492
2025-07-29 02:19:00+00:00,100095.83926068294
2025-07-29 02:20:00+00:00,100138.82832707446
2025-07-29 02:21:00+00:00,100140.36365087415
2025-07-29 02:22:00+00:00,100133.27557266556
2025-07-29 02:23:00+00:00,100123.01449193759
2025-07-29 02:24:00+00:00,100143.97166180344
2025-07-29 02:25:00+00:00,100154.87246078129
2025-07-29 02:26:00+00:00,100164.41705706941
2025-07-29 02:27:00+00:00,100187.95868866476
2025-07-29 02:28:00+00:00,100189.44283500446
2025-07-29 02:29:00+00:00,100199.21772986253
2025-07-29 02:30:00+00:00,100176.75082492697
2025-07-29 02:31:00+00:00,100202.08366762198
2025-07-29 02:32:00+00:00,100205.4102025213
2025-07-29 02:33:00+00:00,100212.52386945991
2025-07-29 02:34:00+00:00,100214.5965565895
2025-07-29 02:35:00+00:00,100193.05084593376
2025-07-29 02:36:00+00:00,100180.41001331624
2025-07-29 02:37:00+00:00,100193.30673323371
2025-07-29 02:38:00+00:00,100167.61564831878
2025-07-29 02:39:00+00:00,100181.33120759607
2025-07-29 02:40:00+00:00,100174.19195192748
2025-07-29 02:41:00+00:00,100184.04361297554
2025-07-29 02:42:00+00:00,100192.8205473638
2025-07-29 02:43:00+00:00,100215.6201057893
2025-07-29 02:44:00+00:00,100215.95275927923
2025-07-29 02:45:00+00:00,100233.96722519567
2025-07-29 02:46:00+00:00,100234.50458852557
2025-07-29 02:47:00+00:00,100229.92420585647
2025-07-29 02:48:00+00:00,100220.20048845839
2025-07-29 02:49:00+00:00,100240.10852039445
2025-07-29 02:50:00+00:00,100214.49420166953
2025-07-29 02:51:00+00:00,100198.29653558272
2025-07-29 02:52:00+00:00,100206.81758267104
2025-07-29 02:53:00+00:00,100214.31508055955
2025-07-29 02:54:00+00:00,100201.80219159203
2025-07-29 02:55:00+00:00,100205.38461379132
2025-07-29 02:56:00+00:00,100208.94144726061
2025-07-29 02:57:00+00:00,100216.6436549891
2025-07-29 02:58:00+00:00,100248.37368018283
2025-07-29 02:59:00+00:00,100249.39722938262
2025-07-29 03:00:00+00:00,100277.26335634713
2025-07-29 03:01:00+00:00,100286.73118644525
2025-07-29 03:02:00+00:00,100261.1936339103
2025-07-29 03:03:00+00:00,100276.00950857738
2025-07-29 03:04:00+00:00,100285.78440343545
2025-07-29 03:05:00+00:00,100294.43339417374
2025-07-29 03:06:00+00:00,100310.09369693065
2025-07-29 03:07:00+00:00,100320.02212416868
2025-07-29 03:08:00+00:00,100338.52277595503
2025-07-29 03:09:00+00:00,100325.62605603758
2025-07-29 03:10:00+00:00,100330.99968933652
2025-07-29 03:11:00+00:00,100314.85320070971
2025-07-29 03:12:00+00:00,100316.95147656929
2025-07-29 03:13:00+00:00,100323.06718303807
2025-07-29 03:14:00+00:00,100329.23406696686
2025-07-29 03:15:00+00:00,100301.00969778243
2025-07-29 03:16:00+00:00,100310.96371375048
2025-07-29 03:17:00+00:00,100311.27077851041
2025-07-29 03:18:00+00:00,100298.01581637302
2025-07-29 03:19:00+00:00,100295.86636305346
2025-07-29 03:20:00+00:00,100307.66276758112
2025-07-29 03:21:00+00:00,100311.47548835038
2025-07-29 03:22:00+00:00,100309.22368011082
2025-07-29 03:23:00+00:00,100317.56560608916
2025-07-29 03:24:00+00:00,100317.56560608916
2025-07-29 03:25:00+00:00,100320.63625368856
2025-07-29 03:26:00+00:00,100321.07126209847
2025-07-29 03:27:00+00:00,100304.13152284181
2025-07-29 03:28:00+00:00,100310.3239955006
2025-07-29 03:29:00+00:00,100314.21348245983
2025-07-29 03:30:00+00:00,100318.94739750889
2025-07-29 03:31:00+00:00,100327.16137983727
2025-07-29 03:32:00+00:00,100310.01693074066
2025-07-29 03:33:00+00:00,100309.12132519083
2025-07-29 03:34:00+00:00,100310.3495842306
2025-07-29 03:35:00+00:00,100295.0987011536
2025-07-29 03:36:00+00:00,100292.33511831415
2025-07-29 03:37:00+00:00,100303.49180459195
2025-07-29 03:38:00+00:00,100315.95351609949
2025-07-29 03:39:00+00:00,100327.18696856727
2025-07-29 03:40:00+00:00,100337.1665732653
2025-07-29 03:41:00+00:00,100339.95574483475
2025-07-29 03:42:00+00:00,100350.21682556272
2025-07-29 03:43:00+00:00,100355.23221664173
2025-07-29 03:44:00+00:00,100354.56690966187
2025-07-29 03:45:00+00:00,100353.41541681209
2025-07-29 03:46:00+00:00,100386.37370104558
2025-07-29 03:47:00+00:00,100403.82521490214
2025-07-29 03:48:00+00:00,100402.90402062231
2025-07-29 03:49:00+00:00,100383.7124731261
2025-07-29 03:50:00+00:00,100380.87212409667
2025-07-29 03:51:00+00:00,100396.25095082363
2025-07-29 03:52:00+00:00,100392.8732384643
2025-07-29 03:53:00+00:00,100416.56840243962
2025-07-29 03:54:00+00:00,100401.41987428261
2025-07-29 03:55:00+00:00,100410.60622835079
2025-07-29 03:56:00+00:00,100416.74752354958
2025-07-29 03:57:00+00:00,100426.44565221766
2025-07-29 03:58:00+00:00,100427.49479014747
2025-07-29 03:59:00+00:00,100421.76291462859
2025-07-29 04:00:00+00:00,100429.54188854706
2025-07-29 04:01:00+00:00,100418.61550083922
2025-07-29 04:02:00+00:00,100403.90198109212
2025-07-29 04:03:00+00:00,100413.54893230021
2025-07-29 04:04:00+00:00,100417.74548401938
2025-07-29 04:05:00+00:00,100423.09352858833
2025-07-29 04:06:00+00:00,100421.58379351863
2025-07-29 04:07:00+00:00,100403.9787472821
2025-07-29 04:08:00+00:00,100399.52630826298
2025-07-29 04:09:00+00:00,100407.84264551134
2025-07-29 04:10:00+00:00,100409.91533264093
2025-07-29 04:11:00+00:00,100410.0176875609
2025-07-29 04:12:00+00:00,100412.26949580047
2025-07-29 04:13:00+00:00,100412.6277380204
2025-07-29 04:14:00+00:00,100419.81817114897
2025-07-29 04:15:00+00:00,100387.90902484528
2025-07-29 04:16:00+00:00,100372.22313335838
2025-07-29 04:17:00+00:00,100378.10854125721
2025-07-29 04:18:00+00:00,100389.44434864497
2025-07-29 04:19:00+00:00,100388.59992055513
2025-07-29 04:20:00+00:00,100393.69207782413
2025-07-29 04:21:00+00:00,100392.18234275443
2025-07-29 04:22:00+00:00,100385.14544200583
2025-07-29 04:23:00+00:00,100392.66852862434
2025-07-29 04:24:00+00:00,100393.53854544417
2025-07-29 04:25:00+00:00,100393.20589195423
2025-07-29 04:26:00+00:00,100394.12708623405
2025-07-29 04:27:00+00:00,100391.15879355464
2025-07-29 04:28:00+00:00,100379.41356648695
2025-07-29 04:29:00+00:00,100392.8732384643
2025-07-29 04:30:00+00:00,100392.4126413244
2025-07-29 04:31:00+00:00,100370.17603495877
2025-07-29 04:32:00+00:00,100375.88232174766
2025-07-29 04:33:00+00:00,100390.62143022474
2025-07-29 04:34:00+00:00,100372.29989954836
2025-07-29 04:35:00+00:00,100377.57117792731
2025-07-29 04:36:00+00:00,100369.35719559895
2025-07-29 04:37:00+00:00,100378.85061442707
2025-07-29 04:38:00+00:00,100380.38593822677
2025-07-29 04:39:00+00:00,100391.13320482464
2025-07-29 04:40:00+00:00,100393.20589195423
2025-07-29 04:41:00+00:00,100378.36442855716
2025-07-29 04:42:00+00:00,100364.54651435988
2025-07-29 04:43:00+00:00,100366.08183815959
2025-07-29 04:44:00+00:00,100358.71228392105
2025-07-29 04:45:00+00:00,100361.9620526304
2025-07-29 04:46:00+00:00,100373.16991636819
2025-07-29 04:47:00+00:00,100361.98764136039
2025-07-29 04:48:00+00:00,100357.63755726126
2025-07-29 04:49:00+00:00,100348.96297779297
2025-07-29 04:50:00+00:00,100335.37536216565
2025-07-29 04:51:00+00:00,100337.39687183526
2025-07-29 04:52:00+00:00,100336.57803247542
2025-07-29 04:53:00+00:00,100359.88936550081
2025-07-29 04:54:00+00:00,100358.916993761
2025-07-29 04:55:00+00:00,100342.54020656424
2025-07-29 04:56:00+00:00,100346.17380622352
2025-07-29 04:57:00+00:00,100367.07979862939
2025-07-29 04:58:00+00:00,100356.15341092154
2025-07-29 04:59:00+00:00,100360.9640921606
2025-07-29 05:00:00+00:00,100363.47178770011
2025-07-29 05:01:00+00:00,100368.97336464902
2025-07-29 05:02:00+00:00,100371.66018129849
2025-07-29 05:03:00+00:00,100367.13097608938
2025-07-29 05:04:00+00:00,100384.45454629596
2025-07-29 05:05:00+00:00,100388.93257404507
2025-07-29 05:06:00+00:00,100397.19773383345
2025-07-29 05:07:00+00:00,100411.52742263062
2025-07-29 05:08:00+00:00,100419.1784528991
2025-07-29 05:09:00+00:00,100415.21219974989
2025-07-29 05:10:00+00:00,100412.01360850052
2025-07-29 05:11:00+00:00,100409.99209883092
2025-07-29 05:12:00+00:00,100405.48848235181
2025-07-29 05:13:00+00:00,100407.5611694814
2025-07-29 05:14:00+00:00,100395.79035368373
2025-07-29 05:15:00+00:00,100367.79628306924
2025-07-29 05:16:00+00:00,100375.57525698771
2025-07-29 05:17:00+00:00,100380.2324058468
2025-07-29 05:18:00+00:00,100378.33883982716
2025-07-29 05:19:00+00:00,100387.57637135535
2025-07-29 05:20:00+00:00,100394.74121575392
2025-07-29 05:21:00+00:00,100394.25502988402
2025-07-29 05:22:00+00:00,100388.59992055513
2025-07-29 05:23:00+00:00,100384.50572375595
2025-07-29 05:24:00+00:00,100378.85061442707
2025-07-29 05:25:00+00:00,100383.48217455615
2025-07-29 05:26:00+00:00,100392.66852862434
2025-07-29 05:27:00+00:00,100381.30713250658
2025-07-29 05:28:00+00:00,100391.41468085459
2025-07-29 05:29:00+00:00,100390.64701895474
2025-07-29 05:30:00+00:00,100383.66129566611
2025-07-29 05:31:00+00:00,100385.01749835585
2025-07-29 05:32:00+00:00,100381.97243948645
2025-07-29 05:33:00+00:00,100403.92756982212
2025-07-29 05:34:00+00:00,100406.00025695171
2025-07-29 05:35:00+00:00,100408.0473553513
2025-07-29 05:36:00+00:00,100410.0944537509
2025-07-29 05:37:00+00:00,100410.6318170808
2025-07-29 05:38:00+00:00,100410.0944537509
2025-07-29 05:39:00+00:00,100416.2357489497
2025-07-29 05:40:00+00:00,100402.52018967239
2025-07-29 05:41:00+00:00,100411.1435916807
2025-07-29 05:42:00+00:00,100410.24798613087
2025-07-29 05:43:00+00:00,100409.0453158211
2025-07-29 05:44:00+00:00,100415.46808704984
2025-07-29 05:45:00+00:00,100423.37500461827
2025-07-29 05:46:00+00:00,100429.51629981706
2025-07-29 05:47:00+00:00,100433.63608534625
2025-07-29 05:48:00+00:00,100430.59102647685
2025-07-29 05:49:00+00:00,100425.95946634776
2025-07-29 05:50:00+00:00,100425.31974809789
2025-07-29 05:51:00+00:00,100423.37500461827
2025-07-29 05:52:00+00:00,100429.49071108707
2025-07-29 05:53:00+00:00,100433.22666566633
2025-07-29 05:54:00+00:00,100445.40690114393
2025-07-29 05:55:00+00:00,100438.4211778553
2025-07-29 05:56:00+00:00,100437.4488061155
2025-07-29 05:57:00+00:00,100432.63812487645
2025-07-29 05:58:00+00:00,100417.28488687948
2025-07-29 05:59:00+00:00,100430.66779266683
2025-07-29 06:00:00+00:00,100416.2357489497
2025-07-29 06:01:00+00:00,100418.25725861928
2025-07-29 06:02:00+00:00,100423.01676239834
2025-07-29 06:03:00+00:00,100423.42618207827
2025-07-29 06:04:00+00:00,100427.52037887747
2025-07-29 06:05:00+00:00,100434.63404581606
2025-07-29 06:06:00+00:00,100445.40690114393
2025-07-29 06:07:00+00:00,100438.26764547534
2025-07-29 06:08:00+00:00,100427.49479014747
2025-07-29 06:09:00+00:00,100418.48755718925
2025-07-29 06:10:00+00:00,100429.05570267716
2025-07-29 06:11:00+00:00,100437.19291881555
2025-07-29 06:12:00+00:00,100446.0210306638
2025-07-29 06:13:00+00:00,100445.89308701383
2025-07-29 06:14:00+00:00,100446.94222494362
2025-07-29 06:15:00+00:00,100450.49905841291
2025-07-29 06:16:00+00:00,100455.10502981201
2025-07-29 06:17:00+00:00,100462.67929389051
2025-07-29 06:18:00+00:00,100467.92498353947
2025-07-29 06:19:00+00:00,100475.60160253796
2025-07-29 06:20:00+00:00,100488.90774213534
2025-07-29 06:21:00+00:00,100488.62626610539
2025-07-29 06:22:00+00:00,100490.95484053493
2025-07-29 06:23:00+00:00,100497.58232160362
2025-07-29 06:24:00+00:00,100498.63145953341
2025-07-29 06:25:00+00:00,100486.32328040585
2025-07-29 06:26:00+00:00,100467.92498353947
2025-07-29 06:27:00+00:00,100469.38354114919
2025-07-29 06:28:00+00:00,100454.0814806122
2025-07-29 06:29:00+00:00,100460.248364541
2025-07-29 06:30:00+00:00,100468.94853273928
2025-07-29 06:31:00+00:00,100474.57805333816
2025-07-29 06:32:00+00:00,100480.71934853695
2025-07-29 06:33:00+00:00,100480.71934853695
2025-07-29 06:34:00+00:00,100469.46030733918
2025-07-29 06:35:00+00:00,100469.3067749592
2025-07-29 06:36:00+00:00,100475.55042507798
2025-07-29 06:37:00+00:00,100473.65685905835
2025-07-29 06:38:00+00:00,100478.28841918743
2025-07-29 06:39:00+00:00,100475.11541666806
2025-07-29 06:40:00+00:00,100457.7150802715
2025-07-29 06:41:00+00:00,100446.40486161373
2025-07-29 06:42:00+00:00,100452.05997094262
2025-07-29 06:43:00+00:00,100466.38965973978
2025-07-29 06:44:00+00:00,100476.26690951783
2025-07-29 06:45:00+00:00,100475.93425602789
2025-07-29 06:46:00+00:00,100462.32105167059
2025-07-29 06:47:00+00:00,100455.6679818719
2025-07-29 06:48:00+00:00,100462.34664040057
2025-07-29 06:49:00+00:00,100455.10502981201
2025-07-29 06:50:00+00:00,100460.248364541
2025-07-29 06:51:00+00:00,100459.1736378812
2025-07-29 06:52:00+00:00,100465.92906259987
2025-07-29 06:53:00+00:00,100473.34979429841
2025-07-29 06:54:00+00:00,100458.6874520113
2025-07-29 06:55:00+00:00,100455.156207272
2025-07-29 06:56:00+00:00,100442.79685068445
2025-07-29 06:57:00+00:00,100438.65147642526
2025-07-29 06:58:00+00:00,100427.49479014747
2025-07-29 06:59:00+00:00,100417.79666147937
2025-07-29 07:00:00+00:00,100436.80908786562
2025-07-29 07:01:00+00:00,100438.21646801534
2025-07-29 07:02:00+00:00,100451.95761602263
2025-07-29 07:03:00+00:00,100457.63831408152
2025-07-29 07:04:00+00:00,100465.16140070002
2025-07-29 07:05:00+00:00,100454.61884394211
2025-07-29 07:06:00+00:00,100459.1992266112
2025-07-29 07:07:00+00:00,100451.54819634272
2025-07-29 07:08:00+00:00,100454.43972283215
2025-07-29 07:09:00+00:00,100453.5952947423
2025-07-29 07:10:00+00:00,100443.87157734422
2025-07-29 07:11:00+00:00,100441.82447894463
2025-07-29 07:12:00+00:00,100434.3525697861
2025-07-29 07:13:00+00:00,100436.16936961575
2025-07-29 07:14:00+00:00,100438.21646801534
2025-07-29 07:15:00+00:00,100438.24205674534
2025-07-29 07:16:00+00:00,100433.61049661625
2025-07-29 07:17:00+00:00,100443.84598861422
2025-07-29 07:18:00+00:00,100447.40282208353
2025-07-29 07:19:00+00:00,100441.33829307473
2025-07-29 07:20:00+00:00,100442.79685068445
2025-07-29 07:21:00+00:00,100426.70153951761
2025-07-29 07:22:00+00:00,100425.47328047786
2025-07-29 07:23:00+00:00,100438.70265388525
2025-07-29 07:24:00+00:00,100432.3822375765
2025-07-29 07:25:00+00:00,100425.03827206795
2025-07-29 07:26:00+00:00,100427.90420982738
2025-07-29 07:27:00+00:00,100429.23482378712
2025-07-29 07:28:00+00:00,100435.68318374584
2025-07-29 07:29:00+00:00,100433.61049661625
2025-07-29 07:30:00+00:00,100442.87361687442
2025-07-29 07:31:00+00:00,100429.56747727706
2025-07-29 07:32:00+00:00,100448.42637128333
2025-07-29 07:33:00+00:00,100432.66371360644
2025-07-29 07:34:00+00:00,100442.64331830447
2025-07-29 07:35:00+00:00,100429.05570267716
2025-07-29 07:36:00+00:00,100420.53465558884
2025-07-29 07:37:00+00:00,100430.97485742677
2025-07-29 07:38:00+00:00,100428.54392807726
2025-07-29 07:39:00+00:00,100430.53984901686
2025-07-29 07:40:00+00:00,100435.17140914594
2025-07-29 07:41:00+00:00,100441.05681704478
2025-07-29 07:42:00+00:00,100437.24409627554
2025-07-29 07:43:00+00:00,100464.31697261019
2025-07-29 07:44:00+00:00,100474.01510127827
2025-07-29 07:45:00+00:00,100517.56711972968
2025-07-29 07:46:00+00:00,100550.57658142316
2025-07-29 07:47:00+00:00,100547.25004652381
2025-07-29 07:48:00+00:00,100522.17309112876
2025-07-29 07:49:00+00:00,100506.35925599189
2025-07-29 07:50:00+00:00,100508.48312058147
2025-07-29 07:51:00+00:00,100502.18829300272
2025-07-29 07:52:00+00:00,100482.25467233665
2025-07-29 07:53:00+00:00,100483.76440740636
2025-07-29 07:54:00+00:00,100478.92813743731
2025-07-29 07:55:00+00:00,100456.1541677418
2025-07-29 07:56:00+00:00,100447.45399954352
2025-07-29 07:57:00+00:00,100440.28915514494
2025-07-29 07:58:00+00:00,100447.42841081353
2025-07-29 07:59:00+00:00,100453.44176236234
2025-07-29 08:00:00+00:00,100448.45196001332
2025-07-29 08:01:00+00:00,100452.87881030244
2025-07-29 08:02:00+00:00,100464.13785150023
2025-07-29 08:03:00+00:00,100459.7365899411
2025-07-29 08:04:00+00:00,100474.98747301809
2025-07-29 08:05:00+00:00,100481.9476075767
2025-07-29 08:06:00+00:00,100481.71730900675
2025-07-29 08:07:00+00:00,100473.04272953847
2025-07-29 08:08:00+00:00,100470.22796923903
2025-07-29 08:09:00+00:00,100473.01714080847
2025-07-29 08:10:00+00:00,100469.20442003923
2025-07-29 08:11:00+00:00,100471.96800287868
2025-07-29 08:12:00+00:00,100474.04069000827
2025-07-29 08:13:00+00:00,100478.62107267737
2025-07-29 08:14:00+00:00,100478.03253188748
2025-07-29 08:15:00+00:00,100480.74493726695
2025-07-29 08:16:00+00:00,100473.09390699846
2025-07-29 08:17:00+00:00,100479.5166782272
2025-07-29 08:18:00+00:00,100475.37130396802
2025-07-29 08:19:00+00:00,100493.53930226443
2025-07-29 08:20:00+00:00,100491.44102640483
2025-07-29 08:21:00+00:00,100491.23631656487
2025-07-29 08:22:00+00:00,100485.76032834596
2025-07-29 08:23:00+00:00,100483.38057645643
2025-07-29 08:24:00+00:00,100482.28026106664
2025-07-29 08:25:00+00:00,100448.47754874332
2025-07-29 08:26:00+00:00,100451.54819634272
2025-07-29 08:27:00+00:00,100450.01287254301
2025-07-29 08:28:00+00:00,100439.77738054504
2025-07-29 08:29:00+00:00,100429.51629981706
2025-07-29 08:30:00+00:00,100433.09872201635
2025-07-29 08:31:00+00:00,100433.63608534625
2025-07-29 08:32:00+00:00,100452.05997094262
2025-07-29 08:33:00+00:00,100455.130618542
2025-07-29 08:34:00+00:00,100459.1992266112
2025-07-29 08:35:00+00:00,100453.62088347231
2025-07-29 08:36:00+00:00,100452.05997094262
2025-07-29 08:37:00+00:00,100448.11930652338
2025-07-29 08:38:00+00:00,100454.10706934221
2025-07-29 08:39:00+00:00,100455.10502981201
2025-07-29 08:40:00+00:00,100477.11133760767
2025-07-29 08:41:00+00:00,100474.09186746826
2025-07-29 08:42:00+00:00,100471.60976065876
2025-07-29 08:43:00+00:00,100475.422481428
2025-07-29 08:44:00+00:00,100477.11133760767
2025-07-29 08:45:00+00:00,100476.3948531678
2025-07-29 08:46:00+00:00,100473.14508445845
2025-07-29 08:47:00+00:00,100482.74085820655
2025-07-29 08:48:00+00:00,100482.07555122668
2025-07-29 08:49:00+00:00,100469.97208193908
2025-07-29 08:50:00+00:00,100457.2033056716
2025-07-29 08:51:00+00:00,100443.30862528433
2025-07-29 08:52:00+00:00,100437.73028214544
2025-07-29 08:53:00+00:00,100442.74567322445
2025-07-29 08:54:00+00:00,100429.56747727706
2025-07-29 08:55:00+00:00,100437.4232173855
2025-07-29 08:56:00+00:00,100448.96373461322
2025-07-29 08:57:00+00:00,100445.89308701383
2025-07-29 08:58:00+00:00,100444.38335194413
2025-07-29 08:59:00+00:00,100463.31901214039
2025-07-29 09:00:00+00:00,100462.50017278055
2025-07-29 09:01:00+00:00,100461.2463250108
2025-07-29 09:02:00+00:00,100467.43879766957
2025-07-29 09:03:00+00:00,100455.156207272
2025-07-29 09:04:00+00:00,100441.26152688474
2025-07-29 09:05:00+00:00,100453.0835201424
2025-07-29 09:06:00+00:00,100449.52668667311
2025-07-29 09:07:00+00:00,100455.6423931419
2025-07-29 09:08:00+00:00,100459.81335613108
2025-07-29 09:09:00+00:00,100469.05088765925
2025-07-29 09:10:00+00:00,100468.97412146928
2025-07-29 09:11:00+00:00,100455.130618542
2025-07-29 09:12:00+00:00,100448.01695160341
2025-07-29 09:13:00+00:00,100440.31474387493
2025-07-29 09:14:00+00:00,100437.73028214544
2025-07-29 09:15:00+00:00,100451.16436539279
2025-07-29 09:16:00+00:00,100433.68726280624
2025-07-29 09:17:00+00:00,100424.44973127806
2025-07-29 09:18:00+00:00,100422.37704414848
2025-07-29 09:19:00+00:00,100438.75383134524
2025-07-29 09:20:00+00:00,100452.1111484026
2025-07-29 09:21:00+00:00,100453.0835201424
2025-07-29 09:22:00+00:00,100447.63312065348
2025-07-29 09:23:00+00:00,100451.26672031276
2025-07-29 09:24:00+00:00,100469.46030733918
2025-07-29 09:25:00+00:00,100461.2463250108
2025-07-29 09:26:00+00:00,100451.03642174281
2025-07-29 09:27:00+00:00,100455.10502981201
2025-07-29 09:28:00+00:00,100460.248364541
2025-07-29 09:29:00+00:00,100460.248364541
2025-07-29 09:30:00+00:00,100453.03234268242
2025-07-29 09:31:00+00:00,100452.0855596726
2025-07-29 09:32:00+00:00,100447.99136287342
2025-07-29 09:33:00+00:00,100441.5174141847
2025-07-29 09:34:00+00:00,100454.26060172217
2025-07-29 09:35:00+00:00,100430.59102647685
2025-07-29 09:36:00+00:00,100428.41598442728
2025-07-29 09:37:00+00:00,100432.61253614645
2025-07-29 09:38:00+00:00,100424.96150587796
2025-07-29 09:39:00+00:00,100429.20923505712
2025-07-29 09:40:00+00:00,100430.56543774686
2025-07-29 09:41:00+00:00,100446.91663621363
2025-07-29 09:42:00+00:00,100437.19291881555
2025-07-29 09:43:00+00:00,100447.45399954352
2025-07-29 09:44:00+00:00,100460.09483216102
2025-07-29 09:45:00+00:00,100451.03642174281
2025-07-29 09:46:00+00:00,100457.2033056716
2025-07-29 09:47:00+00:00,100455.10502981201
2025-07-29 09:48:00+00:00,100440.82651847483
2025-07-29 09:49:00+00:00,100434.65963454604
2025-07-29 09:50:00+00:00,100440.82651847483
2025-07-29 09:51:00+00:00,100435.14582041596
2025-07-29 09:52:00+00:00,100436.73232167563
2025-07-29 09:53:00+00:00,100429.97689695697
2025-07-29 09:54:00+00:00,100429.03011394716
2025-07-29 09:55:00+00:00,100427.49479014747
2025-07-29 09:56:00+00:00,100429.61865473705
2025-07-29 09:57:00+00:00,100419.30639654907
2025-07-29 09:58:00+00:00,100425.57563539784
2025-07-29 09:59:00+00:00,100425.31974809789
2025-07-29 10:00:00+00:00,100434.63404581606
2025-07-29 10:01:00+00:00,100416.77311227958
2025-07-29 10:02:00+00:00,100409.76180026097
2025-07-29 10:03:00+00:00,100396.78831415353
2025-07-29 10:04:00+00:00,100418.79462194917
2025-07-29 10:05:00+00:00,100399.85896175292
2025-07-29 10:06:00+00:00,100391.64497942454
2025-07-29 10:07:00+00:00,100391.18438228463
2025-07-29 10:08:00+00:00,100386.01545882566
2025-07-29 10:09:00+00:00,100368.81983226904
2025-07-29 10:10:00+00:00,100369.63867162888
2025-07-29 10:11:00+00:00,100382.94481122626
2025-07-29 10:12:00+00:00,100396.78831415353
2025-07-29 10:13:00+00:00,100388.11373468523
2025-07-29 10:14:00+00:00,100375.29378095777
2025-07-29 10:15:00+00:00,100388.57433182515
2025-07-29 10:16:00+00:00,100402.36665729243
2025-07-29 10:17:00+00:00,100393.71766655413
2025-07-29 10:18:00+00:00,100399.85896175292
2025-07-29 10:19:00+00:00,100393.20589195423
2025-07-29 10:20:00+00:00,100398.86100128312
2025-07-29 10:21:00+00:00,100388.59992055513
2025-07-29 10:22:00+00:00,100374.27023175797
2025-07-29 10:23:00+00:00,100365.57006355969
2025-07-29 10:24:00+00:00,100378.28766236718
2025-07-29 10:25:00+00:00,100379.41356648695
2025-07-29 10:26:00+00:00,100374.27023175797
2025-07-29 10:27:00+00:00,100382.17714932641
2025-07-29 10:28:00+00:00,100385.47809549575
2025-07-29 10:29:00+00:00,100394.74121575392
2025-07-29 10:30:00+00:00,100388.57433182515
2025-07-29 10:31:00+00:00,100420.30435701887
2025-07-29 10:32:00+00:00,100416.74752354958
2025-07-29 10:33:00+00:00,100412.75568167037
2025-07-29 10:34:00+00:00,100416.21016021969
2025-07-29 10:35:00+00:00,100403.4925614122
2025-07-29 10:36:00+00:00,100395.27857908382
2025-07-29 10:37:00+00:00,100397.27450002343
2025-07-29 10:38:00+00:00,100376.6499836475
2025-07-29 10:39:00+00:00,100373.27227128817
2025-07-29 10:40:00+00:00,100364.00915103
2025-07-29 10:41:00+00:00,100361.27115692054
2025-07-29 10:42:00+00:00,100361.4758667605
2025-07-29 10:43:00+00:00,100356.8443066314
2025-07-29 10:44:00+00:00,100353.79924776201
2025-07-29 10:45:00+00:00,100358.32845297112
2025-07-29 10:46:00+00:00,100355.33457156172
2025-07-29 10:47:00+00:00,100347.65795256323
2025-07-29 10:48:00+00:00,100313.47140928998
2025-07-29 10:49:00+00:00,100340.46751943465
2025-07-29 10:50:00+00:00,100340.23722086468
2025-07-29 10:51:00+00:00,100328.72229236696
2025-07-29 10:52:00+00:00,100345.09907956373
2025-07-29 10:53:00+00:00,100355.76957997162
2025-07-29 10:54:00+00:00,100355.3601602917
2025-07-29 10:55:00+00:00,100355.66722505164
2025-07-29 10:56:00+00:00,100332.30471456626
2025-07-29 10:57:00+00:00,100317.97502576909
2025-07-29 10:58:00+00:00,100305.46213680157
2025-07-29 10:59:00+00:00,100306.79275076129
2025-07-29 11:00:00+00:00,100295.45694337353
2025-07-29 11:01:00+00:00,100275.98391984738
2025-07-29 11:02:00+00:00,100316.8747103793
2025-07-29 11:03:00+00:00,100302.64737650211
2025-07-29 11:04:00+00:00,100299.01377684282
2025-07-29 11:05:00+00:00,100304.15711157181
2025-07-29 11:06:00+00:00,100300.57468937253
2025-07-29 11:07:00+00:00,100297.50404177312
2025-07-29 11:08:00+00:00,100289.46918055472
2025-07-29 11:09:00+00:00,100295.45694337353
2025-07-29 11:10:00+00:00,100305.71802410152
2025-07-29 11:11:00+00:00,100317.97502576909
2025-07-29 11:12:00+00:00,100319.66388194876
2025-07-29 11:13:00+00:00,100327.77550935716
2025-07-29 11:14:00+00:00,100333.584151066
2025-07-29 11:15:00+00:00,100337.44804929524
2025-07-29 11:16:00+00:00,100333.99357074592
2025-07-29 11:17:00+00:00,100343.15433608412
2025-07-29 11:18:00+00:00,100344.33141766388
2025-07-29 11:19:00+00:00,100343.58934449403
2025-07-29 11:20:00+00:00,100335.6568381956
2025-07-29 11:21:00+00:00,100331.94647234633
2025-07-29 11:22:00+00:00,100348.2976708131
2025-07-29 11:23:00+00:00,100352.26392396231
2025-07-29 11:24:00+00:00,100347.09500050334
2025-07-29 11:25:00+00:00,100342.54020656424
2025-07-29 11:26:00+00:00,100350.21682556272
2025-07-29 11:27:00+00:00,100357.4072586913
2025-07-29 11:28:00+00:00,100356.3581207615
2025-07-29 11:29:00+00:00,100353.18511824214
2025-07-29 11:30:00+00:00,100353.82483649201
2025-07-29 11:31:00+00:00,100360.19643026075
2025-07-29 11:32:00+00:00,100354.8483856918
2025-07-29 11:33:00+00:00,100329.25965569686
2025-07-29 11:34:00+00:00,100326.70078269736
2025-07-29 11:35:00+00:00,100333.76327217597
2025-07-29 11:36:00+00:00,100338.42042103504
2025-07-29 11:37:00+00:00,100321.04567336848
2025-07-29 11:38:00+00:00,100325.77958841754
2025-07-29 11:39:00+00:00,100325.13987016768
2025-07-29 11:40:00+00:00,100314.8787894397
2025-07-29 11:41:00+00:00,100321.42950431841
2025-07-29 11:42:00+00:00,100333.30267503606
2025-07-29 11:43:00+00:00,100338.93219563494
2025-07-29 11:44:00+00:00,100339.6998575348
2025-07-29 11:45:00+00:00,100342.61697275421
2025-07-29 11:46:00+00:00,100329.77143029677
2025-07-29 11:47:00+00:00,100338.95778436495
2025-07-29 11:48:00+00:00,100342.25873053429
2025-07-29 11:49:00+00:00,100345.61085416363
2025-07-29 11:50:00+00:00,100351.21478603252
2025-07-29 11:51:00+00:00,100355.43692648169
2025-07-29 11:52:00+00:00,100360.4779062907
2025-07-29 11:53:00+00:00,100363.11354548017
2025-07-29 11:54:00+00:00,100357.66314599125
2025-07-29 11:55:00+00:00,100360.32437391073
2025-07-29 11:56:00+00:00,100366.56802402949
2025-07-29 11:57:00+00:00,100373.88640080804
2025-07-29 11:58:00+00:00,100378.36442855716
2025-07-29 11:59:00+00:00,100378.33883982716
2025-07-29 12:00:00+00:00,100375.31936968776
2025-07-29 12:01:00+00:00,100388.57433182515
2025-07-29 12:02:00+00:00,100391.64497942454
2025-07-29 12:03:00+00:00,100403.82521490214
2025-07-29 12:04:00+00:00,100389.23963880501
2025-07-29 12:05:00+00:00,100388.59992055513
2025-07-29 12:06:00+00:00,100392.54058497437
2025-07-29 12:07:00+00:00,100379.89975235685
2025-07-29 12:08:00+00:00,100365.57006355969
2025-07-29 12:09:00+00:00,100360.4523175607
2025-07-29 12:10:00+00:00,100355.8719348916
2025-07-29 12:11:00+00:00,100352.39186761228
2025-07-29 12:12:00+00:00,100363.80444119003
2025-07-29 12:13:00+00:00,100360.9385034306
2025-07-29 12:14:00+00:00,100352.80128729221
2025-07-29 12:15:00+00:00,100362.14117374037
2025-07-29 12:16:00+00:00,100371.71135875848
2025-07-29 12:17:00+00:00,100368.25688020916
2025-07-29 12:18:00+00:00,100365.57006355969
2025-07-29 12:19:00+00:00,100381.87008456647
2025-07-29 12:20:00+00:00,100382.45862535635
2025-07-29 12:21:00+00:00,100379.36238902697
2025-07-29 12:22:00+00:00,100401.62458412256
2025-07-29 12:23:00+00:00,100418.58991210922
2025-07-29 12:24:00+00:00,100417.2337094195
2025-07-29 12:25:00+00:00,100419.35757400907
2025-07-29 12:26:00+00:00,100462.26987421059
2025-07-29 12:27:00+00:00,100489.36833927524
2025-07-29 12:28:00+00:00,100483.30381026644
2025-07-29 12:29:00+00:00,100466.00582878986
2025-07-29 12:30:00+00:00,100446.94222494362
2025-07-29 12:31:00+00:00,100443.35980274432
2025-07-29 12:32:00+00:00,100425.93387761776
2025-07-29 12:33:00+00:00,100446.94222494362
2025-07-29 12:34:00+00:00,100454.13265807221
2025-07-29 12:35:00+00:00,100462.32105167059
2025-07-29 12:36:00+00:00,100463.29342341039
2025-07-29 12:37:00+00:00,100497.58232160362
2025-07-29 12:38:00+00:00,100500.57620301303
2025-07-29 12:39:00+00:00,100501.7276958628
2025-07-29 12:40:00+00:00,100494.56285146422
2025-07-29 12:41:00+00:00,100461.29750247078
2025-07-29 12:42:00+00:00,100467.25967655961
2025-07-29 12:43:00+00:00,100478.64666140736
2025-07-29 12:44:00+00:00,100495.04903733413
2025-07-29 12:45:00+00:00,100494.53726273423
2025-07-29 12:46:00+00:00,100474.93629555809
2025-07-29 12:47:00+00:00,100473.14508445845
2025-07-29 12:48:00+00:00,100467.97616099947
2025-07-29 12:49:00+00:00,100464.64962610012
2025-07-29 12:50:00+00:00,100458.02214503143
2025-07-29 12:51:00+00:00,100462.19310802061
2025-07-29 12:52:00+00:00,100453.5952947423
2025-07-29 12:53:00+00:00,100440.41709879492
2025-07-29 12:54:00+00:00,100447.65870938348
2025-07-29 12:55:00+00:00,100444.35776321412
2025-07-29 12:56:00+00:00,100452.57174554252
2025-07-29 12:57:00+00:00,100451.57378507272
2025-07-29 12:58:00+00:00,100462.26987421059
2025-07-29 12:59:00+00:00,100454.10706934221
2025-07-29 13:00:00+00:00,100455.38650584195
2025-07-29 13:01:00+00:00,100461.27191374078
2025-07-29 13:02:00+00:00,100457.33124932158
2025-07-29 13:03:00+00:00,100464.34256134019
2025-07-29 13:04:00+00:00,100459.1736378812
2025-07-29 13:05:00+00:00,100444.94630400401
2025-07-29 13:06:00+00:00,100420.96966399875
2025-07-29 13:07:00+00:00,100429.79777584701
2025-07-29 13:08:00+00:00,100427.49479014747
2025-07-29 13:09:00+00:00,100441.31270434473
2025-07-29 13:10:00+00:00,100434.30139232612
2025-07-29 13:11:00+00:00,100448.96373461322
2025-07-29 13:12:00+00:00,100439.77738054504
2025-07-29 13:13:00+00:00,100449.73139651307
2025-07-29 13:14:00+00:00,100447.96577414342
2025-07-29 13:15:00+00:00,100449.88492889304
2025-07-29 13:16:00+00:00,100457.1777169416
2025-07-29 13:17:00+00:00,100442.18272116456
2025-07-29 13:18:00+00:00,100451.93202729264
2025-07-29 13:19:00+00:00,100452.1111484026
2025-07-29 13:20:00+00:00,100438.77942007524
2025-07-29 13:21:00+00:00,100456.89624091165
2025-07-29 13:22:00+00:00,100455.10502981201
2025-07-29 13:23:00+00:00,100449.98728381301
2025-07-29 13:24:00+00:00,100440.28915514494
2025-07-29 13:25:00+00:00,100457.6894915415
2025-07-29 13:26:00+00:00,100459.71100121111
2025-07-29 13:27:00+00:00,100462.67929389051
2025-07-29 13:28:00+00:00,100462.67929389051
2025-07-29 13:29:00+00:00,100466.3128935498
2025-07-29 13:30:00+00:00,100475.06423920806
2025-07-29 13:31:00+00:00,100452.05997094262
2025-07-29 13:32:00+00:00,100455.00267489204
2025-07-29 13:33:00+00:00,100477.13692633765
2025-07-29 13:34:00+00:00,100470.56062272895
2025-07-29 13:35:00+00:00,100458.89216185125
2025-07-29 13:36:00+00:00,100482.76644693656
2025-07-29 13:37:00+00:00,100445.73955463385
2025-07-29 13:38:00+00:00,100463.39577833038
2025-07-29 13:39:00+00:00,100456.81947472168
2025-07-29 13:40:00+00:00,100455.28415092197
2025-07-29 13:41:00+00:00,100440.31474387493
2025-07-29 13:42:00+00:00,100421.35349494868
2025-07-29 13:43:00+00:00,100402.26430237244
2025-07-29 13:44:00+00:00,100437.01379770559
2025-07-29 13:45:00+00:00,100423.11911731833
2025-07-29 13:46:00+00:00,100433.30343185632
2025-07-29 13:47:00+00:00,100412.16714088048
2025-07-29 13:48:00+00:00,100440.69857482486
2025-07-29 13:49:00+00:00,100402.59695586238
2025-07-29 13:50:00+00:00,100397.70950843334
2025-07-29 13:51:00+00:00,100403.33902903223
2025-07-29 13:52:00+00:00,100398.83541255312
2025-07-29 13:53:00+00:00,100403.95315855212
2025-07-29 13:54:00+00:00,100392.07998783446
2025-07-29 13:55:00+00:00,100377.23852443739
2025-07-29 13:56:00+00:00,100376.34291888756
2025-07-29 13:57:00+00:00,100389.62346975494
2025-07-29 13:58:00+00:00,100374.27023175797
2025-07-29 13:59:00+00:00,100383.45658582615
2025-07-29 14:00:00+00:00,100374.39817540794
2025-07-29 14:01:00+00:00,100368.64071115908
2025-07-29 14:02:00+00:00,100350.72860016262
2025-07-29 14:03:00+00:00,100331.30675409645
2025-07-29 14:04:00+00:00,100321.55744796837
2025-07-29 14:05:00+00:00,100285.0423302656
2025-07-29 14:06:00+00:00,100267.64199386902
2025-07-29 14:07:00+00:00,100243.79329751374
2025-07-29 14:08:00+00:00,100221.50551368814
2025-07-29 14:09:00+00:00,100252.97965158192
2025-07-29 14:10:00+00:00,100259.09535805072
2025-07-29 14:11:00+00:00,100265.2110645195
2025-07-29 14:12:00+00:00,100282.40669107612
2025-07-29 14:13:00+00:00,100288.24092151495
2025-07-29 14:14:00+00:00,100264.75046737959
2025-07-29 14:15:00+00:00,100279.84781807661
2025-07-29 14:16:00+00:00,100306.69039584132
2025-07-29 14:17:00+00:00,100309.7866321707
2025-07-29 14:18:00+00:00,100295.27782226357
2025-07-29 14:19:00+00:00,100291.87452117424
2025-07-29 14:20:00+00:00,100286.83354136524
2025-07-29 14:21:00+00:00,100264.75046737959
2025-07-29 14:22:00+00:00,100287.24296104515
2025-07-29 14:23:00+00:00,100293.40984497394
2025-07-29 14:24:00+00:00,100317.33530751921
2025-07-29 14:25:00+00:00,100312.37109390019
2025-07-29 14:26:00+00:00,100294.43339417374
2025-07-29 14:27:00+00:00,100292.36070704414
2025-07-29 14:28:00+00:00,100294.20309560378
2025-07-29 14:29:00+00:00,100295.27782226357
2025-07-29 14:30:00+00:00,100283.14876424597
2025-07-29 14:31:00+00:00,100294.43339417374
2025-07-29 14:32:00+00:00,100289.41800309473
2025-07-29 14:33:00+00:00,100267.30934037908
2025-07-29 14:34:00+00:00,100264.26428150969
2025-07-29 14:35:00+00:00,100290.33919737455
2025-07-29 14:36:00+00:00,100284.0187810658
2025-07-29 14:37:00+00:00,100271.3523597183
2025-07-29 14:38:00+00:00,100252.97965158192
2025-07-29 14:39:00+00:00,100248.65515621277
2025-07-29 14:40:00+00:00,100273.8344665278
2025-07-29 14:41:00+00:00,100284.68408804566
2025-07-29 14:42:00+00:00,100302.59619904212
2025-07-29 14:43:00+00:00,100302.08442444222
2025-07-29 14:44:00+00:00,100290.92773816444
2025-07-29 14:45:00+00:00,100299.03936557283
2025-07-29 14:46:00+00:00,100286.85913009522
2025-07-29 14:47:00+00:00,100278.05660697697
2025-07-29 14:48:00+00:00,100251.23961794226
2025-07-29 14:49:00+00:00,100242.20679625405
2025-07-29 14:50:00+00:00,100216.6692437191
2025-07-29 14:51:00+00:00,100190.72227150422
2025-07-29 14:52:00+00:00,100163.06085437967
2025-07-29 14:53:00+00:00,100157.27780140082
2025-07-29 14:54:00+00:00,100163.4446853296
2025-07-29 14:55:00+00:00,100163.4702740596
2025-07-29 14:56:00+00:00,100207.32935727094
2025-07-29 14:57:00+00:00,100179.56558522642
2025-07-29 14:58:00+00:00,100168.5624313286
2025-07-29 14:59:00+00:00,100180.28206966628
2025-07-29 15:00:00+00:00,100169.0486171985
2025-07-29 15:01:00+00:00,100170.58394099819
2025-07-29 15:02:00+00:00,100186.62807470502
2025-07-29 15:03:00+00:00,100156.76602680092
2025-07-29 15:04:00+00:00,100167.05269625888
2025-07-29 15:05:00+00:00,100149.08940780243
2025-07-29 15:06:00+00:00,100152.16005540182
2025-07-29 15:07:00+00:00,100142.87134641365
2025-07-29 15:08:00+00:00,100155.20511427123
2025-07-29 15:09:00+00:00,100146.01876020303
2025-07-29 15:10:00+00:00,100144.99521100325
2025-07-29 15:11:00+00:00,100190.03137579435
2025-07-29 15:12:00+00:00,100197.19622019294
2025-07-29 15:13:00+00:00,100199.52479462247
2025-07-29 15:14:00+00:00,100168.0250679987
2025-07-29 15:15:00+00:00,100165.15913023926
2025-07-29 15:16:00+00:00,100161.9861277199
2025-07-29 15:17:00+00:00,100161.9093615299
2025-07-29 15:18:00+00:00,100137.83036660466
2025-07-29 15:19:00+00:00,100152.16005540182
2025-07-29 15:20:00+00:00,100160.22050535024
2025-07-29 15:21:00+00:00,100135.29708233516
2025-07-29 15:22:00+00:00,100124.49863827729
2025-07-29 15:23:00+00:00,100128.61842380647
2025-07-29 15:24:00+00:00,100122.57948352766
2025-07-29 15:25:00+00:00,100121.04415972797
2025-07-29 15:26:00+00:00,100119.9438443382
2025-07-29 15:27:00+00:00,100119.96943306818
2025-07-29 15:28:00+00:00,100104.79531618117
2025-07-29 15:29:00+00:00,100104.89767110116
2025-07-29 15:30:00+00:00,100108.2497947305
2025-07-29 15:31:00+00:00,100096.91398734273
2025-07-29 15:32:00+00:00,100096.88839861273
2025-07-29 15:33:00+00:00,100124.57540446726
2025-07-29 15:34:00+00:00,100101.28966017187
2025-07-29 15:35:00+00:00,100094.32952561326
2025-07-29 15:36:00+00:00,100094.68776783318
2025-07-29 15:37:00+00:00,100112.03692676975
2025-07-29 15:38:00+00:00,100096.91398734273
2025-07-29 15:39:00+00:00,100089.67237675417
2025-07-29 15:40:00+00:00,100102.7226290516
2025-07-29 15:41:00+00:00,100090.23532881406
2025-07-29 15:42:00+00:00,100039.3393448541
2025-07-29 15:43:00+00:00,100049.80513542204
2025-07-29 15:44:00+00:00,100084.63139694516
2025-07-29 15:45:00+00:00,100083.58225901537
2025-07-29 15:46:00+00:00,100081.15132966585
2025-07-29 15:47:00+00:00,100123.78215383744
2025-07-29 15:48:00+00:00,100115.3122842091
2025-07-29 15:49:00+00:00,100106.6632934708
2025-07-29 15:50:00+00:00,100087.67645581457
2025-07-29 15:51:00+00:00,100064.49306643914
2025-07-29 15:52:00+00:00,100091.77065261375
2025-07-29 15:53:00+00:00,100110.19453821011
2025-07-29 15:54:00+00:00,100098.44931114244
2025-07-29 15:55:00+00:00,100110.19453821011
2025-07-29 15:56:00+00:00,100098.16783511249
2025-07-29 15:57:00+00:00,100073.44912193736
2025-07-29 15:58:00+00:00,100078.79716650631
2025-07-29 15:59:00+00:00,100067.2310605486
2025-07-29 16:00:00+00:00,100066.18192261881
2025-07-29 16:01:00+00:00,100060.04062742002
2025-07-29 16:02:00+00:00,100058.63324727029
2025-07-29 16:03:00+00:00,100056.99556855063
2025-07-29 16:04:00+00:00,100067.6916576885
2025-07-29 16:05:00+00:00,100068.2546097484
2025-07-29 16:06:00+00:00,100075.72651890691
2025-07-29 16:07:00+00:00,100064.1604129492
2025-07-29 16:08:00+00:00,100074.37031621719
2025-07-29 16:09:00+00:00,100086.93438264471
2025-07-29 16:10:00+00:00,100071.83703194768
2025-07-29 16:11:00+00:00,100058.53089235032
2025-07-29 16:12:00+00:00,100075.18915557703
2025-07-29 16:13:00+00:00,100067.6916576885
2025-07-29 16:14:00+00:00,100078.46451301638
2025-07-29 16:15:00+00:00,100089.59561056418
2025-07-29 16:16:00+00:00,100109.65717488022
2025-07-29 16:17:00+00:00,100092.79420181355
2025-07-29 16:18:00+00:00,100080.51161141598
2025-07-29 16:19:00+00:00,100068.2290210184
2025-07-29 16:20:00+00:00,100084.09403361527
2025-07-29 16:21:00+00:00,100086.67849534476
2025-07-29 16:22:00+00:00,100093.5106862534
2025-07-29 16:23:00+00:00,100069.7643448181
2025-07-29 16:24:00+00:00,100054.20639698117
2025-07-29 16:25:00+00:00,100042.12851642355
2025-07-29 16:26:00+00:00,100056.02319681081
2025-07-29 16:27:00+00:00,100048.78158622223
2025-07-29 16:28:00+00:00,100045.19916402295
2025-07-29 16:29:00+00:00,100050.85427335184
2025-07-29 16:30:00+00:00,100039.56964342407
2025-07-29 16:31:00+00:00,100043.66384022325
2025-07-29 16:32:00+00:00,100045.17357529295
2025-07-29 16:33:00+00:00,100020.1477973579
2025-07-29 16:34:00+00:00,100012.5223558194
2025-07-29 16:35:00+00:00,100015.5162372288
2025-07-29 16:36:00+00:00,99995.55702783275
2025-07-29 16:37:00+00:00,99989.211022794
2025-07-29 16:38:00+00:00,99979.18024063598
2025-07-29 16:39:00+00:00,99989.85074104388
2025-07-29 16:40:00+00:00,100015.38829357884
2025-07-29 16:41:00+00:00,100049.80513542204
2025-07-29 16:42:00+00:00,100060.29651471996
2025-07-29 16:43:00+00:00,100052.87578302143
2025-07-29 16:44:00+00:00,100086.37143058481
2025-07-29 16:45:00+00:00,100108.65921441042
2025-07-29 16:46:00+00:00,100132.0473136258
2025-07-29 16:47:00+00:00,100146.04434893304
2025-07-29 16:48:00+00:00,100137.83036660466
2025-07-29 16:49:00+00:00,100157.27780140082
2025-07-29 16:50:00+00:00,100151.44357096197
2025-07-29 16:51:00+00:00,100153.72096793153
2025-07-29 16:52:00+00:00,100150.11295700223
2025-07-29 16:53:00+00:00,100149.08940780243
2025-07-29 16:54:00+00:00,100121.45357940788
2025-07-29 16:55:00+00:00,100142.97370133364
2025-07-29 16:56:00+00:00,100143.6645970435
2025-07-29 16:57:00+00:00,100146.01876020303
2025-07-29 16:58:00+00:00,100152.7741849217
2025-07-29 16:59:00+00:00,100158.25017314062
2025-07-29 17:00:00+00:00,100135.78326820506
2025-07-29 17:01:00+00:00,100139.39127913435
2025-07-29 17:02:00+00:00,100139.23774675437
2025-07-29 17:03:00+00:00,100171.42836908803
2025-07-29 17:04:00+00:00,100160.86022360012
2025-07-29 17:05:00+00:00,100181.91974838596
2025-07-29 17:06:00+00:00,100184.37626646546
2025-07-29 17:07:00+00:00,100172.40074082784
2025-07-29 17:08:00+00:00,100167.69241450875
2025-07-29 17:09:00+00:00,100179.82147252637
2025-07-29 17:10:00+00:00,100181.99651457593
2025-07-29 17:11:00+00:00,100188.34251961469
2025-07-29 17:12:00+00:00,100197.17063146294
2025-07-29 17:13:00+00:00,100201.23923953214
2025-07-29 17:14:00+00:00,100200.06215795237
2025-07-29 17:15:00+00:00,100186.06512264513
2025-07-29 17:16:00+00:00,100192.59024879384
2025-07-29 17:17:00+00:00,100196.17267099314
2025-07-29 17:18:00+00:00,100168.5112538686
2025-07-29 17:19:00+00:00,100173.65458859758
2025-07-29 17:20:00+00:00,100154.69333967133
2025-07-29 17:21:00+00:00,100199.21772986253
2025-07-29 17:22:00+00:00,100202.77456333183
2025-07-29 17:23:00+00:00,100204.87283919142
2025-07-29 17:24:00+00:00,100199.24331859253
2025-07-29 17:25:00+00:00,100209.65793170047
2025-07-29 17:26:00+00:00,100206.38257426112
2025-07-29 17:27:00+00:00,100218.07662386881
2025-07-29 17:28:00+00:00,100189.11018151452
2025-07-29 17:29:00+00:00,100203.31192666173
2025-07-29 17:30:00+00:00,100218.79310830867
2025-07-29 17:31:00+00:00,100228.44005951677
2025-07-29 17:32:00+00:00,100236.24462216522
2025-07-29 17:33:00+00:00,100225.57412175732
2025-07-29 17:34:00+00:00,100217.71838164888
2025-07-29 17:35:00+00:00,100192.66701498383
2025-07-29 17:36:00+00:00,100206.40816299111
2025-07-29 17:37:00+00:00,100204.36106459152
2025-07-29 17:38:00+00:00,100185.93717899515
2025-07-29 17:39:00+00:00,100174.21754065747
2025-07-29 17:40:00+00:00,100187.98427739475
2025-07-29 17:41:00+00:00,100187.47250279486
2025-07-29 17:42:00+00:00,100165.69649356915
2025-07-29 17:43:00+00:00,100161.3719982
2025-07-29 17:44:00+00:00,100142.97370133364
2025-07-29 17:45:00+00:00,100161.39758693
2025-07-29 17:46:00+00:00,100165.4917837292
2025-07-29 17:47:00+00:00,100164.77529928934
2025-07-29 17:48:00+00:00,100169.5603917984
2025-07-29 17:49:00+00:00,100163.26556421963
2025-07-29 17:50:00+00:00,100154.23274253143
2025-07-29 17:51:00+00:00,100157.25221267082
2025-07-29 17:52:00+00:00,100148.98705288245
2025-07-29 17:53:00+00:00,100155.74247760112
2025-07-29 17:54:00+00:00,100150.59914287213
2025-07-29 17:55:00+00:00,100187.65162390482
2025-07-29 17:56:00+00:00,100173.65458859758
2025-07-29 17:57:00+00:00,100164.9544203993
2025-07-29 17:58:00+00:00,100174.47342795742
2025-07-29 17:59:00+00:00,100166.489744199
2025-07-29 18:00:00+00:00,100153.18360460163
2025-07-29 18:01:00+00:00,100180.30765839627
2025-07-29 18:02:00+00:00,100168.5368425986
2025-07-29 18:03:00+00:00,100150.65032033212
2025-07-29 18:04:00+00:00,100146.86318829287
2025-07-29 18:05:00+00:00,100149.06381907244
2025-07-29 18:06:00+00:00,100148.09144733264
2025-07-29 18:07:00+00:00,100132.20084600577
2025-07-29 18:08:00+00:00,100112.2672253397
2025-07-29 18:09:00+00:00,100106.61211601082
2025-07-29 18:10:00+00:00,100119.3808922783
2025-07-29 18:11:00+00:00,100123.98686367739
2025-07-29 18:12:00+00:00,100121.63270051786
2025-07-29 18:13:00+00:00,100125.54777620708
2025-07-29 18:14:00+00:00,100123.50067780749
2025-07-29 18:15:00+00:00,100133.73616980546
2025-07-29 18:16:00+00:00,100119.9182556082
2025-07-29 18:17:00+00:00,100133.71058107547
2025-07-29 18:18:00+00:00,100142.99929006363
2025-07-29 18:19:00+00:00,100137.39535819474
2025-07-29 18:20:00+00:00,100120.27649782812
2025-07-29 18:21:00+00:00,100125.34306636712
2025-07-29 18:22:00+00:00,100110.22012694011
2025-07-29 18:23:00+00:00,100095.86484941294
2025-07-29 18:24:00+00:00,100117.3593826087
2025-07-29 18:25:00+00:00,100109.88747345017
2025-07-29 18:26:00+00:00,100110.70631281001
2025-07-29 18:27:00+00:00,100130.63993347608
2025-07-29 18:28:00+00:00,100145.89081655306
2025-07-29 18:29:00+00:00,100154.20715380143
2025-07-29 18:30:00+00:00,100175.6249208072
2025-07-29 18:31:00+00:00,100175.67609826718
2025-07-29 18:32:00+00:00,100172.63103939779
2025-07-29 18:33:00+00:00,100167.71800323876
2025-07-29 18:34:00+00:00,100141.95015213385
2025-07-29 18:35:00+00:00,100163.00967691968
2025-07-29 18:36:00+00:00,100143.20399990359
2025-07-29 18:37:00+00:00,100160.06697297026
2025-07-29 18:38:00+00:00,100175.57374334721
2025-07-29 18:39:00+00:00,100164.4682345294
2025-07-29 18:40:00+00:00,100170.73747337816
2025-07-29 18:41:00+00:00,100166.489744199
2025-07-29 18:42:00+00:00,100150.03619081224
2025-07-29 18:43:00+00:00,100153.20919333163
2025-07-29 18:44:00+00:00,100146.40259115296
2025-07-29 18:45:00+00:00,100158.30135060061
2025-07-29 18:46:00+00:00,100158.30135060061
2025-07-29 18:47:00+00:00,100156.66367188093
2025-07-29 18:48:00+00:00,100164.4426457994
2025-07-29 18:49:00+00:00,100164.64735563936
2025-07-29 18:50:00+00:00,100169.45803687841
2025-07-29 18:51:00+00:00,100169.5603917984
2025-07-29 18:52:00+00:00,100139.36569040435
2025-07-29 18:53:00+00:00,100140.1589410342
2025-07-29 18:54:00+00:00,100131.66348267588
2025-07-29 18:55:00+00:00,100122.47712860769
2025-07-29 18:56:00+00:00,100098.88431955235
2025-07-29 18:57:00+00:00,100103.95088809135
2025-07-29 18:58:00+00:00,100117.3337938787
2025-07-29 18:59:00+00:00,100124.52422700729
2025-07-29 19:00:00+00:00,100115.97759118897
2025-07-29 19:01:00+00:00,100113.2907745395
2025-07-29 19:02:00+00:00,100139.36569040435
2025-07-29 19:03:00+00:00,100134.75971900526
2025-07-29 19:04:00+00:00,100141.61749864391
2025-07-29 19:05:00+00:00,100163.9308711995
2025-07-29 19:06:00+00:00,100150.65032033212
2025-07-29 19:07:00+00:00,100143.99725053344
2025-07-29 19:08:00+00:00,100140.90101420405
2025-07-29 19:09:00+00:00,100134.86207392524
2025-07-29 19:10:00+00:00,100148.32174590259
2025-07-29 19:11:00+00:00,100141.41278880395
2025-07-29 19:12:00+00:00,100154.18156507143
2025-07-29 19:13:00+00:00,100162.06289390987
2025-07-29 19:14:00+00:00,100169.45803687841
2025-07-29 19:15:00+00:00,100212.06327232
2025-07-29 19:16:00+00:00,100209.5043993205
2025-07-29 19:17:00+00:00,100210.5279485203
2025-07-29 19:18:00+00:00,100199.16655240254
2025-07-29 19:19:00+00:00,100197.70799479283
2025-07-29 19:20:00+00:00,100206.45934045111
2025-07-29 19:21:00+00:00,100174.16636319748
2025-07-29 19:22:00+00:00,100108.7615693304
2025-07-29 19:23:00+00:00,100108.1730285405
2025-07-29 19:24:00+00:00,100103.2088149215
2025-07-29 19:25:00+00:00,100097.88635908253
2025-07-29 19:26:00+00:00,100086.08995455487
2025-07-29 19:27:00+00:00,100076.41741461678
2025-07-29 19:28:00+00:00,100092.20566102366
2025-07-29 19:29:00+00:00,100085.62935741496
2025-07-29 19:30:00+00:00,100088.64882755437
2025-07-29 19:31:00+00:00,100096.68368877278
2025-07-29 19:32:00+00:00,100100.34287716207
2025-07-29 19:33:00+00:00,100101.46878128183
2025-07-29 19:34:00+00:00,100083.09607314547
2025-07-29 19:35:00+00:00,100087.59968962458
2025-07-29 19:36:00+00:00,100079.10423126625
2025-07-29 19:37:00+00:00,100082.84018584552
2025-07-29 19:38:00+00:00,100081.8678141057
2025-07-29 19:39:00+00:00,100078.00391587647
2025-07-29 19:40:00+00:00,100118.8691176784
2025-07-29 19:41:00+00:00,100119.79031195822
2025-07-29 19:42:00+00:00,100110.19453821011
2025-07-29 19:43:00+00:00,100106.10034141093
2025-07-29 19:44:00+00:00,100111.24367613991
2025-07-29 19:45:00+00:00,100133.53145996551
2025-07-29 19:46:00+00:00,100136.34622026495
2025-07-29 19:47:00+00:00,100116.74525308883
2025-07-29 19:48:00+00:00,100123.47508907749
2025-07-29 19:49:00+00:00,100125.01041287719
2025-07-29 19:50:00+00:00,100118.25498815853
2025-07-29 19:51:00+00:00,100107.09830188073
2025-07-29 19:52:00+00:00,100099.98463494213
2025-07-29 19:53:00+00:00,100119.3297148183
2025-07-29 19:54:00+00:00,100110.783079
2025-07-29 19:55:00+00:00,100119.3808922783
2025-07-29 19:56:00+00:00,100121.99094273779
2025-07-29 19:57:00+00:00,100118.40852053849
2025-07-29 19:58:00+00:00,100116.69407562882
2025-07-29 19:59:00+00:00,100102.00614461173
2025-07-29 20:00:00+00:00,100102.00614461173
2025-07-29 20:01:00+00:00,100129.10460967637
2025-07-29 20:02:00+00:00,100102.28762064167
2025-07-29 20:03:00+00:00,100101.2128939819
2025-07-29 20:04:00+00:00,100074.44708240718
2025-07-29 20:05:00+00:00,100078.64363412635
2025-07-29 20:06:00+00:00,100047.93715813241
2025-07-29 20:07:00+00:00,100040.61878135386
2025-07-29 20:08:00+00:00,100035.47544662487
2025-07-29 20:09:00+00:00,100007.83961823033
2025-07-29 20:10:00+00:00,100004.76897063093
2025-07-29 20:11:00+00:00,99998.11590083224
2025-07-29 20:12:00+00:00,99998.44855432218
2025-07-29 20:13:00+00:00,100007.60931966038
2025-07-29 20:14:00+00:00,100027.28705302649
2025-07-29 20:15:00+00:00,100028.56648952623
2025-07-29 20:16:00+00:00,100031.84184696559
2025-07-29 20:17:00+00:00,100060.88505550985
2025-07-29 20:18:00+00:00,100069.2525702182
2025-07-29 20:19:00+00:00,100142.97370133364
2025-07-29 20:20:00+00:00,100166.489744199
2025-07-29 20:21:00+00:00,100173.85929843754
2025-07-29 20:22:00+00:00,100174.72931525737
2025-07-29 20:23:00+00:00,100165.56854991917
2025-07-29 20:24:00+00:00,100150.62473160213
2025-07-29 20:25:00+00:00,100148.65439939252
2025-07-29 20:26:00+00:00,100133.99205710541
2025-07-29 20:27:00+00:00,100111.7554507398
2025-07-29 20:28:00+00:00,100126.54573667688
2025-07-29 20:29:00+00:00,100112.24163660972
2025-07-29 20:30:00+00:00,100117.20585022873
2025-07-29 20:31:00+00:00,100087.88116565451
2025-07-29 20:32:00+00:00,100064.92807484906
2025-07-29 20:33:00+00:00,100033.81217917519
2025-07-29 20:34:00+00:00,100020.6339832278
2025-07-29 20:35:00+00:00,100006.20193951065
2025-07-29 20:36:00+00:00,100005.53663253078
2025-07-29 20:37:00+00:00,99996.60616576254
2025-07-29 20:38:00+00:00,100002.67069477134
2025-07-29 20:39:00+00:00,99994.99407577286
2025-07-29 20:40:00+00:00,100018.84277212815
2025-07-29 20:41:00+00:00,100020.25015227788
2025-07-29 20:42:00+00:00,100015.00446262892
2025-07-29 20:43:00+00:00,100019.584845298
2025-07-29 20:44:00+00:00,100021.1457578277
2025-07-29 20:45:00+00:00,100012.36882343944
2025-07-29 20:46:00+00:00,100019.53366783801
2025-07-29 20:47:00+00:00,100009.91230535992
2025-07-29 20:48:00+00:00,100002.72187223134
2025-07-29 20:49:00+00:00,100018.84277212815
2025-07-29 20:50:00+00:00,100033.7610017152
2025-07-29 20:51:00+00:00,100017.00038356852
2025-07-29 20:52:00+00:00,100017.0259722985
2025-07-29 20:53:00+00:00,100021.91341972754
2025-07-29 20:54:00+00:00,100028.2850134963
2025-07-29 20:55:00+00:00,100049.31894955214
2025-07-29 20:56:00+00:00,100050.80309589184
2025-07-29 20:57:00+00:00,100055.94643062082
2025-07-29 20:58:00+00:00,100064.6721875491
2025-07-29 20:59:00+00:00,100098.90990828234
2025-07-29 21:00:00+00:00,100091.25887801385
2025-07-29 21:01:00+00:00,100075.90564001689
2025-07-29 21:02:00+00:00,100073.19323463742
2025-07-29 21:03:00+00:00,100079.3857072962
2025-07-29 21:04:00+00:00,100050.87986208183
2025-07-29 21:05:00+00:00,100062.59950041951
2025-07-29 21:06:00+00:00,100068.2290210184
2025-07-29 21:07:00+00:00,100054.43669555112
2025-07-29 21:08:00+00:00,100057.20027839058
2025-07-29 21:09:00+00:00,100063.08568628941
2025-07-29 21:10:00+00:00,100073.32117828738
2025-07-29 21:11:00+00:00,100090.38886119402
2025-07-29 21:12:00+00:00,100088.67441628437
2025-07-29 21:13:00+00:00,100086.65290661476
2025-07-29 21:14:00+00:00,100079.3601185662
2025-07-29 21:15:00+00:00,100071.2484911578
2025-07-29 21:16:00+00:00,100058.50530362032
2025-07-29 21:17:00+00:00,100050.85427335184
2025-07-29 21:18:00+00:00,100059.91268377005
2025-07-29 21:19:00+00:00,100044.20120355315
2025-07-29 21:20:00+00:00,100035.44985789487
2025-07-29 21:21:00+00:00,100045.71093862285
2025-07-29 21:22:00+00:00,100039.28816739412
2025-07-29 21:23:00+00:00,100031.53478220565
2025-07-29 21:24:00+00:00,100039.825530724
2025-07-29 21:25:00+00:00,100038.59727168425
2025-07-29 21:26:00+00:00,100023.1928562273
2025-07-29 21:27:00+00:00,100027.26146429649
2025-07-29 21:28:00+00:00,100061.06417661981
2025-07-29 21:29:00+00:00,100055.94643062082
2025-07-29 21:30:00+00:00,100048.80717495224
2025-07-29 21:31:00+00:00,100061.29447518976
2025-07-29 21:32:00+00:00,100062.49714549954
2025-07-29 21:33:00+00:00,100061.19212026978
2025-07-29 21:34:00+00:00,100058.53089235032
2025-07-29 21:35:00+00:00,100056.0999630008
2025-07-29 21:36:00+00:00,100051.34045922174
2025-07-29 21:37:00+00:00,100038.92992517419
2025-07-29 21:38:00+00:00,100037.52254502446
2025-07-29 21:39:00+00:00,100042.12851642355
2025-07-29 21:40:00+00:00,100051.16133811176
2025-07-29 21:41:00+00:00,100041.20732214373
2025-07-29 21:42:00+00:00,100049.80513542204
2025-07-29 21:43:00+00:00,100048.75599749225
2025-07-29 21:44:00+00:00,100035.91045503478
2025-07-29 21:45:00+00:00,100042.87058959341
2025-07-29 21:46:00+00:00,100055.28112364095
2025-07-29 21:47:00+00:00,100071.2996686178
2025-07-29 21:48:00+00:00,100076.41741461678
2025-07-29 21:49:00+00:00,100087.65086708457
2025-07-29 21:50:00+00:00,100086.83202772473
2025-07-29 21:51:00+00:00,100102.49233048163
2025-07-29 21:52:00+00:00,100107.55889902063
2025-07-29 21:53:00+00:00,100107.55889902063
2025-07-29 21:54:00+00:00,100113.93049278938
2025-07-29 21:55:00+00:00,100117.8199797486
2025-07-29 21:56:00+00:00,100121.9141765478
2025-07-29 21:57:00+00:00,100134.73413027526
2025-07-29 21:58:00+00:00,100145.68610671311
2025-07-29 21:59:00+00:00,100120.4300302081
2025-07-29 22:00:00+00:00,100140.90101420405
2025-07-29 22:01:00+00:00,100149.57559367234
2025-07-29 22:02:00+00:00,100154.20715380143
2025-07-29 22:03:00+00:00,100116.3358334089
2025-07-29 22:04:00+00:00,100099.01226320233
2025-07-29 22:05:00+00:00,100099.75433637218
2025-07-29 22:06:00+00:00,100114.2631462793
2025-07-29 22:07:00+00:00,100113.7769604094
2025-07-29 22:08:00+00:00,100114.54462230926
2025-07-29 22:09:00+00:00,100100.57317573202
2025-07-29 22:10:00+00:00,100098.14224638249
2025-07-29 22:11:00+00:00,100099.83110256217
2025-07-29 22:12:00+00:00,100089.21177961426
2025-07-29 22:13:00+00:00,100083.19842806544
2025-07-29 22:14:00+00:00,100085.04081662509
2025-07-29 22:15:00+00:00,100090.26091754404
2025-07-29 22:16:00+00:00,100098.78196463236
2025-07-29 22:17:00+00:00,100106.15151887092
2025-07-29 22:18:00+00:00,100094.43188053323
2025-07-29 22:19:00+00:00,100102.77380651158
2025-07-29 22:20:00+00:00,100124.9080579572
2025-07-29 22:21:00+00:00,100116.3358334089
2025-07-29 22:22:00+00:00,100111.19249867991
2025-07-29 22:23:00+00:00,100108.68480314041
2025-07-29 22:24:00+00:00,100118.3317543485
2025-07-29 22:25:00+00:00,100133.22439520556
2025-07-29 22:26:00+00:00,100133.83852472545
2025-07-29 22:27:00+00:00,100147.2214305128
2025-07-29 22:28:00+00:00,100145.99317147305
2025-07-29 22:29:00+00:00,100154.71892840133
2025-07-29 22:30:00+00:00,100156.25425220102
2025-07-29 22:31:00+00:00,100159.29931107041
2025-07-29 22:32:00+00:00,100153.66979047153
2025-07-29 22:33:00+00:00,100156.76602680092
2025-07-29 22:34:00+00:00,100155.25629173122
2025-07-29 22:35:00+00:00,100152.2879990518
2025-07-29 22:36:00+00:00,100155.2818804612
2025-07-29 22:37:00+00:00,100157.76398727072
2025-07-29 22:38:00+00:00,100161.06493344007
2025-07-29 22:39:00+00:00,100160.34844900022
2025-07-29 22:40:00+00:00,100156.74043807092
2025-07-29 22:41:00+00:00,100167.92271307872
2025-07-29 22:42:00+00:00,100167.92271307872
2025-07-29 22:43:00+00:00,100163.41909659961
2025-07-29 22:44:00+00:00,100157.45692251078
2025-07-29 22:45:00+00:00,100158.22458441064
2025-07-29 22:46:00+00:00,100163.90528246951
2025-07-29 22:47:00+00:00,100175.34344477725
2025-07-29 22:48:00+00:00,100168.0250679987
2025-07-29 22:49:00+00:00,100170.55835226818
2025-07-29 22:50:00+00:00,100176.597292547
2025-07-29 22:51:00+00:00,100184.88804106537
2025-07-29 22:52:00+00:00,100180.84502172616
2025-07-29 22:53:00+00:00,100182.32916806587
2025-07-29 22:54:00+00:00,100179.28410919648
2025-07-29 22:55:00+00:00,100182.84094266576
2025-07-29 22:56:00+00:00,100187.49809152485
2025-07-29 22:57:00+00:00,100184.37626646546
2025-07-29 22:58:00+00:00,100184.37626646546
2025-07-29 22:59:00+00:00,100185.42540439527
2025-07-29 23:00:00+00:00,100184.37626646546
2025-07-29 23:01:00+00:00,100190.56873912425
2025-07-29 23:02:00+00:00,100183.09682996571
2025-07-29 23:03:00+00:00,100189.39165754447
2025-07-29 23:04:00+00:00,100189.03341532455
2025-07-29 23:05:00+00:00,100192.02729673396
2025-07-29 23:06:00+00:00,100176.41817143704
2025-07-29 23:07:00+00:00,100179.77029506638
2025-07-29 23:08:00+00:00,100189.92902087438
2025-07-29 23:09:00+00:00,100190.54315039425
2025-07-29 23:10:00+00:00,100193.3323219637
2025-07-29 23:11:00+00:00,100187.47250279486
2025-07-29 23:12:00+00:00,100199.75509319243
2025-07-29 23:13:00+00:00,100191.59228832404
2025-07-29 23:14:00+00:00,100181.33120759607
2025-07-29 23:15:00+00:00,100192.10406292394
2025-07-29 23:16:00+00:00,100189.00782659455
2025-07-29 23:17:00+00:00,100180.33324712627
2025-07-29 23:18:00+00:00,100187.98427739475
2025-07-29 23:19:00+00:00,100201.34159445211
2025-07-29 23:20:00+00:00,100202.80015206183
2025-07-29 23:21:00+00:00,100202.80015206183
2025-07-29 23:22:00+00:00,100202.9025069818
2025-07-29 23:23:00+00:00,100204.30988713153
2025-07-29 23:24:00+00:00,100204.36106459152
2025-07-29 23:25:00+00:00,100196.78680051301
2025-07-29 23:26:00+00:00,100204.36106459152
2025-07-29 23:27:00+00:00,100204.36106459152
2025-07-29 23:28:00+00:00,100205.38461379132
2025-07-29 23:29:00+00:00,100206.91993759101
2025-07-29 23:30:00+00:00,100203.31192666173
2025-07-29 23:31:00+00:00,100204.87283919142
2025-07-29 23:32:00+00:00,100207.81554314084
2025-07-29 23:33:00+00:00,100199.75509319243
2025-07-29 23:34:00+00:00,100202.80015206183
2025-07-29 23:35:00+00:00,100208.40408393073
2025-07-29 23:36:00+00:00,100214.5709678595
2025-07-29 23:37:00+00:00,100215.0827424594
2025-07-29 23:38:00+00:00,100219.53518147852
2025-07-29 23:39:00+00:00,100211.5514977201
2025-07-29 23:40:00+00:00,100191.08051372414
2025-07-29 23:41:00+00:00,100173.65458859758
2025-07-29 23:42:00+00:00,100173.65458859758
2025-07-29 23:43:00+00:00,100173.65458859758
2025-07-29 23:44:00+00:00,100162.3955473998
2025-07-29 23:45:00+00:00,100155.7936550611
2025-07-29 23:46:00+00:00,100165.4406062692
2025-07-29 23:47:00+00:00,100177.74878539678
2025-07-29 23:48:00+00:00,100175.70168699717
2025-07-29 23:49:00+00:00,100182.32916806587
2025-07-29 23:50:00+00:00,100181.33120759607
2025-07-29 23:51:00+00:00,100178.26055999668
2025-07-29 23:52:00+00:00,100178.28614872668
2025-07-29 23:53:00+00:00,100182.15004695591
2025-07-29 23:54:00+00:00,100195.66089639324
2025-07-29 23:55:00+00:00,100211.0909005802
2025-07-29 23:56:00+00:00,100209.96499646042
2025-07-29 23:57:00+00:00,100205.4102025213
2025-07-29 23:58:00+00:00,100213.5730073897
2025-07-29 23:59:00+00:00,100210.5279485203
2025-07-30 00:00:00+00:00,100207.53406711089
2025-07-30 00:01:00+00:00,100201.21365080214
2025-07-30 00:02:00+00:00,100188.59840691464
2025-07-30 00:03:00+00:00,100183.91566932556
2025-07-30 00:04:00+00:00,100179.48881903643
2025-07-30 00:05:00+00:00,100177.23701079687
2025-07-30 00:06:00+00:00,100173.98724208752
2025-07-30 00:07:00+00:00,100178.26055999668
2025-07-30 00:08:00+00:00,100176.72523619697
2025-07-30 00:09:00+00:00,100178.92586697654
2025-07-30 00:10:00+00:00,100177.97908396673
2025-07-30 00:11:00+00:00,100181.74062727598
2025-07-30 00:12:00+00:00,100209.5043993205
2025-07-30 00:13:00+00:00,100211.5770864501
2025-07-30 00:14:00+00:00,100213.0356440598
2025-07-30 00:15:00+00:00,100219.68871385849
2025-07-30 00:16:00+00:00,100221.76140098809
2025-07-30 00:17:00+00:00,100217.6672041889
2025-07-30 00:18:00+00:00,100212.5494581899
2025-07-30 00:19:00+00:00,100197.73358352283
2025-07-30 00:20:00+00:00,100199.16655240254
2025-07-30 00:21:00+00:00,100176.36699397705
2025-07-30 00:22:00+00:00,100151.92975683187
2025-07-30 00:23:00+00:00,100159.81108567031
2025-07-30 00:24:00+00:00,100161.3719982
2025-07-30 00:25:00+00:00,100164.9544203993
2025-07-30 00:26:00+00:00,100167.4877046688
2025-07-30 00:27:00+00:00,100178.23497126668
2025-07-30 00:28:00+00:00,100159.86226313032
2025-07-30 00:29:00+00:00,100149.98501335226
2025-07-30 00:30:00+00:00,100145.83963909307
2025-07-30 00:31:00+00:00,100159.93902932029
2025-07-30 00:32:00+00:00,100159.35048853041
2025-07-30 00:33:00+00:00,100141.41278880395
2025-07-30 00:34:00+00:00,100123.4495003475
2025-07-30 00:35:00+00:00,100130.63993347608
2025-07-30 00:36:00+00:00,100123.52626653749
2025-07-30 00:37:00+00:00,100109.70835234021
2025-07-30 00:38:00+00:00,100114.72374341922
2025-07-30 00:39:00+00:00,100126.05955080698
2025-07-30 00:40:00+00:00,100121.96535400779
2025-07-30 00:41:00+00:00,100132.45673330572
2025-07-30 00:42:00+00:00,100118.89470640839
2025-07-30 00:43:00+00:00,100120.4300302081
2025-07-30 00:44:00+00:00,100125.39424382712
2025-07-30 00:45:00+00:00,100122.65624971765
2025-07-30 00:46:00+00:00,100105.07679221113
2025-07-30 00:47:00+00:00,100110.16894948011
2025-07-30 00:48:00+00:00,100114.2631462793
2025-07-30 00:49:00+00:00,100107.09830188073
2025-07-30 00:50:00+00:00,100115.77288134901
2025-07-30 00:51:00+00:00,100118.89470640839
2025-07-30 00:52:00+00:00,100137.31859200475
2025-07-30 00:53:00+00:00,100153.18360460163
2025-07-30 00:54:00+00:00,100142.94811260366
2025-07-30 00:55:00+00:00,100156.12630855104
2025-07-30 00:56:00+00:00,100159.29931107041
2025-07-30 00:57:00+00:00,100161.8837727999
2025-07-30 00:58:00+00:00,100155.74247760112
2025-07-30 00:59:00+00:00,100159.83667440031
2025-07-30 01:00:00+00:00,100163.41909659961
2025-07-30 01:01:00+00:00,100162.90732199971
2025-07-30 01:02:00+00:00,100167.9483018087
2025-07-30 01:03:00+00:00,100168.5112538686
2025-07-30 01:04:00+00:00,100172.40074082784
2025-07-30 01:05:00+00:00,100170.14893258827
2025-07-30 01:06:00+00:00,100161.34640947002
2025-07-30 01:07:00+00:00,100167.0015187989
2025-07-30 01:08:00+00:00,100166.438566739
2025-07-30 01:09:00+00:00,100160.34844900022
2025-07-30 01:10:00+00:00,100147.55408400274
2025-07-30 01:11:00+00:00,100164.39146833941
2025-07-30 01:12:00+00:00,100162.90732199971
2025-07-30 01:13:00+00:00,100167.9994792687
2025-07-30 01:14:00+00:00,100163.9308711995
2025-07-30 01:15:00+00:00,100158.83871393051
2025-07-30 01:16:00+00:00,100126.08513953698
2025-07-30 01:17:00+00:00,100107.63566521062
2025-07-30 01:18:00+00:00,100078.69481158633
2025-07-30 01:19:00+00:00,100085.11758281506
2025-07-30 01:20:00+00:00,100078.74598904632
2025-07-30 01:21:00+00:00,100090.69592595397
2025-07-30 01:22:00+00:00,100121.70946670783
2025-07-30 01:23:00+00:00,100118.3829318085
2025-07-30 01:24:00+00:00,100108.65921441042
2025-07-30 01:25:00+00:00,100115.3122842091
2025-07-30 01:26:00+00:00,100113.44430691947
2025-07-30 01:27:00+00:00,100114.28873500931
2025-07-30 01:28:00+00:00,100098.75637590238
2025-07-30 01:29:00+00:00,100115.28669547911
2025-07-30 01:30:00+00:00,100110.52719170005
2025-07-30 01:31:00+00:00,100120.71150623803
2025-07-30 01:32:00+00:00,100142.92252387365
2025-07-30 01:33:00+00:00,100155.02599316125
2025-07-30 01:34:00+00:00,100145.48139687315
2025-07-30 01:35:00+00:00,100166.9759300689
2025-07-30 01:36:00+00:00,100172.5542732078
2025-07-30 01:37:00+00:00,100172.40074082784
2025-07-30 01:38:00+00:00,100187.42132533487
2025-07-30 01:39:00+00:00,100177.23701079687
2025-07-30 01:40:00+00:00,100188.2913421547
2025-07-30 01:41:00+00:00,100197.17063146294
2025-07-30 01:42:00+00:00,100196.14708226314
2025-07-30 01:43:00+00:00,100188.52164072465
2025-07-30 01:44:00+00:00,100191.56669959406
2025-07-30 01:45:00+00:00,100199.14096367254
2025-07-30 01:46:00+00:00,100218.58839846871
2025-07-30 01:47:00+00:00,100227.44209904697
2025-07-30 01:48:00+00:00,100223.78291065768
2025-07-30 01:49:00+00:00,100212.03768359001
2025-07-30 01:50:00+00:00,100213.0612327898
2025-07-30 01:51:00+00:00,100197.45210749289
2025-07-30 01:52:00+00:00,100192.59024879384
2025-07-30 01:53:00+00:00,100198.78272145262
2025-07-30 01:54:00+00:00,100212.01209486001
2025-07-30 01:55:00+00:00,100210.9885456602
2025-07-30 01:56:00+00:00,100198.32212431272
2025-07-30 01:57:00+00:00,100188.52164072465
2025-07-30 01:58:00+00:00,100186.93513946496
2025-07-30 01:59:00+00:00,100189.54518992445
2025-07-30 02:00:00+00:00,100206.30580807113
2025-07-30 02:01:00+00:00,100192.10406292394
2025-07-30 02:02:00+00:00,100198.21976939273
2025-07-30 02:03:00+00:00,100183.37830599566
2025-07-30 02:04:00+00:00,100171.19807051806
2025-07-30 02:05:00+00:00,100185.39981566527
2025-07-30 02:06:00+00:00,100181.79180473599
2025-07-30 02:07:00+00:00,100176.21346159707
2025-07-30 02:08:00+00:00,100190.21049690431
2025-07-30 02:09:00+00:00,100200.26686779232
2025-07-30 02:10:00+00:00,100199.21772986253
2025-07-30 02:11:00+00:00,100229.41243125657
2025-07-30 02:12:00+00:00,100234.3254674156
2025-07-30 02:13:00+00:00,100249.39722938262
2025-07-30 02:14:00+00:00,100251.41873905223
2025-07-30 02:15:00+00:00,100257.04825965111
2025-07-30 02:16:00+00:00,100243.38387783381
2025-07-30 02:17:00+00:00,100236.62845311515
2025-07-30 02:18:00+00:00,100229.94979458647
2025-07-30 02:19:00+00:00,100222.81053891788
2025-07-30 02:20:00+00:00,100222.19640939799
2025-07-30 02:21:00+00:00,100205.38461379132
2025-07-30 02:22:00+00:00,100219.99577861844
2025-07-30 02:23:00+00:00,100216.74600990908
2025-07-30 02:24:00+00:00,100215.31304102935
2025-07-30 02:25:00+00:00,100211.42355407012
2025-07-30 02:26:00+00:00,100215.95275927923
2025-07-30 02:27:00+00:00,100202.54426476188
2025-07-30 02:28:00+00:00,100203.08162809178
2025-07-30 02:29:00+00:00,100212.52386945991
2025-07-30 02:30:00+00:00,100194.43263735349
2025-07-30 02:31:00+00:00,100197.19622019294
2025-07-30 02:32:00+00:00,100207.40612346091
2025-07-30 02:33:00+00:00,100208.96703599062
2025-07-30 02:34:00+00:00,100232.38072393599
2025-07-30 02:35:00+00:00,100215.18509737938
2025-07-30 02:36:00+00:00,100225.34382318737
2025-07-30 02:37:00+00:00,100215.00597626941
2025-07-30 02:38:00+00:00,100218.17897878878
2025-07-30 02:39:00+00:00,100216.5668887991
2025-07-30 02:40:00+00:00,100235.2978391554
2025-07-30 02:41:00+00:00,100254.51497538162
2025-07-30 02:42:00+00:00,100249.90900398252
2025-07-30 02:43:00+00:00,100244.4586044936
2025-07-30 02:44:00+00:00,100239.31526976461
2025-07-30 02:45:00+00:00,100240.69706118434
2025-07-30 02:46:00+00:00,100236.3725658152
2025-07-30 02:47:00+00:00,100244.63772560356
2025-07-30 02:48:00+00:00,100249.39722938262
2025-07-30 02:49:00+00:00,100249.39722938262
2025-07-30 02:50:00+00:00,100240.9273597543
2025-07-30 02:51:00+00:00,100246.32658178323
2025-07-30 02:52:00+00:00,100241.51590054418
2025-07-30 02:53:00+00:00,100248.88545478272
2025-07-30 02:54:00+00:00,100238.77790643473
2025-07-30 02:55:00+00:00,100243.25593418384
2025-07-30 02:56:00+00:00,100227.44209904697
2025-07-30 02:57:00+00:00,100227.90269618688
2025-07-30 02:58:00+00:00,100231.97130425606
2025-07-30 02:59:00+00:00,100231.97130425606
2025-07-30 03:00:00+00:00,100231.61306203614
2025-07-30 03:01:00+00:00,100225.95795270725
2025-07-30 03:02:00+00:00,100227.90269618688
2025-07-30 03:03:00+00:00,100236.60286438515
2025-07-30 03:04:00+00:00,100228.44005951677
2025-07-30 03:05:00+00:00,100205.84521093123
2025-07-30 03:06:00+00:00,100206.28021934113
2025-07-30 03:07:00+00:00,100210.9885456602
2025-07-30 03:08:00+00:00,100207.43171219091
2025-07-30 03:09:00+00:00,100213.29153135975
2025-07-30 03:10:00+00:00,100219.84224623846
2025-07-30 03:11:00+00:00,100210.96295693022
2025-07-30 03:12:00+00:00,100207.91789806081
2025-07-30 03:13:00+00:00,100214.0591932596
2025-07-30 03:14:00+00:00,100224.83204858747
2025-07-30 03:15:00+00:00,100218.97222941864
2025-07-30 03:16:00+00:00,100212.65181310989
2025-07-30 03:17:00+00:00,100227.90269618688
2025-07-30 03:18:00+00:00,100222.78495018788
2025-07-30 03:19:00+00:00,100219.20252798859
2025-07-30 03:20:00+00:00,100206.38257426112
2025-07-30 03:21:00+00:00,100218.43486608873
2025-07-30 03:22:00+00:00,100223.29672478778
2025-07-30 03:23:00+00:00,100226.87914698708
2025-07-30 03:24:00+00:00,100223.83408811767
2025-07-30 03:25:00+00:00,100221.24962638819
2025-07-30 03:26:00+00:00,100211.03972312021
2025-07-30 03:27:00+00:00,100222.7337727279
2025-07-30 03:28:00+00:00,100234.96518566548
2025-07-30 03:29:00+00:00,100251.23961794226
2025-07-30 03:30:00+00:00,100251.13726302228
2025-07-30 03:31:00+00:00,100250.65107715238
2025-07-30 03:32:00+00:00,100251.44432778223
2025-07-30 03:33:00+00:00,100250.42077858243
2025-07-30 03:34:00+00:00,100252.46787698202
2025-07-30 03:35:00+00:00,100253.33789380184
2025-07-30 03:36:00+00:00,100258.53240599082
2025-07-30 03:37:00+00:00,100258.68593837079
2025-07-30 03:38:00+00:00,100263.59897452983
2025-07-30 03:39:00+00:00,100263.57338579983
2025-07-30 03:40:00+00:00,100262.06365073012
2025-07-30 03:41:00+00:00,100263.57338579983
2025-07-30 03:42:00+00:00,100269.89380210858
2025-07-30 03:43:00+00:00,100267.33492910909
2025-07-30 03:44:00+00:00,100268.35847830889
2025-07-30 03:45:00+00:00,100263.7269181798
2025-07-30 03:46:00+00:00,100260.37479455046
2025-07-30 03:47:00+00:00,100238.64996278475
2025-07-30 03:48:00+00:00,100252.44228825203
2025-07-30 03:49:00+00:00,100251.44432778223
2025-07-30 03:50:00+00:00,100261.6542310502
2025-07-30 03:51:00+00:00,100268.40965576888
2025-07-30 03:52:00+00:00,100285.42616121551
2025-07-30 03:53:00+00:00,100291.84893244425
2025-07-30 03:54:00+00:00,100289.92977769462
2025-07-30 03:55:00+00:00,100287.21737231516
2025-07-30 03:56:00+00:00,100281.12725457636
2025-07-30 03:57:00+00:00,100260.88656915036
2025-07-30 03:58:00+00:00,100269.15172893873
2025-07-30 03:59:00+00:00,100266.20902498931
2025-07-30 04:00:00+00:00,100267.53963894905
2025-07-30 04:01:00+00:00,100274.44859604767
2025-07-30 04:02:00+00:00,100269.22849512871
2025-07-30 04:03:00+00:00,100276.8283479372
2025-07-30 04:04:00+00:00,100272.93886097797
2025-07-30 04:05:00+00:00,100282.12521504617
2025-07-30 04:06:00+00:00,100291.15803673438
2025-07-30 04:07:00+00:00,100294.02397449382
2025-07-30 04:08:00+00:00,100287.5244370751
2025-07-30 04:09:00+00:00,100293.89603084384
2025-07-30 04:10:00+00:00,100287.06383993519
2025-07-30 04:11:00+00:00,100287.24296104515
2025-07-30 04:12:00+00:00,100287.11501739518
2025-07-30 04:13:00+00:00,100285.45174994551
2025-07-30 04:14:00+00:00,100281.53667425629
2025-07-30 04:15:00+00:00,100282.17639250615
2025-07-30 04:16:00+00:00,100283.17435297596
2025-07-30 04:17:00+00:00,100279.33604347671
2025-07-30 04:18:00+00:00,100275.01154810758
2025-07-30 04:19:00+00:00,100271.7617793982
2025-07-30 04:20:00+00:00,100277.10982396716
2025-07-30 04:21:00+00:00,100283.66053884586
2025-07-30 04:22:00+00:00,100283.68612757586
2025-07-30 04:23:00+00:00,100276.08627476735
2025-07-30 04:24:00+00:00,100271.55706955826
2025-07-30 04:25:00+00:00,100276.9307028572
2025-07-30 04:26:00+00:00,100280.58989124646
2025-07-30 04:27:00+00:00,100276.52128317728
2025-07-30 04:28:00+00:00,100271.65942447823
2025-07-30 04:29:00+00:00,100270.3799879785
2025-07-30 04:30:00+00:00,100261.2192226403
2025-07-30 04:31:00+00:00,100253.00524031192
2025-07-30 04:32:00+00:00,100252.16081222208
2025-07-30 04:33:00+00:00,100249.72988287256
2025-07-30 04:34:00+00:00,100243.28152291384
2025-07-30 04:35:00+00:00,100244.9959678235
2025-07-30 04:36:00+00:00,100233.50662805577
2025-07-30 04:37:00+00:00,100221.63345733812
2025-07-30 04:38:00+00:00,100226.2138400072
2025-07-30 04:39:00+00:00,100230.46156918636
2025-07-30 04:40:00+00:00,100222.81053891788
2025-07-30 04:41:00+00:00,100220.73785178829
2025-07-30 04:42:00+00:00,100225.77883159729
2025-07-30 04:43:00+00:00,100237.08905025506
2025-07-30 04:44:00+00:00,100237.08905025506
2025-07-30 04:45:00+00:00,100225.65088794731
2025-07-30 04:46:00+00:00,100226.87914698708
2025-07-30 04:47:00+00:00,100223.29672478778
2025-07-30 04:48:00+00:00,100218.17897878878
2025-07-30 04:49:00+00:00,100221.22403765819
2025-07-30 04:50:00+00:00,100224.2435077976
2025-07-30 04:51:00+00:00,100219.73989131849
2025-07-30 04:52:00+00:00,100220.02136734842
2025-07-30 04:53:00+00:00,100226.2394287372
2025-07-30 04:54:00+00:00,100228.8238904667
2025-07-30 04:55:00+00:00,100231.02452124626
2025-07-30 04:56:00+00:00,100237.60082485495
2025-07-30 04:57:00+00:00,100228.38888205678
2025-07-30 04:58:00+00:00,100223.29672478778
2025-07-30 04:59:00+00:00,100225.29264572739
2025-07-30 05:00:00+00:00,100229.92420585647
2025-07-30 05:01:00+00:00,100220.02136734842
2025-07-30 05:02:00+00:00,100222.60582907792
2025-07-30 05:03:00+00:00,100232.50866758596
2025-07-30 05:04:00+00:00,100241.18324705424
2025-07-30 05:05:00+00:00,100246.58246908318
2025-07-30 05:06:00+00:00,100224.85763731747
2025-07-30 05:07:00+00:00,100229.36125379658
2025-07-30 05:08:00+00:00,100212.37033707995
2025-07-30 05:09:00+00:00,100201.59748175206
2025-07-30 05:10:00+00:00,100197.3497525729
2025-07-30 05:11:00+00:00,100187.72839009481
2025-07-30 05:12:00+00:00,100165.21030769925
2025-07-30 05:13:00+00:00,100153.18360460163
2025-07-30 05:14:00+00:00,100150.62473160213
2025-07-30 05:15:00+00:00,100155.7936550611
2025-07-30 05:16:00+00:00,100165.4661949992
2025-07-30 05:17:00+00:00,100182.38034552586
2025-07-30 05:18:00+00:00,100181.84298219596
2025-07-30 05:19:00+00:00,100187.98427739475
2025-07-30 05:20:00+00:00,100194.79087957341
2025-07-30 05:21:00+00:00,100185.73246915519
2025-07-30 05:22:00+00:00,100193.61379799365
2025-07-30 05:23:00+00:00,100200.65069874225
2025-07-30 05:24:00+00:00,100209.65793170047
2025-07-30 05:25:00+00:00,100214.5709678595
2025-07-30 05:26:00+00:00,100218.69075338868
2025-07-30 05:27:00+00:00,100221.63345733812
2025-07-30 05:28:00+00:00,100218.6651646587
2025-07-30 05:29:00+00:00,100219.1513505286
2025-07-30 05:30:00+00:00,100221.73581225809
2025-07-30 05:31:00+00:00,100212.08886105
2025-07-30 05:32:00+00:00,100208.94144726061
2025-07-30 05:33:00+00:00,100198.73154399263
2025-07-30 05:34:00+00:00,100202.9280957118
2025-07-30 05:35:00+00:00,100215.5945170593
2025-07-30 05:36:00+00:00,100215.6201057893
2025-07-30 05:37:00+00:00,100204.84725046142
2025-07-30 05:38:00+00:00,100214.5965565895
2025-07-30 05:39:00+00:00,100208.55761631069
2025-07-30 05:40:00+00:00,100214.6221453195
2025-07-30 05:41:00+00:00,100214.0591932596
2025-07-30 05:42:00+00:00,100213.5985961197
2025-07-30 05:43:00+00:00,100206.40816299111
2025-07-30 05:44:00+00:00,100206.94552632101
2025-07-30 05:45:00+00:00,100202.82574079183
2025-07-30 05:46:00+00:00,100189.51960119445
2025-07-30 05:47:00+00:00,100203.33751539173
2025-07-30 05:48:00+00:00,100222.55465161793
2025-07-30 05:49:00+00:00,100226.59767095713
2025-07-30 05:50:00+00:00,100227.39092158698
2025-07-30 05:51:00+00:00,100231.05010997625
2025-07-30 05:52:00+00:00,100226.67443714711
2025-07-30 05:53:00+00:00,100215.13391991939
2025-07-30 05:54:00+00:00,100214.6221453195
2025-07-30 05:55:00+00:00,100214.0591932596
2025-07-30 05:56:00+00:00,100215.6201057893
2025-07-30 05:57:00+00:00,100219.79106877848
2025-07-30 05:58:00+00:00,100223.55261208773
2025-07-30 05:59:00+00:00,100223.55261208773
2025-07-30 06:00:00+00:00,100233.02044218587
2025-07-30 06:01:00+00:00,100235.2978391554
2025-07-30 06:02:00+00:00,100236.60286438515
2025-07-30 06:03:00+00:00,100236.57727565516
2025-07-30 06:04:00+00:00,100245.76362972334
2025-07-30 06:05:00+00:00,100251.67462635218
2025-07-30 06:06:00+00:00,100247.63160701298
2025-07-30 06:07:00+00:00,100242.74415958393
2025-07-30 06:08:00+00:00,100243.25593418384
2025-07-30 06:09:00+00:00,100243.74212005374
2025-07-30 06:10:00+00:00,100247.81072812295
2025-07-30 06:11:00+00:00,100248.85986605274
2025-07-30 06:12:00+00:00,100241.26001324423
2025-07-30 06:13:00+00:00,100246.22422686325
2025-07-30 06:14:00+00:00,100241.20883578424
2025-07-30 06:15:00+00:00,100253.5426036418
2025-07-30 06:16:00+00:00,100258.48122853083
2025-07-30 06:17:00+00:00,100264.2131040497
2025-07-30 06:18:00+00:00,100268.84466417879
2025-07-30 06:19:00+00:00,100273.78328906781
2025-07-30 06:20:00+00:00,100276.52128317728
2025-07-30 06:21:00+00:00,100270.17527813853
2025-07-30 06:22:00+00:00,100262.90807881996
2025-07-30 06:23:00+00:00,100257.611211711
2025-07-30 06:24:00+00:00,100255.53852458141
2025-07-30 06:25:00+00:00,100268.81907544879
2025-07-30 06:26:00+00:00,100278.56838157687
2025-07-30 06:27:00+00:00,100273.68093414784
2025-07-30 06:28:00+00:00,100276.52128317728
2025-07-30 06:29:00+00:00,100278.03101824697
2025-07-30 06:30:00+00:00,100274.98595937758
2025-07-30 06:31:00+00:00,100276.95629158718
2025-07-30 06:32:00+00:00,100275.52332270748
2025-07-30 06:33:00+00:00,100271.91531177818
2025-07-30 06:34:00+00:00,100262.62660279001
2025-07-30 06:35:00+00:00,100271.17323860833
2025-07-30 06:36:00+00:00,100261.98688454014
2025-07-30 06:37:00+00:00,100267.97464735896
2025-07-30 06:38:00+00:00,100270.48234289847
2025-07-30 06:39:00+00:00,100279.54075331667
2025-07-30 06:40:00+00:00,100290.82538324445
2025-07-30 06:41:00+00:00,100294.91958004364
2025-07-30 06:42:00+00:00,100298.50200224292
2025-07-30 06:43:00+00:00,100302.08442444222
2025-07-30 06:44:00+00:00,100298.93701065285
2025-07-30 06:45:00+00:00,100292.5910056141
2025-07-30 06:46:00+00:00,100298.32288113298
2025-07-30 06:47:00+00:00,100293.28190132396
2025-07-30 06:48:00+00:00,100298.83465573286
2025-07-30 06:49:00+00:00,100302.31472301218
2025-07-30 06:50:00+00:00,100305.82037902149
2025-07-30 06:51:00+00:00,100310.01693074066
2025-07-30 06:52:00+00:00,100307.7395337711
2025-07-30 06:53:00+00:00,100300.6514555625
2025-07-30 06:54:00+00:00,100296.35254892336
2025-07-30 06:55:00+00:00,100303.87563554187
2025-07-30 06:56:00+00:00,100303.41503840196
2025-07-30 06:57:00+00:00,100302.64737650211
2025-07-30 06:58:00+00:00,100303.13356237202
2025-07-30 06:59:00+00:00,100296.71079114328
2025-07-30 07:00:00+00:00,100299.55114017273
2025-07-30 07:01:00+00:00,100304.61770871172
2025-07-30 07:02:00+00:00,100304.64329744171
2025-07-30 07:03:00+00:00,100306.33215362139
2025-07-30 07:04:00+00:00,100307.56041266114
2025-07-30 07:05:00+00:00,100325.90753206752
2025-07-30 07:06:00+00:00,100326.93108126732
2025-07-30 07:07:00+00:00,100332.73972297617
2025-07-30 07:08:00+00:00,100330.5390921966
2025-07-30 07:09:00+00:00,100304.18270030181
2025-07-30 07:10:00+00:00,100289.39241436473
2025-07-30 07:11:00+00:00,100291.92569863424
2025-07-30 07:12:00+00:00,100280.10370537656
2025-07-30 07:13:00+00:00,100278.08219570696
2025-07-30 07:14:00+00:00,100280.23164902654
2025-07-30 07:15:00+00:00,100281.15284330636
2025-07-30 07:16:00+00:00,100276.03509730737
2025-07-30 07:17:00+00:00,100282.02286012619
2025-07-30 07:18:00+00:00,100277.59600983706
2025-07-30 07:19:00+00:00,100278.13337316696
2025-07-30 07:20:00+00:00,100293.40984497394
2025-07-30 07:21:00+00:00,100300.06291477263
2025-07-30 07:22:00+00:00,100303.7221031619
2025-07-30 07:23:00+00:00,100304.43858760176
2025-07-30 07:24:00+00:00,100302.62178777212
2025-07-30 07:25:00+00:00,100298.52759097292
2025-07-30 07:26:00+00:00,100300.08850350261
2025-07-30 07:27:00+00:00,100310.7845926405
2025-07-30 07:28:00+00:00,100315.46733022959
2025-07-30 07:29:00+00:00,100317.02824275928
2025-07-30 07:30:00+00:00,100320.02212416868
2025-07-30 07:31:00+00:00,100313.8808289699
2025-07-30 07:32:00+00:00,100290.31360864454
2025-07-30 07:33:00+00:00,100291.18362546439
2025-07-30 07:34:00+00:00,100293.87044211384
2025-07-30 07:35:00+00:00,100293.79367592387
2025-07-30 07:36:00+00:00,100301.59823857232
2025-07-30 07:37:00+00:00,100294.91958004364
2025-07-30 07:38:00+00:00,100293.40984497394
2025-07-30 07:39:00+00:00,100273.27151446791
2025-07-30 07:40:00+00:00,100269.02378528875
2025-07-30 07:41:00+00:00,100277.59600983706
2025-07-30 07:42:00+00:00,100276.03509730737
2025-07-30 07:43:00+00:00,100288.29209897495
2025-07-30 07:44:00+00:00,100287.26854977515
2025-07-30 07:45:00+00:00,100282.15080377617
2025-07-30 07:46:00+00:00,100272.93886097797
2025-07-30 07:47:00+00:00,100269.48438242867
2025-07-30 07:48:00+00:00,100274.49977350768
2025-07-30 07:49:00+00:00,100275.80479873742
2025-07-30 07:50:00+00:00,100271.96648923817
2025-07-30 07:51:00+00:00,100269.61232607864
2025-07-30 07:52:00+00:00,100266.72079958921
2025-07-30 07:53:00+00:00,100263.41985341985
2025-07-30 07:54:00+00:00,100270.7894076584
2025-07-30 07:55:00+00:00,100264.2386927797
2025-07-30 07:56:00+00:00,100257.86709901095
2025-07-30 07:57:00+00:00,100254.1055557017
2025-07-30 07:58:00+00:00,100259.27447916068
2025-07-30 07:59:00+00:00,100257.611211711
2025-07-30 08:00:00+00:00,100261.37275502026
2025-07-30 08:01:00+00:00,100260.6818593104
2025-07-30 08:02:00+00:00,100266.36255736928
2025-07-30 08:03:00+00:00,100273.98799890777
2025-07-30 08:04:00+00:00,100275.98391984738
2025-07-30 08:05:00+00:00,100274.44859604767
2025-07-30 08:06:00+00:00,100272.06884415814
2025-07-30 08:07:00+00:00,100277.54483237707
2025-07-30 08:08:00+00:00,100293.38425624394
2025-07-30 08:09:00+00:00,100273.93682144777
2025-07-30 08:10:00+00:00,100269.56114861864
2025-07-30 08:11:00+00:00,100258.30210742087
2025-07-30 08:12:00+00:00,100239.80145563453
2025-07-30 08:13:00+00:00,100235.06754058546
2025-07-30 08:14:00+00:00,100231.35717473619
2025-07-30 08:15:00+00:00,100226.39296111718
2025-07-30 08:16:00+00:00,100226.36737238718
2025-07-30 08:17:00+00:00,100243.79329751374
2025-07-30 08:18:00+00:00,100237.370526285
2025-07-30 08:19:00+00:00,100247.42689717302
2025-07-30 08:20:00+00:00,100229.69390728652
2025-07-30 08:21:00+00:00,100240.9273597543
2025-07-30 08:22:00+00:00,100240.69706118434
2025-07-30 08:23:00+00:00,100248.83427732275
2025-07-30 08:24:00+00:00,100245.55891988339
2025-07-30 08:25:00+00:00,100250.08812509249
2025-07-30 08:26:00+00:00,100251.39315032223
2025-07-30 08:27:00+00:00,100257.58562298102
2025-07-30 08:28:00+00:00,100251.95610238213
2025-07-30 08:29:00+00:00,100266.79756577918
2025-07-30 08:30:00+00:00,100271.63383574823
2025-07-30 08:31:00+00:00,100259.6071326506
2025-07-30 08:32:00+00:00,100259.6071326506
2025-07-30 08:33:00+00:00,100249.90900398252
2025-07-30 08:34:00+00:00,100265.2622419795
2025-07-30 08:35:00+00:00,100272.42708637808
2025-07-30 08:36:00+00:00,100283.66053884586
2025-07-30 08:37:00+00:00,100283.27670789594
2025-07-30 08:38:00+00:00,100289.80183404464
2025-07-30 08:39:00+00:00,100291.15803673438
2025-07-30 08:40:00+00:00,100283.19994170596
2025-07-30 08:41:00+00:00,100289.80183404464
2025-07-30 08:42:00+00:00,100314.11112753984
2025-07-30 08:43:00+00:00,100319.66388194876
2025-07-30 08:44:00+00:00,100319.51034956878
2025-07-30 08:45:00+00:00,100322.22275494825
2025-07-30 08:46:00+00:00,100320.76419733853
2025-07-30 08:47:00+00:00,100325.62605603758
2025-07-30 08:48:00+00:00,100327.69874316716
2025-07-30 08:49:00+00:00,100333.84003836595
2025-07-30 08:50:00+00:00,100331.97206107632
2025-07-30 08:51:00+00:00,100332.94443281613
2025-07-30 08:52:00+00:00,100343.23110227409
2025-07-30 08:53:00+00:00,100349.19327636293
2025-07-30 08:54:00+00:00,100343.56375576403
2025-07-30 08:55:00+00:00,100339.31602658487
2025-07-30 08:56:00+00:00,100335.24741851568
2025-07-30 08:57:00+00:00,100326.62401650738
2025-07-30 08:58:00+00:00,100329.72025283676
2025-07-30 08:59:00+00:00,100318.9985749689
2025-07-30 09:00:00+00:00,100321.32714939842
2025-07-30 09:01:00+00:00,100311.04047994045
2025-07-30 09:02:00+00:00,100299.11613176281
2025-07-30 09:03:00+00:00,100314.82761197971
2025-07-30 09:04:00+00:00,100307.2277591712
2025-07-30 09:05:00+00:00,100331.20439917647
2025-07-30 09:06:00+00:00,100335.34977343565
2025-07-30 09:07:00+00:00,100316.69558926934
2025-07-30 09:08:00+00:00,100313.9064176999
2025-07-30 09:09:00+00:00,100314.3670148398
2025-07-30 09:10:00+00:00,100306.71598457132
2025-07-30 09:11:00+00:00,100297.70875161309
2025-07-30 09:12:00+00:00,100284.88879788562
2025-07-30 09:13:00+00:00,100290.36478610453
2025-07-30 09:14:00+00:00,100292.33511831415
2025-07-30 09:15:00+00:00,100297.96463891304
2025-07-30 09:16:00+00:00,100300.72822175249
2025-07-30 09:17:00+00:00,100292.41188450414
2025-07-30 09:18:00+00:00,100290.31360864454
2025-07-30 09:19:00+00:00,100288.11297786498
2025-07-30 09:20:00+00:00,100284.45378947571
2025-07-30 09:21:00+00:00,100279.54075331667
2025-07-30 09:22:00+00:00,100281.9460939362
2025-07-30 09:23:00+00:00,100276.18862968734
2025-07-30 09:24:00+00:00,100273.96241017777
2025-07-30 09:25:00+00:00,100285.14468518557
2025-07-30 09:26:00+00:00,100281.12725457636
2025-07-30 09:27:00+00:00,100274.21829747772
2025-07-30 09:28:00+00:00,100269.35643877869
2025-07-30 09:29:00+00:00,100265.08312086953
2025-07-30 09:30:00+00:00,100240.3899964244
2025-07-30 09:31:00+00:00,100249.39722938262
2025-07-30 09:32:00+00:00,100246.83835638313
2025-07-30 09:33:00+00:00,100249.90900398252
2025-07-30 09:34:00+00:00,100241.69502165414
2025-07-30 09:35:00+00:00,100238.13818818485
2025-07-30 09:36:00+00:00,100225.88118651728
2025-07-30 09:37:00+00:00,100230.71745648631
2025-07-30 09:38:00+00:00,100227.39092158698
2025-07-30 09:39:00+00:00,100233.55780551575
2025-07-30 09:40:00+00:00,100228.41447078677
2025-07-30 09:41:00+00:00,100235.45137153538
2025-07-30 09:42:00+00:00,100237.19140517504
2025-07-30 09:43:00+00:00,100241.20883578424
2025-07-30 09:44:00+00:00,100234.58135471556
2025-07-30 09:45:00+00:00,100241.4391343542
2025-07-30 09:46:00+00:00,100240.69706118434
2025-07-30 09:47:00+00:00,100241.56707800417
2025-07-30 09:48:00+00:00,100235.09312931546
2025-07-30 09:49:00+00:00,100241.4647230842
2025-07-30 09:50:00+00:00,100252.46787698202
2025-07-30 09:51:00+00:00,100259.1209467807
2025-07-30 09:52:00+00:00,100255.02674998151
2025-07-30 09:53:00+00:00,100254.1055557017
2025-07-30 09:54:00+00:00,100253.0308290419
2025-07-30 09:55:00+00:00,100261.6798197802
2025-07-30 09:56:00+00:00,100266.2857911793
2025-07-30 09:57:00+00:00,100273.39945811788
2025-07-30 09:58:00+00:00,100275.52332270748
2025-07-30 09:59:00+00:00,100266.79756577918
2025-07-30 10:00:00+00:00,100281.61344044626
2025-07-30 10:01:00+00:00,100285.73322597545
2025-07-30 10:02:00+00:00,100289.11093833478
2025-07-30 10:03:00+00:00,100298.73230081289
2025-07-30 10:04:00+00:00,100303.87563554187
2025-07-30 10:05:00+00:00,100306.17862124142
2025-07-30 10:06:00+00:00,100309.14691392083
2025-07-30 10:07:00+00:00,100310.09369693065
2025-07-30 10:08:00+00:00,100304.56653125174
2025-07-30 10:09:00+00:00,100304.84800728167
2025-07-30 10:10:00+00:00,100309.86339836069
2025-07-30 10:11:00+00:00,100314.3926035698
2025-07-30 10:12:00+00:00,100310.3239955006
2025-07-30 10:13:00+00:00,100303.7476918919
2025-07-30 10:14:00+00:00,100310.2728180406
2025-07-30 10:15:00+00:00,100307.20217044122
2025-07-30 10:16:00+00:00,100300.57468937253
2025-07-30 10:17:00+00:00,100285.29821756553
2025-07-30 10:18:00+00:00,100289.0853496048
2025-07-30 10:19:00+00:00,100290.85097197445
2025-07-30 10:20:00+00:00,100302.59619904212
2025-07-30 10:21:00+00:00,100305.61566918153
2025-07-30 10:22:00+00:00,100301.62382730232
2025-07-30 10:23:00+00:00,100300.06291477263
2025-07-30 10:24:00+00:00,100301.08646397242
2025-07-30 10:25:00+00:00,100305.66684664151
2025-07-30 10:26:00+00:00,100299.52555144273
2025-07-30 10:27:00+00:00,100294.94516877363
2025-07-30 10:28:00+00:00,100302.59619904212
2025-07-30 10:29:00+00:00,100307.8418886911
2025-07-30 10:30:00+00:00,100296.12225035341
2025-07-30 10:31:00+00:00,100306.71598457132
2025-07-30 10:32:00+00:00,100307.20217044122
2025-07-30 10:33:00+00:00,100311.8081418403
2025-07-30 10:34:00+00:00,100304.89918474166
2025-07-30 10:35:00+00:00,100314.3670148398
2025-07-30 10:36:00+00:00,100320.73860860855
2025-07-30 10:37:00+00:00,100324.85839413773
2025-07-30 10:38:00+00:00,100328.13375157709
2025-07-30 10:39:00+00:00,100332.79090043616
2025-07-30 10:40:00+00:00,100332.81648916616
2025-07-30 10:41:00+00:00,100328.72229236696
2025-07-30 10:42:00+00:00,100324.62809556778
2025-07-30 10:43:00+00:00,100327.28932348725
2025-07-30 10:44:00+00:00,100320.86655225852
2025-07-30 10:45:00+00:00,100331.25557663647
2025-07-30 10:46:00+00:00,100332.30471456626
2025-07-30 10:47:00+00:00,100328.18492903707
2025-07-30 10:48:00+00:00,100320.9689071785
2025-07-30 10:49:00+00:00,100309.24926884081
2025-07-30 10:50:00+00:00,100294.43339417374
2025-07-30 10:51:00+00:00,100279.84781807661
2025-07-30 10:52:00+00:00,100262.44748168005
2025-07-30 10:53:00+00:00,100244.07477354367
2025-07-30 10:54:00+00:00,100238.64996278475
2025-07-30 10:55:00+00:00,100240.21087531444
2025-07-30 10:56:00+00:00,100245.9683395633
2025-07-30 10:57:00+00:00,100249.34605192264
2025-07-30 10:58:00+00:00,100235.65608137535
2025-07-30 10:59:00+00:00,100230.71745648631
2025-07-30 11:00:00+00:00,100221.07050527821
2025-07-30 11:01:00+00:00,100230.43598045637
2025-07-30 11:02:00+00:00,100245.84039591333
2025-07-30 11:03:00+00:00,100259.6327213806
2025-07-30 11:04:00+00:00,100259.6327213806
2025-07-30 11:05:00+00:00,100269.84262464859
2025-07-30 11:06:00+00:00,100259.1209467807
2025-07-30 11:07:00+00:00,100259.6071326506
2025-07-30 11:08:00+00:00,100261.27040010029
2025-07-30 11:09:00+00:00,100249.39722938262
2025-07-30 11:10:00+00:00,100259.1209467807
2025-07-30 11:11:00+00:00,100264.85282229958
2025-07-30 11:12:00+00:00,100260.6818593104
2025-07-30 11:13:00+00:00,100250.42077858243
2025-07-30 11:14:00+00:00,100247.86190558293
2025-07-30 11:15:00+00:00,100243.28152291384
2025-07-30 11:16:00+00:00,100219.73989131849
2025-07-30 11:17:00+00:00,100202.03249016198
2025-07-30 11:18:00+00:00,100199.72950446243
2025-07-30 11:19:00+00:00,100190.10814198434
2025-07-30 11:20:00+00:00,100194.12557259353
2025-07-30 11:21:00+00:00,100198.62918907266
2025-07-30 11:22:00+00:00,100200.24127906233
2025-07-30 11:23:00+00:00,100196.17267099314
2025-07-30 11:24:00+00:00,100176.1111066771
2025-07-30 11:25:00+00:00,100186.47454232506
2025-07-30 11:26:00+00:00,100175.21550112727
2025-07-30 11:27:00+00:00,100176.69964746697
2025-07-30 11:28:00+00:00,100191.61787705403
2025-07-30 11:29:00+00:00,100180.30765839627
2025-07-30 11:30:00+00:00,100193.61379799365
2025-07-30 11:31:00+00:00,100192.61583752384
2025-07-30 11:32:00+00:00,100206.38257426112
2025-07-30 11:33:00+00:00,100223.27113605778
2025-07-30 11:34:00+00:00,100218.17897878878
2025-07-30 11:35:00+00:00,100213.5730073897
2025-07-30 11:36:00+00:00,100202.82574079183
2025-07-30 11:37:00+00:00,100201.18806207215
2025-07-30 11:38:00+00:00,100203.79811253163
2025-07-30 11:39:00+00:00,100213.13799897979
2025-07-30 11:40:00+00:00,100205.35902506132
2025-07-30 11:41:00+00:00,100197.22180892293
2025-07-30 11:42:00+00:00,100209.47881059052
2025-07-30 11:43:00+00:00,100183.89008059556
2025-07-30 11:44:00+00:00,100173.65458859758
2025-07-30 11:45:00+00:00,100184.91362979537
2025-07-30 11:46:00+00:00,100187.44691406486
2025-07-30 11:47:00+00:00,100170.86541702814
2025-07-30 11:48:00+00:00,100171.12130432809
2025-07-30 11:49:00+00:00,100136.80681740487
2025-07-30 11:50:00+00:00,100128.54165761649
2025-07-30 11:51:00+00:00,100113.62342802943
2025-07-30 11:52:00+00:00,100131.15170807598
2025-07-30 11:53:00+00:00,100120.4044414781
2025-07-30 11:54:00+00:00,100110.85984518999
2025-07-30 11:55:00+00:00,100085.9364221749
2025-07-30 11:56:00+00:00,100083.07048441547
2025-07-30 11:57:00+00:00,100112.88135485958
2025-07-30 11:58:00+00:00,100108.04508489053
2025-07-30 11:59:00+00:00,100116.59172070885
2025-07-30 12:00:00+00:00,100115.3378729391
2025-07-30 12:01:00+00:00,100097.32340702266
2025-07-30 12:02:00+00:00,100102.54350794162
2025-07-30 12:03:00+00:00,100112.08810422974
2025-07-30 12:04:00+00:00,100124.95923541719
2025-07-30 12:05:00+00:00,100111.21808740991
2025-07-30 12:06:00+00:00,100104.43707396125
2025-07-30 12:07:00+00:00,100103.02969381152
2025-07-30 12:08:00+00:00,100110.98778883996
2025-07-30 12:09:00+00:00,100091.64270896377
2025-07-30 12:10:00+00:00,100068.81756180829
2025-07-30 12:11:00+00:00,100065.79809166888
2025-07-30 12:12:00+00:00,100085.11758281506
2025-07-30 12:13:00+00:00,100100.49640954203
2025-07-30 12:14:00+00:00,100091.48917658381
2025-07-30 12:15:00+00:00,100064.59542135912
2025-07-30 12:16:00+00:00,100090.542393574
2025-07-30 12:17:00+00:00,100086.19230947485
2025-07-30 12:18:00+00:00,100096.91398734273
2025-07-30 12:19:00+00:00,100100.624353192
2025-07-30 12:20:00+00:00,100107.7380201306
2025-07-30 12:21:00+00:00,100123.70538764744
2025-07-30 12:22:00+00:00,100176.21346159707
2025-07-30 12:23:00+00:00,100161.85818406992
2025-07-30 12:24:00+00:00,100173.44987875762
2025-07-30 12:25:00+00:00,100181.56150616602
2025-07-30 12:26:00+00:00,100188.64958437462
2025-07-30 12:27:00+00:00,100172.60545066779
2025-07-30 12:28:00+00:00,100161.62788549995
2025-07-30 12:29:00+00:00,100160.57874757017
2025-07-30 12:30:00+00:00,100156.76602680092
2025-07-30 12:31:00+00:00,100128.64401253648
2025-07-30 12:32:00+00:00,100124.52422700729
2025-07-30 12:33:00+00:00,100139.87746500425
2025-07-30 12:34:00+00:00,100151.26444985201
2025-07-30 12:35:00+00:00,100143.05046752363
2025-07-30 12:36:00+00:00,100124.95923541719
2025-07-30 12:37:00+00:00,100145.78846163308
2025-07-30 12:38:00+00:00,100163.26556421963
2025-07-30 12:39:00+00:00,100173.65458859758
2025-07-30 12:40:00+00:00,100169.76510163836
2025-07-30 12:41:00+00:00,100190.67109404423
2025-07-30 12:42:00+00:00,100136.83240613485
2025-07-30 12:43:00+00:00,100141.41278880395
2025-07-30 12:44:00+00:00,100119.4064810083
2025-07-30 12:45:00+00:00,100136.26945407497
2025-07-30 12:46:00+00:00,100134.75971900526
2025-07-30 12:47:00+00:00,100132.71262060567
2025-07-30 12:48:00+00:00,100128.31135904654
2025-07-30 12:49:00+00:00,100140.72189309409
2025-07-30 12:50:00+00:00,100129.66756173628
2025-07-30 12:51:00+00:00,100142.74340276368
2025-07-30 12:52:00+00:00,100147.88673749266
2025-07-30 12:53:00+00:00,100164.59617817937
2025-07-30 12:54:00+00:00,100163.62380643957
2025-07-30 12:55:00+00:00,100173.6289998676
2025-07-30 12:56:00+00:00,100187.88192247477
2025-07-30 12:57:00+00:00,100177.74878539678
2025-07-30 12:58:00+00:00,100176.21346159707
2025-07-30 12:59:00+00:00,100155.94718744108
2025-07-30 13:00:00+00:00,100169.5348030684
2025-07-30 13:01:00+00:00,100164.9288316693
2025-07-30 13:02:00+00:00,100160.8858123301
2025-07-30 13:03:00+00:00,100162.72820088975
2025-07-30 13:04:00+00:00,100109.93865091016
2025-07-30 13:05:00+00:00,100133.73616980546
2025-07-30 13:06:00+00:00,100190.00578706435
2025-07-30 13:07:00+00:00,100161.3719982
2025-07-30 13:08:00+00:00,100152.16005540182
2025-07-30 13:09:00+00:00,100155.92159871108
2025-07-30 13:10:00+00:00,100149.47323875235
2025-07-30 13:11:00+00:00,100148.57763320254
2025-07-30 13:12:00+00:00,100151.13650620203
2025-07-30 13:13:00+00:00,100155.74247760112
2025-07-30 13:14:00+00:00,100107.14947934072
2025-07-30 13:15:00+00:00,100113.52107310946
2025-07-30 13:16:00+00:00,100174.93402509733
2025-07-30 13:17:00+00:00,100124.03804113738
2025-07-30 13:18:00+00:00,100139.36569040435
2025-07-30 13:19:00+00:00,100120.45561893808
2025-07-30 13:20:00+00:00,100110.80866772999
2025-07-30 13:21:00+00:00,100112.7534112096
2025-07-30 13:22:00+00:00,100119.09941624835
2025-07-30 13:23:00+00:00,100098.03989146251
2025-07-30 13:24:00+00:00,100101.49437001183
2025-07-30 13:25:00+00:00,100125.88042969702
2025-07-30 13:26:00+00:00,100112.21604787972
2025-07-30 13:27:00+00:00,100097.93753654254
2025-07-30 13:28:00+00:00,100098.32136749246
2025-07-30 13:29:00+00:00,100099.47286034224
2025-07-30 13:30:00+00:00,100095.532195923
2025-07-30 13:31:00+00:00,100107.12389061072
2025-07-30 13:32:00+00:00,100088.67441628437
2025-07-30 13:33:00+00:00,100118.15263323854
2025-07-30 13:34:00+00:00,100114.28873500931
2025-07-30 13:35:00+00:00,100124.52422700729
2025-07-30 13:36:00+00:00,100140.28688468417
2025-07-30 13:37:00+00:00,100151.341216042
2025-07-30 13:38:00+00:00,100157.78957600071
2025-07-30 13:39:00+00:00,100147.57967273274
2025-07-30 13:40:00+00:00,100142.10368451382
2025-07-30 13:41:00+00:00,100141.38720007395
2025-07-30 13:42:00+00:00,100112.42075771966
2025-07-30 13:43:00+00:00,100135.65532455509
2025-07-30 13:44:00+00:00,100137.31859200475
2025-07-30 13:45:00+00:00,100168.84390735853
2025-07-30 13:46:00+00:00,100172.22161971786
2025-07-30 13:47:00+00:00,100127.36457603672
2025-07-30 13:48:00+00:00,100138.34214120456
2025-07-30 13:49:00+00:00,100111.09014375994
2025-07-30 13:50:00+00:00,100098.42372241244
2025-07-30 13:51:00+00:00,100105.58856681103
2025-07-30 13:52:00+00:00,100106.53534982083
2025-07-30 13:53:00+00:00,100109.96423964016
2025-07-30 13:54:00+00:00,100110.04100583013
2025-07-30 13:55:00+00:00,100129.23255332635
2025-07-30 13:56:00+00:00,100105.79327665098
2025-07-30 13:57:00+00:00,100149.08940780243
2025-07-30 13:58:00+00:00,100158.30135060061
2025-07-30 13:59:00+00:00,100143.05046752363
2025-07-30 14:00:00+00:00,100128.31135904654
2025-07-30 14:01:00+00:00,100142.38516054375
2025-07-30 14:02:00+00:00,100152.51829762175
2025-07-30 14:03:00+00:00,100144.76491243328
2025-07-30 14:04:00+00:00,100151.92975683187
2025-07-30 14:05:00+00:00,100167.92271307872
2025-07-30 14:06:00+00:00,100172.11926479789
2025-07-30 14:07:00+00:00,100180.94737664615
2025-07-30 14:08:00+00:00,100181.74062727598
2025-07-30 14:09:00+00:00,100179.79588379637
2025-07-30 14:10:00+00:00,100164.69853309935
2025-07-30 14:11:00+00:00,100139.36569040435
2025-07-30 14:12:00+00:00,100151.341216042
2025-07-30 14:13:00+00:00,100174.95961382732
2025-07-30 14:14:00+00:00,100184.50421011544
2025-07-30 14:15:00+00:00,100190.7990376942
2025-07-30 14:16:00+00:00,100178.77233459658
2025-07-30 14:17:00+00:00,100164.23793595945
2025-07-30 14:18:00+00:00,100179.66794014639
2025-07-30 14:19:00+00:00,100197.04268781297
2025-07-30 14:20:00+00:00,100214.16154817959
2025-07-30 14:21:00+00:00,100227.7747525369
2025-07-30 14:22:00+00:00,100224.83204858747
2025-07-30 14:23:00+00:00,100228.95183411667
2025-07-30 14:24:00+00:00,100186.65366343502
2025-07-30 14:25:00+00:00,100191.61787705403
2025-07-30 14:26:00+00:00,100184.24832281549
2025-07-30 14:27:00+00:00,100175.98316302712
2025-07-30 14:28:00+00:00,100162.9329107297
2025-07-30 14:29:00+00:00,100160.34844900022
2025-07-30 14:30:00+00:00,100183.86449186556
2025-07-30 14:31:00+00:00,100187.2677929549
2025-07-30 14:32:00+00:00,100205.69167855126
2025-07-30 14:33:00+00:00,100208.37849520073
2025-07-30 14:34:00+00:00,100201.54630429207
2025-07-30 14:35:00+00:00,100188.00986612475
2025-07-30 14:36:00+00:00,100199.24331859253
2025-07-30 14:37:00+00:00,100221.76140098809
2025-07-30 14:38:00+00:00,100225.34382318737
2025-07-30 14:39:00+00:00,100242.79533704394
2025-07-30 14:40:00+00:00,100276.90511412719
2025-07-30 14:41:00+00:00,100250.67666588238
2025-07-30 14:42:00+00:00,100233.3275069458
2025-07-30 14:43:00+00:00,100250.95814191233
2025-07-30 14:44:00+00:00,100254.0287895117
2025-07-30 14:45:00+00:00,100255.89676680134
2025-07-30 14:46:00+00:00,100269.33085004869
2025-07-30 14:47:00+00:00,100272.96444970797
2025-07-30 14:48:00+00:00,100273.3226919279
2025-07-30 14:49:00+00:00,100279.10574490676
2025-07-30 14:50:00+00:00,100304.2338777618
2025-07-30 14:51:00+00:00,100347.14617796332
2025-07-30 14:52:00+00:00,100390.77496260472
2025-07-30 14:53:00+00:00,100365.05828895979
2025-07-30 14:54:00+00:00,100381.63978599652
2025-07-30 14:55:00+00:00,100394.74121575392
2025-07-30 14:56:00+00:00,100379.79739743688
2025-07-30 14:57:00+00:00,100384.01953788605
2025-07-30 14:58:00+00:00,100389.21405007501
2025-07-30 14:59:00+00:00,100406.99821742151
2025-07-30 15:00:00+00:00,100409.0709045511
2025-07-30 15:01:00+00:00,100383.53335201614
2025-07-30 15:02:00+00:00,100387.06459675544
2025-07-30 15:03:00+00:00,100374.29582048797
2025-07-30 15:04:00+00:00,100368.84542099905
2025-07-30 15:05:00+00:00,100367.6171619593
2025-07-30 15:06:00+00:00,100337.90864643516
2025-07-30 15:07:00+00:00,100307.02304933124
2025-07-30 15:08:00+00:00,100322.04363383829
2025-07-30 15:09:00+00:00,100319.9709467087
2025-07-30 15:10:00+00:00,100331.66499631638
2025-07-30 15:11:00+00:00,100325.67723349757
2025-07-30 15:12:00+00:00,100311.8593193003
2025-07-30 15:13:00+00:00,100322.55540843817
2025-07-30 15:14:00+00:00,100319.53593829878
2025-07-30 15:15:00+00:00,100325.60046730758
2025-07-30 15:16:00+00:00,100328.18492903707
2025-07-30 15:17:00+00:00,100328.85023601694
2025-07-30 15:18:00+00:00,100333.43061868603
2025-07-30 15:19:00+00:00,100323.60454636798
2025-07-30 15:20:00+00:00,100325.67723349757
2025-07-30 15:21:00+00:00,100302.34031174217
2025-07-30 15:22:00+00:00,100294.25427306377
2025-07-30 15:23:00+00:00,100277.64718729704
2025-07-30 15:24:00+00:00,100295.45694337353
2025-07-30 15:25:00+00:00,100297.1713882832
2025-07-30 15:26:00+00:00,100276.23980714733
2025-07-30 15:27:00+00:00,100262.06365073012
2025-07-30 15:28:00+00:00,100266.49050101926
2025-07-30 15:29:00+00:00,100268.74230925881
2025-07-30 15:30:00+00:00,100266.49050101926
2025-07-30 15:31:00+00:00,100252.69817555198
2025-07-30 15:32:00+00:00,100252.69817555198
2025-07-30 15:33:00+00:00,100253.1075952319
2025-07-30 15:34:00+00:00,100265.7996053094
2025-07-30 15:35:00+00:00,100268.17935719891
2025-07-30 15:36:00+00:00,100282.84169948602
2025-07-30 15:37:00+00:00,100284.88879788562
2025-07-30 15:38:00+00:00,100265.56930673943
2025-07-30 15:39:00+00:00,100261.6798197802
2025-07-30 15:40:00+00:00,100280.05252791657
2025-07-30 15:41:00+00:00,100264.2386927797
2025-07-30 15:42:00+00:00,100255.00116125152
2025-07-30 15:43:00+00:00,100250.44636731243
2025-07-30 15:44:00+00:00,100254.51497538162
2025-07-30 15:45:00+00:00,100257.71356663099
2025-07-30 15:46:00+00:00,100273.04121589796
2025-07-30 15:47:00+00:00,100260.14449598051
2025-07-30 15:48:00+00:00,100268.33288957889
2025-07-30 15:49:00+00:00,100250.83019826235
2025-07-30 15:50:00+00:00,100198.21976939273
2025-07-30 15:51:00+00:00,100216.72042117908
2025-07-30 15:52:00+00:00,100215.85040435925
2025-07-30 15:53:00+00:00,100227.10944555703
2025-07-30 15:54:00+00:00,100231.97130425606
2025-07-30 15:55:00+00:00,100231.48511838616
2025-07-30 15:56:00+00:00,100204.13076602157
2025-07-30 15:57:00+00:00,100210.0161739204
2025-07-30 15:58:00+00:00,100223.19436986781
2025-07-30 15:59:00+00:00,100226.62325968713
2025-07-30 16:00:00+00:00,100212.5494581899
2025-07-30 16:01:00+00:00,100202.00690143199
2025-07-30 16:02:00+00:00,100185.42540439527
2025-07-30 16:03:00+00:00,100192.07847419394
2025-07-30 16:04:00+00:00,100189.13577024452
2025-07-30 16:05:00+00:00,100187.34455914488
2025-07-30 16:06:00+00:00,100156.8939704509
2025-07-30 16:07:00+00:00,100158.30135060061
2025-07-30 16:08:00+00:00,100152.67183000172
2025-07-30 16:09:00+00:00,100152.26241032181
2025-07-30 16:10:00+00:00,100140.00540865422
2025-07-30 16:11:00+00:00,100137.52330184472
2025-07-30 16:12:00+00:00,100160.09256170026
2025-07-30 16:13:00+00:00,100184.83686360538
2025-07-30 16:14:00+00:00,100178.82351205657
2025-07-30 16:15:00+00:00,100174.67813779738
2025-07-30 16:16:00+00:00,100191.38757848408
2025-07-30 16:17:00+00:00,100217.6672041889
2025-07-30 16:18:00+00:00,100198.21976939273
2025-07-30 16:19:00+00:00,100186.03953391514
2025-07-30 16:20:00+00:00,100192.05288546396
2025-07-30 16:21:00+00:00,100205.28225887133
2025-07-30 16:22:00+00:00,100205.38461379132
2025-07-30 16:23:00+00:00,100208.45526139071
2025-07-30 16:24:00+00:00,100199.75509319243
2025-07-30 16:25:00+00:00,100206.81758267104
2025-07-30 16:26:00+00:00,100196.14708226314
2025-07-30 16:27:00+00:00,100181.84298219596
2025-07-30 16:28:00+00:00,100177.1090671469
2025-07-30 16:29:00+00:00,100175.70168699717
2025-07-30 16:30:00+00:00,100179.69352887639
2025-07-30 16:31:00+00:00,100185.16951709532
2025-07-30 16:32:00+00:00,100194.45822608347
2025-07-30 16:33:00+00:00,100182.35475679586
2025-07-30 16:34:00+00:00,100198.21976939273
2025-07-30 16:35:00+00:00,100183.37830599566
2025-07-30 16:36:00+00:00,100165.15913023926
2025-07-30 16:37:00+00:00,100158.42929425059
2025-07-30 16:38:00+00:00,100163.34233040962
2025-07-30 16:39:00+00:00,100164.23793595945
2025-07-30 16:40:00+00:00,100164.54500071937
2025-07-30 16:41:00+00:00,100149.29411764239
2025-07-30 16:42:00+00:00,100154.46304110138
2025-07-30 16:43:00+00:00,100156.84279299091
2025-07-30 16:44:00+00:00,100170.60952972819
2025-07-30 16:45:00+00:00,100176.75082492697
2025-07-30 16:46:00+00:00,100176.54611508701
2025-07-30 16:47:00+00:00,100165.82443721913
2025-07-30 16:48:00+00:00,100165.4661949992
2025-07-30 16:49:00+00:00,100177.56966428681
2025-07-30 16:50:00+00:00,100168.20418910866
2025-07-30 16:51:00+00:00,100167.92271307872
2025-07-30 16:52:00+00:00,100179.28410919648
2025-07-30 16:53:00+00:00,100170.58394099819
2025-07-30 16:54:00+00:00,100169.45803687841
2025-07-30 16:55:00+00:00,100156.8939704509
2025-07-30 16:56:00+00:00,100152.92771730167
2025-07-30 16:57:00+00:00,100154.07921015145
2025-07-30 16:58:00+00:00,100147.65643892271
2025-07-30 16:59:00+00:00,100160.01579551028
2025-07-30 17:00:00+00:00,100163.31674167962
2025-07-30 17:01:00+00:00,100177.54407555681
2025-07-30 17:02:00+00:00,100178.03026142673
2025-07-30 17:03:00+00:00,100167.9483018087
2025-07-30 17:04:00+00:00,100161.3719982
2025-07-30 17:05:00+00:00,100192.38553895388
2025-07-30 17:06:00+00:00,100175.29226731726
2025-07-30 17:07:00+00:00,100157.30339013081
2025-07-30 17:08:00+00:00,100162.11407136987
2025-07-30 17:09:00+00:00,100165.18471896925
2025-07-30 17:10:00+00:00,100178.74674586658
2025-07-30 17:11:00+00:00,100185.39981566527
2025-07-30 17:12:00+00:00,100177.74878539678
2025-07-30 17:13:00+00:00,100167.9483018087
2025-07-30 17:14:00+00:00,100165.15913023926
2025-07-30 17:15:00+00:00,100173.47546748762
2025-07-30 17:16:00+00:00,100158.30135060061
2025-07-30 17:17:00+00:00,100166.38738927903
2025-07-30 17:18:00+00:00,100183.25036234569
2025-07-30 17:19:00+00:00,100187.95868866476
2025-07-30 17:20:00+00:00,100193.07643466374
2025-07-30 17:21:00+00:00,100202.9025069818
2025-07-30 17:22:00+00:00,100206.40816299111
2025-07-30 17:23:00+00:00,100196.68444559304
2025-07-30 17:24:00+00:00,100177.44172063684
2025-07-30 17:25:00+00:00,100177.26259952688
2025-07-30 17:26:00+00:00,100173.68017732758
2025-07-30 17:27:00+00:00,100177.77437412678
2025-07-30 17:28:00+00:00,100187.93309993477
2025-07-30 17:29:00+00:00,100175.18991239728
2025-07-30 17:30:00+00:00,100175.16432366728
2025-07-30 17:31:00+00:00,100163.4446853296
2025-07-30 17:32:00+00:00,100159.65755329035
2025-07-30 17:33:00+00:00,100177.1346558769
2025-07-30 17:34:00+00:00,100192.59024879384
2025-07-30 17:35:00+00:00,100175.18991239728
2025-07-30 17:36:00+00:00,100178.90027824655
2025-07-30 17:37:00+00:00,100183.89008059556
2025-07-30 17:38:00+00:00,100174.1407744675
2025-07-30 17:39:00+00:00,100173.68017732758
2025-07-30 17:40:00+00:00,100187.52368025485
2025-07-30 17:41:00+00:00,100183.60860456561
2025-07-30 17:42:00+00:00,100185.09275090533
2025-07-30 17:43:00+00:00,100183.83890313558
2025-07-30 17:44:00+00:00,100179.51440776643
2025-07-30 17:45:00+00:00,100175.47138842722
2025-07-30 17:46:00+00:00,100159.63196456035
2025-07-30 17:47:00+00:00,100154.23274253143
2025-07-30 17:48:00+00:00,100143.7157745035
2025-07-30 17:49:00+00:00,100139.54481151432
2025-07-30 17:50:00+00:00,100142.92252387365
2025-07-30 17:51:00+00:00,100157.30339013081
2025-07-30 17:52:00+00:00,100153.51625809156
2025-07-30 17:53:00+00:00,100157.68722108073
2025-07-30 17:54:00+00:00,100149.11499653243
2025-07-30 17:55:00+00:00,100155.20511427123
2025-07-30 17:56:00+00:00,100173.21958018767
2025-07-30 17:57:00+00:00,100170.71188464816
2025-07-30 17:58:00+00:00,100174.42225049743
2025-07-30 17:59:00+00:00,100174.37107303744
2025-07-30 18:00:00+00:00,100206.68963902106
2025-07-30 18:01:00+00:00,100117.28261641871
2025-07-30 18:02:00+00:00,100085.9620109049
2025-07-30 18:03:00+00:00,100091.64270896377
2025-07-30 18:04:00+00:00,100141.6430873739
2025-07-30 18:05:00+00:00,100118.3829318085
2025-07-30 18:06:00+00:00,100132.86615298563
2025-07-30 18:07:00+00:00,100125.47101001709
2025-07-30 18:08:00+00:00,100143.05046752363
2025-07-30 18:09:00+00:00,100191.43875594408
2025-07-30 18:10:00+00:00,100182.38034552586
2025-07-30 18:11:00+00:00,100170.55835226818
2025-07-30 18:12:00+00:00,100177.23701079687
2025-07-30 18:13:00+00:00,100175.18991239728
2025-07-30 18:14:00+00:00,100141.51514372393
2025-07-30 18:15:00+00:00,100143.97166180344
2025-07-30 18:16:00+00:00,100137.1650596248
2025-07-30 18:17:00+00:00,100153.18360460163
2025-07-30 18:18:00+00:00,100142.94811260366
2025-07-30 18:19:00+00:00,100155.35864665119
2025-07-30 18:20:00+00:00,100158.71077028054
2025-07-30 18:21:00+00:00,100146.83759956287
2025-07-30 18:22:00+00:00,100152.03211175185
2025-07-30 18:23:00+00:00,100187.2933816849
2025-07-30 18:24:00+00:00,100167.92271307872
2025-07-30 18:25:00+00:00,100127.05751127678
2025-07-30 18:26:00+00:00,100161.73024041994
2025-07-30 18:27:00+00:00,100159.60637583036
2025-07-30 18:28:00+00:00,100155.23070300122
2025-07-30 18:29:00+00:00,100163.34233040962
2025-07-30 18:30:00+00:00,100143.45988720354
2025-07-30 18:31:00+00:00,100165.9779695991
2025-07-30 18:32:00+00:00,100149.95942462227
2025-07-30 18:33:00+00:00,100122.50271733769
2025-07-30 18:34:00+00:00,100160.24609408024
2025-07-30 18:35:00+00:00,100173.11722526769
2025-07-30 18:36:00+00:00,100109.86188472019
2025-07-30 18:37:00+00:00,100103.43911349145
2025-07-30 18:38:00+00:00,100100.98259541193
2025-07-30 18:39:00+00:00,100093.20362149348
2025-07-30 18:40:00+00:00,100044.84092180303
2025-07-30 18:41:00+00:00,100076.44300334678
2025-07-30 18:42:00+00:00,100055.5625996709
2025-07-30 18:43:00+00:00,100071.3252573478
2025-07-30 18:44:00+00:00,100080.9210310959
2025-07-30 18:45:00+00:00,100067.7428351485
2025-07-30 18:46:00+00:00,100033.40275949528
2025-07-30 18:47:00+00:00,100010.42407995982
2025-07-30 18:48:00+00:00,99968.94474863801
2025-07-30 18:49:00+00:00,99943.38160737306
2025-07-30 18:50:00+00:00,99920.81234751751
2025-07-30 18:51:00+00:00,99924.3691809868
2025-07-30 18:52:00+00:00,99931.09901697548
2025-07-30 18:53:00+00:00,99923.9085838469
2025-07-30 18:54:00+00:00,99917.28110277822
2025-07-30 18:55:00+00:00,99908.58093457992
2025-07-30 18:56:00+00:00,99870.6840254574
2025-07-30 18:57:00+00:00,99877.08120795614
2025-07-30 18:58:00+00:00,99853.30927779083
2025-07-30 18:59:00+00:00,99847.11680513206
2025-07-30 19:00:00+00:00,99829.02557302563
2025-07-30 19:01:00+00:00,99803.23213319073
2025-07-30 19:02:00+00:00,99789.79804994338
2025-07-30 19:03:00+00:00,99743.76392468247
2025-07-30 19:04:00+00:00,99707.42792808964
2025-07-30 19:05:00+00:00,99685.90780616389
2025-07-30 19:06:00+00:00,99668.32834865736
2025-07-30 19:07:00+00:00,99699.54659925119
2025-07-30 19:08:00+00:00,99713.05744868853
2025-07-30 19:09:00+00:00,99726.54270939587
2025-07-30 19:10:00+00:00,99684.62836966413
2025-07-30 19:11:00+00:00,99702.84754542055
2025-07-30 19:12:00+00:00,99733.01665808458
2025-07-30 19:13:00+00:00,99764.20931994842
2025-07-30 19:14:00+00:00,99785.21766727428
2025-07-30 19:15:00+00:00,99802.8483022408
2025-07-30 19:16:00+00:00,99780.89317190513
2025-07-30 19:17:00+00:00,99797.50025767185
2025-07-30 19:18:00+00:00,99767.04966897787
2025-07-30 19:19:00+00:00,99780.43257476523
2025-07-30 19:20:00+00:00,99775.64748225617
2025-07-30 19:21:00+00:00,99774.4448119464
2025-07-30 19:22:00+00:00,99788.6721458236
2025-07-30 19:23:00+00:00,99771.37416434701
2025-07-30 19:24:00+00:00,99781.78877745496
2025-07-30 19:25:00+00:00,99791.12866390312
2025-07-30 19:26:00+00:00,99785.39678838424
2025-07-30 19:27:00+00:00,99815.92414326822
2025-07-30 19:28:00+00:00,99810.70404234924
2025-07-30 19:29:00+00:00,99828.38585477576
2025-07-30 19:30:00+00:00,99834.68068235452
2025-07-30 19:31:00+00:00,99819.48097673751
2025-07-30 19:32:00+00:00,99806.32836952011
2025-07-30 19:33:00+00:00,99813.90263359863
2025-07-30 19:34:00+00:00,99834.06655283464
2025-07-30 19:35:00+00:00,99813.64674629868
2025-07-30 19:36:00+00:00,99808.27311299973
2025-07-30 19:37:00+00:00,99779.81844524534
2025-07-30 19:38:00+00:00,99808.75929886964
2025-07-30 19:39:00+00:00,99818.58537118768
2025-07-30 19:40:00+00:00,99820.96512307721
2025-07-30 19:41:00+00:00,99841.00109866327
2025-07-30 19:42:00+00:00,99843.27849563281
2025-07-30 19:43:00+00:00,99863.41682613884
2025-07-30 19:44:00+00:00,99906.50824745033
2025-07-30 19:45:00+00:00,99892.17855865316
2025-07-30 19:46:00+00:00,99899.85517765165
2025-07-30 19:47:00+00:00,99934.68143917478
2025-07-30 19:48:00+00:00,99940.82273437356
2025-07-30 19:49:00+00:00,99953.64268810103
2025-07-30 19:50:00+00:00,99969.94270910781
2025-07-30 19:51:00+00:00,99965.87410103861
2025-07-30 19:52:00+00:00,99954.92212460077
2025-07-30 19:53:00+00:00,99970.4544837077
2025-07-30 19:54:00+00:00,99978.92435333604
2025-07-30 19:55:00+00:00,99963.54552660907
2025-07-30 19:56:00+00:00,99971.70833147746
2025-07-30 19:57:00+00:00,99969.63564434787
2025-07-30 19:58:00+00:00,99968.94474863801
2025-07-30 19:59:00+00:00,99946.96402957235
2025-07-30 20:00:00+00:00,99944.89134244274
2025-07-30 20:01:00+00:00,99951.54441224143
2025-07-30 20:02:00+00:00,99993.7914054631
2025-07-30 20:03:00+00:00,99969.63564434787
2025-07-30 20:04:00+00:00,99991.89783944347
2025-07-30 20:05:00+00:00,100008.86316743013
2025-07-30 20:06:00+00:00,100021.65753242759
2025-07-30 20:07:00+00:00,100020.1222086279
2025-07-30 20:08:00+00:00,100022.6810816274
2025-07-30 20:09:00+00:00,100035.11720440493
2025-07-30 20:10:00+00:00,100041.10496722376
2025-07-30 20:11:00+00:00,100033.96571155517
2025-07-30 20:12:00+00:00,100040.79790246382
2025-07-30 20:13:00+00:00,100046.76007655264
2025-07-30 20:14:00+00:00,100044.48267958309
2025-07-30 20:15:00+00:00,100043.66384022325
2025-07-30 20:16:00+00:00,100008.58169140018
2025-07-30 20:17:00+00:00,100008.86316743013
2025-07-30 20:18:00+00:00,100000.67477383174
2025-07-30 20:19:00+00:00,100024.21640542708
2025-07-30 20:20:00+00:00,100018.0751102283
2025-07-30 20:21:00+00:00,100041.51438690367
2025-07-30 20:22:00+00:00,100038.90433644419
2025-07-30 20:23:00+00:00,100022.96255765733
2025-07-30 20:24:00+00:00,100019.1242481581
2025-07-30 20:25:00+00:00,100016.69331880858
2025-07-30 20:26:00+00:00,100014.08326834909
2025-07-30 20:27:00+00:00,100016.43743150863
2025-07-30 20:28:00+00:00,100021.27370147768
2025-07-30 20:29:00+00:00,99995.58261656275
2025-07-30 20:30:00+00:00,100009.88671662992
2025-07-30 20:31:00+00:00,100020.6339832278
2025-07-30 20:32:00+00:00,100022.37401686746
2025-07-30 20:33:00+00:00,100013.85296977914
2025-07-30 20:34:00+00:00,99992.89579991327
2025-07-30 20:35:00+00:00,99980.5620320557
2025-07-30 20:36:00+00:00,99987.2406905844
2025-07-30 20:37:00+00:00,99993.20286467322
2025-07-30 20:38:00+00:00,99987.11274693442
2025-07-30 20:39:00+00:00,99985.34712456477
2025-07-30 20:40:00+00:00,100003.74542143113
2025-07-30 20:41:00+00:00,100011.42204042962
2025-07-30 20:42:00+00:00,100006.27870570064
2025-07-30 20:43:00+00:00,99999.34415987201
2025-07-30 20:44:00+00:00,99977.64491683629
2025-07-30 20:45:00+00:00,99981.73911363547
2025-07-30 20:46:00+00:00,99964.72260818884
2025-07-30 20:47:00+00:00,99964.85055183881
2025-07-30 20:48:00+00:00,99968.4073853081
2025-07-30 20:49:00+00:00,99968.4073853081
2025-07-30 20:50:00+00:00,99960.3469353597
2025-07-30 20:51:00+00:00,99957.37864268028
2025-07-30 20:52:00+00:00,99965.46468135869
2025-07-30 20:53:00+00:00,99992.89579991327
2025-07-30 20:54:00+00:00,99984.29798663498
2025-07-30 20:55:00+00:00,99998.03913464225
2025-07-30 20:56:00+00:00,99986.34508503457
2025-07-30 20:57:00+00:00,99984.19563171499
2025-07-30 20:58:00+00:00,99997.47618258237
2025-07-30 20:59:00+00:00,100016.0280118287
2025-07-30 21:00:00+00:00,100029.35974015607
2025-07-30 21:01:00+00:00,100028.41295714627
2025-07-30 21:02:00+00:00,100020.1222086279
2025-07-30 21:03:00+00:00,100007.02077887049
2025-07-30 21:04:00+00:00,99999.62563590195
2025-07-30 21:05:00+00:00,100002.54275112136
2025-07-30 21:06:00+00:00,99995.3267292628
2025-07-30 21:07:00+00:00,99991.97460563346
2025-07-30 21:08:00+00:00,100005.89487475071
2025-07-30 21:09:00+00:00,100005.56222126077
2025-07-30 21:10:00+00:00,100003.74542143113
2025-07-30 21:11:00+00:00,100018.81718339815
2025-07-30 21:12:00+00:00,100022.1437182975
2025-07-30 21:13:00+00:00,100009.40053076002
2025-07-30 21:14:00+00:00,99990.59281421373
2025-07-30 21:15:00+00:00,100000.67477383174
2025-07-30 21:16:00+00:00,99986.95921455444
2025-07-30 21:17:00+00:00,99990.46487056375
2025-07-30 21:18:00+00:00,100002.10774271147
2025-07-30 21:19:00+00:00,100008.9399336201
2025-07-30 21:20:00+00:00,100017.56333562841
2025-07-30 21:21:00+00:00,100008.37698156023
2025-07-30 21:22:00+00:00,99995.19878561283
2025-07-30 21:23:00+00:00,99995.22437434281
2025-07-30 21:24:00+00:00,99986.44743995454
2025-07-30 21:25:00+00:00,99987.39422296436
2025-07-30 21:26:00+00:00,99981.09939538561
2025-07-30 21:27:00+00:00,99979.18024063598
2025-07-30 21:28:00+00:00,99968.94474863801
2025-07-30 21:29:00+00:00,99968.94474863801
2025-07-30 21:30:00+00:00,99972.0153962374
2025-07-30 21:31:00+00:00,99989.54367628394
2025-07-30 21:32:00+00:00,99995.71056021273
2025-07-30 21:33:00+00:00,99990.54163675374
2025-07-30 21:34:00+00:00,99978.79640968607
2025-07-30 21:35:00+00:00,99958.58131299005
2025-07-30 21:36:00+00:00,99955.71537523062
2025-07-30 21:37:00+00:00,99983.81180076508
2025-07-30 21:38:00+00:00,99983.81180076508
2025-07-30 21:39:00+00:00,99978.18228016618
2025-07-30 21:40:00+00:00,99981.20175030558
2025-07-30 21:41:00+00:00,99974.65103542688
2025-07-30 21:42:00+00:00,99974.062494637
2025-07-30 21:43:00+00:00,99977.20990842638
2025-07-30 21:44:00+00:00,99982.76266283527
2025-07-30 21:45:00+00:00,99982.1485333154
2025-07-30 21:46:00+00:00,100009.32376457003
2025-07-30 21:47:00+00:00,100013.69943739916
2025-07-30 21:48:00+00:00,100013.36678390924
2025-07-30 21:49:00+00:00,100026.39144747666
2025-07-30 21:50:00+00:00,100026.74968969659
2025-07-30 21:51:00+00:00,100042.66587975345
2025-07-30 21:52:00+00:00,100042.76823467342
2025-07-30 21:53:00+00:00,100036.8572380446
2025-07-30 21:54:00+00:00,100041.56556436367
2025-07-30 21:55:00+00:00,100049.70278050206
2025-07-30 21:56:00+00:00,100054.20639698117
2025-07-30 21:57:00+00:00,100039.41611104409
2025-07-30 21:58:00+00:00,100049.83072415204
2025-07-30 21:59:00+00:00,100054.23198571117
2025-07-30 22:00:00+00:00,100050.31691002194
2025-07-30 22:01:00+00:00,100030.02504713595
2025-07-30 22:02:00+00:00,100039.03228009416
2025-07-30 22:03:00+00:00,100036.49899582466
2025-07-30 22:04:00+00:00,100051.87782255163
2025-07-30 22:05:00+00:00,100063.87893691927
2025-07-30 22:06:00+00:00,100071.88820940768
2025-07-30 22:07:00+00:00,100077.92714968648
2025-07-30 22:08:00+00:00,100081.53516061578
2025-07-30 22:09:00+00:00,100071.83703194768
2025-07-30 22:10:00+00:00,100067.7172464185
2025-07-30 22:11:00+00:00,100077.92714968648
2025-07-30 22:12:00+00:00,100066.94958451865
2025-07-30 22:13:00+00:00,100068.40814212836
2025-07-30 22:14:00+00:00,100059.19619933018
2025-07-30 22:15:00+00:00,100059.78474012007
2025-07-30 22:16:00+00:00,100080.05101427606
2025-07-30 22:17:00+00:00,100080.07660300606
2025-07-30 22:18:00+00:00,100063.80217072926
2025-07-30 22:19:00+00:00,100059.01707822022
2025-07-30 22:20:00+00:00,100035.47544662487
2025-07-30 22:21:00+00:00,100041.61674182366
2025-07-30 22:22:00+00:00,100054.38551809113
2025-07-30 22:23:00+00:00,100054.76934904106
2025-07-30 22:24:00+00:00,100054.33434063115
2025-07-30 22:25:00+00:00,100048.80717495224
2025-07-30 22:26:00+00:00,100043.84296133321
2025-07-30 22:27:00+00:00,100045.4294625929
2025-07-30 22:28:00+00:00,100052.4919520715
2025-07-30 22:29:00+00:00,100049.4980706621
2025-07-30 22:30:00+00:00,100054.33434063115
2025-07-30 22:31:00+00:00,100065.158373419
2025-07-30 22:32:00+00:00,100061.06417661981
2025-07-30 22:33:00+00:00,100051.85223382164
2025-07-30 22:34:00+00:00,100041.15614468374
2025-07-30 22:35:00+00:00,100053.13167032138
2025-07-30 22:36:00+00:00,100063.13686374942
2025-07-30 22:37:00+00:00,100060.01503869002
2025-07-30 22:38:00+00:00,100060.70593439988
2025-07-30 22:39:00+00:00,100068.2290210184
2025-07-30 22:40:00+00:00,100066.18192261881
2025-07-30 22:41:00+00:00,100072.01615305766
2025-07-30 22:42:00+00:00,100081.50957188578
2025-07-30 22:43:00+00:00,100080.43484522599
2025-07-30 22:44:00+00:00,100084.06844488527
2025-07-30 22:45:00+00:00,100087.90675438452
2025-07-30 22:46:00+00:00,100092.74302435356
2025-07-30 22:47:00+00:00,100094.40629180323
2025-07-30 22:48:00+00:00,100093.28038768345
2025-07-30 22:49:00+00:00,100093.30597641345
2025-07-30 22:50:00+00:00,100076.44300334678
2025-07-30 22:51:00+00:00,100072.86058114748
2025-07-30 22:52:00+00:00,100074.67738097713
2025-07-30 22:53:00+00:00,100074.37031621719
2025-07-30 22:54:00+00:00,100080.99779728588
2025-07-30 22:55:00+00:00,100090.72151468396
2025-07-30 22:56:00+00:00,100081.8934028357
2025-07-30 22:57:00+00:00,100081.8678141057
2025-07-30 22:58:00+00:00,100090.20974008406
2025-07-30 22:59:00+00:00,100094.84130021314
2025-07-30 23:00:00+00:00,100091.79624134375
2025-07-30 23:01:00+00:00,100085.62935741496
2025-07-30 23:02:00+00:00,100093.76657355335
2025-07-30 23:03:00+00:00,100091.5147653138
2025-07-30 23:04:00+00:00,100097.37458448265
2025-07-30 23:05:00+00:00,100105.94680903095
2025-07-30 23:06:00+00:00,100107.12389061072
2025-07-30 23:07:00+00:00,100116.3102446789
2025-07-30 23:08:00+00:00,100121.32563575791
2025-07-30 23:09:00+00:00,100109.86188472019
2025-07-30 23:10:00+00:00,100110.22012694011
2025-07-30 23:11:00+00:00,100104.84649364118
2025-07-30 23:12:00+00:00,100111.47397470986
2025-07-30 23:13:00+00:00,100111.49956343987
2025-07-30 23:14:00+00:00,100110.29689313009
2025-07-30 23:15:00+00:00,100116.3358334089
2025-07-30 23:16:00+00:00,100116.8476080088
2025-07-30 23:17:00+00:00,100103.79735571137
2025-07-30 23:18:00+00:00,100113.08606469954
2025-07-30 23:19:00+00:00,100115.26110674911
2025-07-30 23:20:00+00:00,100114.3143237393
2025-07-30 23:21:00+00:00,100114.28873500931
2025-07-30 23:22:00+00:00,100114.28873500931
2025-07-30 23:23:00+00:00,100114.00725897936
2025-07-30 23:24:00+00:00,100099.95904621214
2025-07-30 23:25:00+00:00,100099.95904621214
2025-07-30 23:26:00+00:00,100107.09830188073
2025-07-30 23:27:00+00:00,100111.57632962984
2025-07-30 23:28:00+00:00,100115.51699404906
2025-07-30 23:29:00+00:00,100117.00114038878
2025-07-30 23:30:00+00:00,100127.54369714668
2025-07-30 23:31:00+00:00,100129.25814205635
2025-07-30 23:32:00+00:00,100142.92252387365
2025-07-30 23:33:00+00:00,100145.50698560313
2025-07-30 23:34:00+00:00,100140.95219166404
2025-07-30 23:35:00+00:00,100133.24998393556
2025-07-30 23:36:00+00:00,100135.65532455509
2025-07-30 23:37:00+00:00,100147.55408400274
2025-07-30 23:38:00+00:00,100148.06585860264
2025-07-30 23:39:00+00:00,100148.09144733264
2025-07-30 23:40:00+00:00,100148.06585860264
2025-07-30 23:41:00+00:00,100150.3176668422
2025-07-30 23:42:00+00:00,100151.67386953192
2025-07-30 23:43:00+00:00,100157.96869711069
2025-07-30 23:44:00+00:00,100159.35048853041
2025-07-30 23:45:00+00:00,100173.60341113759
2025-07-30 23:46:00+00:00,100177.1346558769
2025-07-30 23:47:00+00:00,100182.43152298585
2025-07-30 23:48:00+00:00,100193.58820926365
2025-07-30 23:49:00+00:00,100197.78476098282
2025-07-30 23:50:00+00:00,100200.19010160235
2025-07-30 23:51:00+00:00,100204.59136316148
2025-07-30 23:52:00+00:00,100181.33120759607
2025-07-30 23:53:00+00:00,100192.00170800395
2025-07-30 23:54:00+00:00,100175.01079128732
2025-07-30 23:55:00+00:00,100186.47454232506
2025-07-30 23:56:00+00:00,100192.00170800395
2025-07-30 23:57:00+00:00,100183.58301583563
2025-07-30 23:58:00+00:00,100183.37830599566
2025-07-30 23:59:00+00:00,100182.96888631574
2025-07-31 00:00:00+00:00,100182.96888631574
2025-07-31 00:01:00+00:00,100180.81943299617
2025-07-31 00:02:00+00:00,100184.93921852535
2025-07-31 00:03:00+00:00,100184.12037916551
2025-07-31 00:04:00+00:00,100181.74062727598
2025-07-31 00:05:00+00:00,100186.32100994508
2025-07-31 00:06:00+00:00,100196.88915543299
2025-07-31 00:07:00+00:00,100199.83185938242
2025-07-31 00:08:00+00:00,100200.85540858221
2025-07-31 00:09:00+00:00,100201.08570715218
2025-07-31 00:10:00+00:00,100182.89212012576
2025-07-31 00:11:00+00:00,100192.59024879384
2025-07-31 00:12:00+00:00,100193.61379799365
2025-07-31 00:13:00+00:00,100199.55038335247
2025-07-31 00:14:00+00:00,100198.9106651026
2025-07-31 00:15:00+00:00,100202.00690143199
2025-07-31 00:16:00+00:00,100210.93736820022
2025-07-31 00:17:00+00:00,100201.29041699212
2025-07-31 00:18:00+00:00,100216.1062916592
2025-07-31 00:19:00+00:00,100208.9926247206
2025-07-31 00:20:00+00:00,100193.79291910361
2025-07-31 00:21:00+00:00,100205.94756585121
2025-07-31 00:22:00+00:00,100213.0612327898
2025-07-31 00:23:00+00:00,100213.0612327898
2025-07-31 00:24:00+00:00,100214.5965565895
2025-07-31 00:25:00+00:00,100221.24962638819
2025-07-31 00:26:00+00:00,100222.7593614579
2025-07-31 00:27:00+00:00,100237.47288120497
2025-07-31 00:28:00+00:00,100245.30303258344
2025-07-31 00:29:00+00:00,100244.22830592365
2025-07-31 00:30:00+00:00,100243.10240180387
2025-07-31 00:31:00+00:00,100247.37571971303
2025-07-31 00:32:00+00:00,100251.46991651221
2025-07-31 00:33:00+00:00,100256.79237235116
2025-07-31 00:34:00+00:00,100255.56411331141
2025-07-31 00:35:00+00:00,100261.6798197802
2025-07-31 00:36:00+00:00,100258.09739758092
2025-07-31 00:37:00+00:00,100261.85894089018
2025-07-31 00:38:00+00:00,100268.84466417879
2025-07-31 00:39:00+00:00,100275.3697903275
2025-07-31 00:40:00+00:00,100288.85505103483
2025-07-31 00:41:00+00:00,100301.08646397242
2025-07-31 00:42:00+00:00,100305.59008045154
2025-07-31 00:43:00+00:00,100305.66684664151
2025-07-31 00:44:00+00:00,100313.44582055998
2025-07-31 00:45:00+00:00,100322.63217462818
2025-07-31 00:46:00+00:00,100328.23610649706
2025-07-31 00:47:00+00:00,100346.94146812336
2025-07-31 00:48:00+00:00,100359.30082471092
2025-07-31 00:49:00+00:00,100358.4052191611
2025-07-31 00:50:00+00:00,100339.36720404486
2025-07-31 00:51:00+00:00,100307.48364647116
2025-07-31 00:52:00+00:00,100310.14487439064
2025-07-31 00:53:00+00:00,100296.48049257333
2025-07-31 00:54:00+00:00,100305.66684664151
2025-07-31 00:55:00+00:00,100305.66684664151
2025-07-31 00:56:00+00:00,100304.69447490171
2025-07-31 00:57:00+00:00,100317.23295259924
2025-07-31 00:58:00+00:00,100332.5350131362
2025-07-31 00:59:00+00:00,100330.71821330657
2025-07-31 01:00:00+00:00,100328.26169522706
2025-07-31 01:01:00+00:00,100311.2963672404
2025-07-31 01:02:00+00:00,100319.4847608388
2025-07-31 01:03:00+00:00,100327.28932348725
2025-07-31 01:04:00+00:00,100336.85950850535
2025-07-31 01:05:00+00:00,100333.1491426561
2025-07-31 01:06:00+00:00,100332.86766662615
2025-07-31 01:07:00+00:00,100327.31491221725
2025-07-31 01:08:00+00:00,100327.16137983727
2025-07-31 01:09:00+00:00,100326.67519396737
2025-07-31 01:10:00+00:00,100320.50831003858
2025-07-31 01:11:00+00:00,100319.28005099883
2025-07-31 01:12:00+00:00,100322.04363383829
2025-07-31 01:13:00+00:00,100334.6332889958
2025-07-31 01:14:00+00:00,100337.42246056524
2025-07-31 01:15:00+00:00,100313.44582055998
2025-07-31 01:16:00+00:00,100294.53574909372
2025-07-31 01:17:00+00:00,100292.15599720419
2025-07-31 01:18:00+00:00,100293.38425624394
2025-07-31 01:19:00+00:00,100303.36386094197
2025-07-31 01:20:00+00:00,100310.2728180406
2025-07-31 01:21:00+00:00,100296.60843622331
2025-07-31 01:22:00+00:00,100295.91754051344
2025-07-31 01:23:00+00:00,100296.81314606327
2025-07-31 01:24:00+00:00,100289.29005944476
2025-07-31 01:25:00+00:00,100296.96667844323
2025-07-31 01:26:00+00:00,100276.03509730737
2025-07-31 01:27:00+00:00,100273.45063557787
2025-07-31 01:28:00+00:00,100293.89603084384
2025-07-31 01:29:00+00:00,100305.61566918153
2025-07-31 01:30:00+00:00,100307.91865488107
2025-07-31 01:31:00+00:00,100314.3670148398
2025-07-31 01:32:00+00:00,100296.99226717323
2025-07-31 01:33:00+00:00,100281.12725457636
2025-07-31 01:34:00+00:00,100279.33604347671
2025-07-31 01:35:00+00:00,100286.75677517525
2025-07-31 01:36:00+00:00,100282.81611075603
2025-07-31 01:37:00+00:00,100279.4128096667
2025-07-31 01:38:00+00:00,100286.21941184535
2025-07-31 01:39:00+00:00,100286.24500057535
2025-07-31 01:40:00+00:00,100284.70967677566
2025-07-31 01:41:00+00:00,100279.18251109675
2025-07-31 01:42:00+00:00,100282.15080377617
2025-07-31 01:43:00+00:00,100282.12521504617
2025-07-31 01:44:00+00:00,100288.21533278497
2025-07-31 01:45:00+00:00,100288.24092151495
2025-07-31 01:46:00+00:00,100284.37702328572
2025-07-31 01:47:00+00:00,100282.63698964607
2025-07-31 01:48:00+00:00,100265.31341943948
2025-07-31 01:49:00+00:00,100266.10667006933
2025-07-31 01:50:00+00:00,100271.8641343182
2025-07-31 01:51:00+00:00,100255.87117807135
2025-07-31 01:52:00+00:00,100250.44636731243
2025-07-31 01:53:00+00:00,100233.55780551575
2025-07-31 01:54:00+00:00,100224.2179190676
2025-07-31 01:55:00+00:00,100231.84336060609
2025-07-31 01:56:00+00:00,100219.97018988844
2025-07-31 01:57:00+00:00,100233.19956329583
2025-07-31 01:58:00+00:00,100238.24054310482
2025-07-31 01:59:00+00:00,100241.61825546416
2025-07-31 02:00:00+00:00,100242.20679625405
2025-07-31 02:01:00+00:00,100248.70633367277
2025-07-31 02:02:00+00:00,100248.37368018283
2025-07-31 02:03:00+00:00,100235.73284756532
2025-07-31 02:04:00+00:00,100223.06642621783
2025-07-31 02:05:00+00:00,100218.99781814864
2025-07-31 02:06:00+00:00,100226.7256146071
2025-07-31 02:07:00+00:00,100258.07180885092
2025-07-31 02:08:00+00:00,100273.3226919279
2025-07-31 02:09:00+00:00,100275.98391984738
2025-07-31 02:10:00+00:00,100284.0187810658
2025-07-31 02:11:00+00:00,100288.77828484486
2025-07-31 02:12:00+00:00,100285.65645978547
2025-07-31 02:13:00+00:00,100290.31360864454
2025-07-31 02:14:00+00:00,100283.14876424597
2025-07-31 02:15:00+00:00,100282.63698964607
2025-07-31 02:16:00+00:00,100281.22960949634
2025-07-31 02:17:00+00:00,100291.36274657433
2025-07-31 02:18:00+00:00,100291.33715784435
2025-07-31 02:19:00+00:00,100285.70763724546
2025-07-31 02:20:00+00:00,100290.5694959445
2025-07-31 02:21:00+00:00,100285.19586264556
2025-07-31 02:22:00+00:00,100273.45063557787
2025-07-31 02:23:00+00:00,100274.47418477767
2025-07-31 02:24:00+00:00,100271.3779484483
2025-07-31 02:25:00+00:00,100269.89380210858
2025-07-31 02:26:00+00:00,100268.84466417879
2025-07-31 02:27:00+00:00,100277.00746904718
2025-07-31 02:28:00+00:00,100277.54483237707
2025-07-31 02:29:00+00:00,100273.8600552578
2025-07-31 02:30:00+00:00,100288.65034119488
2025-07-31 02:31:00+00:00,100283.66053884586
2025-07-31 02:32:00+00:00,100277.54483237707
2025-07-31 02:33:00+00:00,100282.15080377617
2025-07-31 02:34:00+00:00,100277.54483237707
2025-07-31 02:35:00+00:00,100280.35959267651
2025-07-31 02:36:00+00:00,100285.11909645557
2025-07-31 02:37:00+00:00,100282.66257837607
2025-07-31 02:38:00+00:00,100295.43135464354
2025-07-31 02:39:00+00:00,100286.75677517525
2025-07-31 02:40:00+00:00,100306.66480711132
2025-07-31 02:41:00+00:00,100302.62178777212
2025-07-31 02:42:00+00:00,100306.35774235138
2025-07-31 02:43:00+00:00,100324.83280540773
2025-07-31 02:44:00+00:00,100334.81241010576
2025-07-31 02:45:00+00:00,100335.45212835564
2025-07-31 02:46:00+00:00,100320.84096352852
2025-07-31 02:47:00+00:00,100317.4120737092
2025-07-31 02:48:00+00:00,100332.81648916616
2025-07-31 02:49:00+00:00,100332.81648916616
2025-07-31 02:50:00+00:00,100332.33030329626
2025-07-31 02:51:00+00:00,100331.02527806652
2025-07-31 02:52:00+00:00,100339.95574483475
2025-07-31 02:53:00+00:00,100344.2546514739
2025-07-31 02:54:00+00:00,100345.09907956373
2025-07-31 02:55:00+00:00,100340.00692229473
2025-07-31 02:56:00+00:00,100335.91272549555
2025-07-31 02:57:00+00:00,100328.64552617699
2025-07-31 02:58:00+00:00,100339.98133356473
2025-07-31 02:59:00+00:00,100338.44600976504
2025-07-31 03:00:00+00:00,100330.76939076657
2025-07-31 03:01:00+00:00,100346.65999209342
2025-07-31 03:02:00+00:00,100345.71320908361
2025-07-31 03:03:00+00:00,100346.02027384355
2025-07-31 03:04:00+00:00,100339.13690547491
2025-07-31 03:05:00+00:00,100336.42450009545
2025-07-31 03:06:00+00:00,100329.23406696686
2025-07-31 03:07:00+00:00,100324.88398286773
2025-07-31 03:08:00+00:00,100333.07237646611
2025-07-31 03:09:00+00:00,100332.79090043616
2025-07-31 03:10:00+00:00,100331.81852869636
2025-07-31 03:11:00+00:00,100331.81852869636
2025-07-31 03:12:00+00:00,100332.45824694623
2025-07-31 03:13:00+00:00,100336.39891136545
2025-07-31 03:14:00+00:00,100326.4704841274
2025-07-31 03:15:00+00:00,100327.16137983727
2025-07-31 03:16:00+00:00,100319.56152702877
2025-07-31 03:17:00+00:00,100327.67315443717
2025-07-31 03:18:00+00:00,100334.24945804587
2025-07-31 03:19:00+00:00,100333.32826376606
2025-07-31 03:20:00+00:00,100333.35385249605
2025-07-31 03:21:00+00:00,100333.32826376606
2025-07-31 03:22:00+00:00,100338.31806611507
2025-07-31 03:23:00+00:00,100338.31806611507
2025-07-31 03:24:00+00:00,100335.98949168553
2025-07-31 03:25:00+00:00,100336.37332263545
2025-07-31 03:26:00+00:00,100335.04270867571
2025-07-31 03:27:00+00:00,100335.04270867571
2025-07-31 03:28:00+00:00,100333.84003836595
2025-07-31 03:29:00+00:00,100339.72544626478
2025-07-31 03:30:00+00:00,100339.62309134481
2025-07-31 03:31:00+00:00,100339.1880829349
2025-07-31 03:32:00+00:00,100323.60454636798
2025-07-31 03:33:00+00:00,100334.71005518577
2025-07-31 03:34:00+00:00,100336.06625787551
2025-07-31 03:35:00+00:00,100340.49310816464
2025-07-31 03:36:00+00:00,100340.49310816464
2025-07-31 03:37:00+00:00,100336.91068596535
2025-07-31 03:38:00+00:00,100337.55040421522
2025-07-31 03:39:00+00:00,100337.57599294522
2025-07-31 03:40:00+00:00,100337.55040421522
2025-07-31 03:41:00+00:00,100336.50126628543
2025-07-31 03:42:00+00:00,100335.91272549555
2025-07-31 03:43:00+00:00,100343.53816703404
2025-07-31 03:44:00+00:00,100347.12058923332
2025-07-31 03:45:00+00:00,100347.12058923332
2025-07-31 03:46:00+00:00,100343.17992481412
2025-07-31 03:47:00+00:00,100346.09704003354
2025-07-31 03:48:00+00:00,100350.19123683273
2025-07-31 03:49:00+00:00,100345.86674146357
2025-07-31 03:50:00+00:00,100350.21682556272
2025-07-31 03:51:00+00:00,100352.75010983221
2025-07-31 03:52:00+00:00,100382.40744789637
2025-07-31 03:53:00+00:00,100355.33457156172
2025-07-31 03:54:00+00:00,100362.21793993036
2025-07-31 03:55:00+00:00,100340.59546308461
2025-07-31 03:56:00+00:00,100346.63440336342
2025-07-31 03:57:00+00:00,100345.12466829372
2025-07-31 03:58:00+00:00,100337.49922675523
2025-07-31 03:59:00+00:00,100346.45528225346
2025-07-31 04:00:00+00:00,100346.48087098346
2025-07-31 04:01:00+00:00,100342.25873053429
2025-07-31 04:02:00+00:00,100344.04994163394
2025-07-31 04:03:00+00:00,100339.49514769483
2025-07-31 04:04:00+00:00,100335.93831422554
2025-07-31 04:05:00+00:00,100336.39891136545
2025-07-31 04:06:00+00:00,100337.0898070753
2025-07-31 04:07:00+00:00,100339.26484912488
2025-07-31 04:08:00+00:00,100339.23926039488
2025-07-31 04:09:00+00:00,100339.23926039488
2025-07-31 04:10:00+00:00,100339.95574483475
2025-07-31 04:11:00+00:00,100339.93015610476
2025-07-31 04:12:00+00:00,100339.93015610476
2025-07-31 04:13:00+00:00,100339.93015610476
2025-07-31 04:14:00+00:00,100339.93015610476
2025-07-31 04:15:00+00:00,100335.93831422554
2025-07-31 04:16:00+00:00,100341.46547990445
2025-07-31 04:17:00+00:00,100337.44804929524
2025-07-31 04:18:00+00:00,100332.79090043616
2025-07-31 04:19:00+00:00,100327.0334361873
2025-07-31 04:20:00+00:00,100327.69874316716
2025-07-31 04:21:00+00:00,100327.67315443717
2025-07-31 04:22:00+00:00,100333.71209471597
2025-07-31 04:23:00+00:00,100331.76735123637
2025-07-31 04:24:00+00:00,100329.38759934684
2025-07-31 04:25:00+00:00,100332.17677091628
2025-07-31 04:26:00+00:00,100332.17677091628
2025-07-31 04:27:00+00:00,100323.91161112791
2025-07-31 04:28:00+00:00,100318.69151020894
2025-07-31 04:29:00+00:00,100320.35477765862
2025-07-31 04:30:00+00:00,100320.63625368856
2025-07-31 04:31:00+00:00,100336.42450009545
2025-07-31 04:32:00+00:00,100335.50330581563
2025-07-31 04:33:00+00:00,100340.05809975472
2025-07-31 04:34:00+00:00,100340.03251102474
2025-07-31 04:35:00+00:00,100349.7562284228
2025-07-31 04:36:00+00:00,100355.82075743162
2025-07-31 04:37:00+00:00,100357.8934445612
2025-07-31 04:38:00+00:00,100361.68057660045
2025-07-31 04:39:00+00:00,100370.1248574988
2025-07-31 04:40:00+00:00,100342.97521497415
2025-07-31 04:41:00+00:00,100342.94962624415
2025-07-31 04:42:00+00:00,100345.35496686368
2025-07-31 04:43:00+00:00,100343.17992481412
2025-07-31 04:44:00+00:00,100342.61697275421
2025-07-31 04:45:00+00:00,100349.8074058828
2025-07-31 04:46:00+00:00,100357.86785583121
2025-07-31 04:47:00+00:00,100365.05828895979
2025-07-31 04:48:00+00:00,100364.85357911984
2025-07-31 04:49:00+00:00,100359.50553455089
2025-07-31 04:50:00+00:00,100357.99579948118
2025-07-31 04:51:00+00:00,100355.82075743162
2025-07-31 04:52:00+00:00,100357.33049250132
2025-07-31 04:53:00+00:00,100357.33049250132
2025-07-31 04:54:00+00:00,100362.39706104032
2025-07-31 04:55:00+00:00,100361.04085835058
2025-07-31 04:56:00+00:00,100359.4031796309
2025-07-31 04:57:00+00:00,100362.4994159603
2025-07-31 04:58:00+00:00,100358.71228392105
2025-07-31 04:59:00+00:00,100355.61604759165
2025-07-31 05:00:00+00:00,100357.50961361128
2025-07-31 05:01:00+00:00,100365.97948323961
2025-07-31 05:02:00+00:00,100357.10019393136
2025-07-31 05:03:00+00:00,100352.82687602221
2025-07-31 05:04:00+00:00,100354.25984490193
2025-07-31 05:05:00+00:00,100347.65795256323
2025-07-31 05:06:00+00:00,100339.16249420491
2025-07-31 05:07:00+00:00,100341.7213672044
2025-07-31 05:08:00+00:00,100338.03659008513
2025-07-31 05:09:00+00:00,100343.48698957404
2025-07-31 05:10:00+00:00,100334.45416788584
2025-07-31 05:11:00+00:00,100328.21051776706
2025-07-31 05:12:00+00:00,100326.72637142736
2025-07-31 05:13:00+00:00,100324.29544207784
2025-07-31 05:14:00+00:00,100317.13059767925
2025-07-31 05:15:00+00:00,100325.4469349276
2025-07-31 05:16:00+00:00,100329.74584156676
2025-07-31 05:17:00+00:00,100329.72025283676
2025-07-31 05:18:00+00:00,100329.72025283676
2025-07-31 05:19:00+00:00,100329.72025283676
2025-07-31 05:20:00+00:00,100335.75919311558
2025-07-31 05:21:00+00:00,100329.72025283676
2025-07-31 05:22:00+00:00,100332.81648916616
2025-07-31 05:23:00+00:00,100332.43265821623
2025-07-31 05:24:00+00:00,100332.0488272663
2025-07-31 05:25:00+00:00,100322.63217462818
2025-07-31 05:26:00+00:00,100313.93200642988
2025-07-31 05:27:00+00:00,100321.02008463848
2025-07-31 05:28:00+00:00,100320.22683400864
2025-07-31 05:29:00+00:00,100325.60046730758
2025-07-31 05:30:00+00:00,100324.09073223788
2025-07-31 05:31:00+00:00,100328.56875998699
2025-07-31 05:32:00+00:00,100328.56875998699
2025-07-31 05:33:00+00:00,100331.81852869636
2025-07-31 05:34:00+00:00,100327.34050094723
2025-07-31 05:35:00+00:00,100329.66907537678
2025-07-31 05:36:00+00:00,100334.37740169585
2025-07-31 05:37:00+00:00,100335.19624105569
2025-07-31 05:38:00+00:00,100329.46436553681
2025-07-31 05:39:00+00:00,100326.11224190748
2025-07-31 05:40:00+00:00,100321.30156066843
2025-07-31 05:41:00+00:00,100321.30156066843
2025-07-31 05:42:00+00:00,100322.04363383829
2025-07-31 05:43:00+00:00,100318.48680036899
2025-07-31 05:44:00+00:00,100315.92792736948
2025-07-31 05:45:00+00:00,100320.86655225852
2025-07-31 05:46:00+00:00,100321.14802828846
2025-07-31 05:47:00+00:00,100326.08665317748
2025-07-31 05:48:00+00:00,100326.11224190748
2025-07-31 05:49:00+00:00,100326.5472503174
2025-07-31 05:50:00+00:00,100314.3926035698
2025-07-31 05:51:00+00:00,100315.41615276958
2025-07-31 05:52:00+00:00,100314.80202324971
2025-07-31 05:53:00+00:00,100312.24315025021
2025-07-31 05:54:00+00:00,100309.70986598072
2025-07-31 05:55:00+00:00,100316.41411323939
2025-07-31 05:56:00+00:00,100322.4530535182
2025-07-31 05:57:00+00:00,100319.81741432872
2025-07-31 05:58:00+00:00,100316.41411323939
2025-07-31 05:59:00+00:00,100318.33326798902
2025-07-31 06:00:00+00:00,100320.81537479852
2025-07-31 06:01:00+00:00,100323.60454636798
2025-07-31 06:02:00+00:00,100325.62605603758
2025-07-31 06:03:00+00:00,100319.86859178872
2025-07-31 06:04:00+00:00,100319.86859178872
2025-07-31 06:05:00+00:00,100321.60862542837
2025-07-31 06:06:00+00:00,100316.95147656929
2025-07-31 06:07:00+00:00,100306.71598457132
2025-07-31 06:08:00+00:00,100307.71394504112
2025-07-31 06:09:00+00:00,100298.04140510302
2025-07-31 06:10:00+00:00,100303.10797364202
2025-07-31 06:11:00+00:00,100303.49180459195
2025-07-31 06:12:00+00:00,100302.59619904212
2025-07-31 06:13:00+00:00,100301.59823857232
2025-07-31 06:14:00+00:00,100301.08646397242
2025-07-31 06:15:00+00:00,100312.16638406023
2025-07-31 06:16:00+00:00,100312.16638406023
2025-07-31 06:17:00+00:00,100311.91049676028
2025-07-31 06:18:00+00:00,100307.7395337711
2025-07-31 06:19:00+00:00,100308.225719641
2025-07-31 06:20:00+00:00,100306.69039584132
2025-07-31 06:21:00+00:00,100306.71598457132
2025-07-31 06:22:00+00:00,100309.24926884081
2025-07-31 06:23:00+00:00,100309.24926884081
2025-07-31 06:24:00+00:00,100317.97502576909
2025-07-31 06:25:00+00:00,100327.18696856727
2025-07-31 06:26:00+00:00,100327.16137983727
2025-07-31 06:27:00+00:00,100324.24426461785
2025-07-31 06:28:00+00:00,100328.90141347692
2025-07-31 06:29:00+00:00,100337.1409845353
2025-07-31 06:30:00+00:00,100336.88509723535
2025-07-31 06:31:00+00:00,100343.84523179398
2025-07-31 06:32:00+00:00,100338.34365484507
2025-07-31 06:33:00+00:00,100336.39891136545
2025-07-31 06:34:00+00:00,100329.87378521674
2025-07-31 06:35:00+00:00,100337.80629151517
2025-07-31 06:36:00+00:00,100344.07553036393
2025-07-31 06:37:00+00:00,100352.13598031233
2025-07-31 06:38:00+00:00,100352.77569856221
2025-07-31 06:39:00+00:00,100355.20662791174
2025-07-31 06:40:00+00:00,100359.88936550081
2025-07-31 06:41:00+00:00,100362.9344243702
2025-07-31 06:42:00+00:00,100375.24260349778
2025-07-31 06:43:00+00:00,100376.31733015756
2025-07-31 06:44:00+00:00,100372.22313335838
2025-07-31 06:45:00+00:00,100384.224247726
2025-07-31 06:46:00+00:00,100382.97039995625
2025-07-31 06:47:00+00:00,100398.63070271316
2025-07-31 06:48:00+00:00,100394.71562702394
2025-07-31 06:49:00+00:00,100393.69207782413
2025-07-31 06:50:00+00:00,100398.4004041432
2025-07-31 06:51:00+00:00,100395.58564384376
2025-07-31 06:52:00+00:00,100396.71154796354
2025-07-31 06:53:00+00:00,100399.88455048291
2025-07-31 06:54:00+00:00,100399.88455048291
2025-07-31 06:55:00+00:00,100403.92756982212
2025-07-31 06:56:00+00:00,100411.75772120057
2025-07-31 06:57:00+00:00,100409.35238058105
2025-07-31 06:58:00+00:00,100404.59287680198
2025-07-31 06:59:00+00:00,100403.74844871215
2025-07-31 07:00:00+00:00,100403.08314173229
2025-07-31 07:01:00+00:00,100413.16510135029
2025-07-31 07:02:00+00:00,100408.5591299512
2025-07-31 07:03:00+00:00,100403.23667411225
2025-07-31 07:04:00+00:00,100393.61531163414
2025-07-31 07:05:00+00:00,100379.38797775697
2025-07-31 07:06:00+00:00,100388.57433182515
2025-07-31 07:07:00+00:00,100389.59788102494
2025-07-31 07:08:00+00:00,100389.8025908649
2025-07-31 07:09:00+00:00,100388.59992055513
2025-07-31 07:10:00+00:00,100392.4126413244
2025-07-31 07:11:00+00:00,100391.77292307452
2025-07-31 07:12:00+00:00,100390.36554292479
2025-07-31 07:13:00+00:00,100390.36554292479
2025-07-31 07:14:00+00:00,100414.16306182009
2025-07-31 07:15:00+00:00,100447.42841081353
2025-07-31 07:16:00+00:00,100453.56970601232
2025-07-31 07:17:00+00:00,100436.11819215576
2025-07-31 07:18:00+00:00,100454.82355378207
2025-07-31 07:19:00+00:00,100452.57174554252
2025-07-31 07:20:00+00:00,100454.90031997205
2025-07-31 07:21:00+00:00,100463.52372198035
2025-07-31 07:22:00+00:00,100452.21350332258
2025-07-31 07:23:00+00:00,100441.31270434473
2025-07-31 07:24:00+00:00,100453.03234268242
2025-07-31 07:25:00+00:00,100438.75383134524
2025-07-31 07:26:00+00:00,100432.58694741645
2025-07-31 07:27:00+00:00,100441.95242259461
2025-07-31 07:28:00+00:00,100437.9349919854
2025-07-31 07:29:00+00:00,100435.96465977578
2025-07-31 07:30:00+00:00,100429.03011394716
2025-07-31 07:31:00+00:00,100421.32790621868
2025-07-31 07:32:00+00:00,100416.74752354958
2025-07-31 07:33:00+00:00,100398.80982382313
2025-07-31 07:34:00+00:00,100411.09241422071
2025-07-31 07:35:00+00:00,100414.67483641999
2025-07-31 07:36:00+00:00,100413.70246468019
2025-07-31 07:37:00+00:00,100407.5099920214
2025-07-31 07:38:00+00:00,100413.98394071012
2025-07-31 07:39:00+00:00,100394.74121575392
2025-07-31 07:40:00+00:00,100394.20385242403
2025-07-31 07:41:00+00:00,100389.49552610496
2025-07-31 07:42:00+00:00,100389.46993737496
2025-07-31 07:43:00+00:00,100389.316404995
2025-07-31 07:44:00+00:00,100390.3399541948
2025-07-31 07:45:00+00:00,100398.80982382313
2025-07-31 07:46:00+00:00,100403.92756982212
2025-07-31 07:47:00+00:00,100406.99821742151
2025-07-31 07:48:00+00:00,100410.47828470082
2025-07-31 07:49:00+00:00,100405.79554711175
2025-07-31 07:50:00+00:00,100398.27246049323
2025-07-31 07:51:00+00:00,100401.31751936264
2025-07-31 07:52:00+00:00,100401.29193063264
2025-07-31 07:53:00+00:00,100397.30008875343
2025-07-31 07:54:00+00:00,100398.11892811325
2025-07-31 07:55:00+00:00,100399.09129985307
2025-07-31 07:56:00+00:00,100390.59584149475
2025-07-31 07:57:00+00:00,100396.12300717365
2025-07-31 07:58:00+00:00,100396.14859590365
2025-07-31 07:59:00+00:00,100398.80982382313
2025-07-31 08:00:00+00:00,100403.92756982212
2025-07-31 08:01:00+00:00,100405.43730489182
2025-07-31 08:02:00+00:00,100408.0473553513
2025-07-31 08:03:00+00:00,100390.74937387471
2025-07-31 08:04:00+00:00,100391.20997101463
2025-07-31 08:05:00+00:00,100388.29285579521
2025-07-31 08:06:00+00:00,100392.15675402444
2025-07-31 08:07:00+00:00,100389.62346975494
2025-07-31 08:08:00+00:00,100397.17214510345
2025-07-31 08:09:00+00:00,100389.11169515504
2025-07-31 08:10:00+00:00,100392.69411735433
2025-07-31 08:11:00+00:00,100388.29285579521
2025-07-31 08:12:00+00:00,100384.94073216587
2025-07-31 08:13:00+00:00,100390.59584149475
2025-07-31 08:14:00+00:00,100387.57637135535
2025-07-31 08:15:00+00:00,100387.44842770537
2025-07-31 08:16:00+00:00,100386.04104755564
2025-07-31 08:17:00+00:00,100384.50572375595
2025-07-31 08:18:00+00:00,100379.64386505692
2025-07-31 08:19:00+00:00,100381.79331837648
2025-07-31 08:20:00+00:00,100385.04308708585
2025-07-31 08:21:00+00:00,100377.90383141725
2025-07-31 08:22:00+00:00,100380.43711568676
2025-07-31 08:23:00+00:00,100382.43303662636
2025-07-31 08:24:00+00:00,100384.07071534604
2025-07-31 08:25:00+00:00,100395.22740162382
2025-07-31 08:26:00+00:00,100395.02269178387
2025-07-31 08:27:00+00:00,100395.02269178387
2025-07-31 08:28:00+00:00,100390.64701895474
2025-07-31 08:29:00+00:00,100385.52927295576
2025-07-31 08:30:00+00:00,100381.97243948645
2025-07-31 08:31:00+00:00,100378.36442855716
2025-07-31 08:32:00+00:00,100376.82910475746
2025-07-31 08:33:00+00:00,100376.82910475746
2025-07-31 08:34:00+00:00,100381.99802821645
2025-07-31 08:35:00+00:00,100392.18234275443
2025-07-31 08:36:00+00:00,100392.15675402444
2025-07-31 08:37:00+00:00,100396.14859590365
2025-07-31 08:38:00+00:00,100401.31751936264
2025-07-31 08:39:00+00:00,100402.92960935232
2025-07-31 08:40:00+00:00,100402.41783475241
2025-07-31 08:41:00+00:00,100402.62254459238
2025-07-31 08:42:00+00:00,100403.95315855212
2025-07-31 08:43:00+00:00,100410.50387343082
2025-07-31 08:44:00+00:00,100422.35145541848
2025-07-31 08:45:00+00:00,100412.49979437042
2025-07-31 08:46:00+00:00,100407.0238061515
2025-07-31 08:47:00+00:00,100403.41579522222
2025-07-31 08:48:00+00:00,100402.92960935232
2025-07-31 08:49:00+00:00,100404.464933152
2025-07-31 08:50:00+00:00,100401.39428555261
2025-07-31 08:51:00+00:00,100398.68188017316
2025-07-31 08:52:00+00:00,100397.27450002343
2025-07-31 08:53:00+00:00,100382.43303662636
2025-07-31 08:54:00+00:00,100380.51388187674
2025-07-31 08:55:00+00:00,100377.82706522726
2025-07-31 08:56:00+00:00,100376.29174142757
2025-07-31 08:57:00+00:00,100378.33883982716
2025-07-31 08:58:00+00:00,100377.34087935736
2025-07-31 08:59:00+00:00,100377.36646808736
2025-07-31 09:00:00+00:00,100374.065521918
2025-07-31 09:01:00+00:00,100366.77273386945
2025-07-31 09:02:00+00:00,100363.0367792902
2025-07-31 09:03:00+00:00,100365.23741006975
2025-07-31 09:04:00+00:00,100362.47382723031
2025-07-31 09:05:00+00:00,100362.47382723031
2025-07-31 09:06:00+00:00,100365.54447482969
2025-07-31 09:07:00+00:00,100359.9661316908
2025-07-31 09:08:00+00:00,100355.8463461616
2025-07-31 09:09:00+00:00,100352.92923094219
2025-07-31 09:10:00+00:00,100355.15545045174
2025-07-31 09:11:00+00:00,100359.83818804083
2025-07-31 09:12:00+00:00,100359.9149542308
2025-07-31 09:13:00+00:00,100360.37555137071
2025-07-31 09:14:00+00:00,100356.3581207615
2025-07-31 09:15:00+00:00,100363.5229651601
2025-07-31 09:16:00+00:00,100357.10019393136
2025-07-31 09:17:00+00:00,100357.15137139134
2025-07-31 09:18:00+00:00,100355.15545045174
2025-07-31 09:19:00+00:00,100353.3642393521
2025-07-31 09:20:00+00:00,100351.82891555241
2025-07-31 09:21:00+00:00,100345.12466829372
2025-07-31 09:22:00+00:00,100351.18919730253
2025-07-31 09:23:00+00:00,100353.72248157203
2025-07-31 09:24:00+00:00,100354.00395760198
2025-07-31 09:25:00+00:00,100358.04697694117
2025-07-31 09:26:00+00:00,100360.88732597062
2025-07-31 09:27:00+00:00,100362.4994159603
2025-07-31 09:28:00+00:00,100362.47382723031
2025-07-31 09:29:00+00:00,100362.4994159603
2025-07-31 09:30:00+00:00,100354.66926458184
2025-07-31 09:31:00+00:00,100366.64479021948
2025-07-31 09:32:00+00:00,100365.57006355969
2025-07-31 09:33:00+00:00,100369.63867162888
2025-07-31 09:34:00+00:00,100367.23333100937
2025-07-31 09:35:00+00:00,100355.9231123516
2025-07-31 09:36:00+00:00,100359.4287683609
2025-07-31 09:37:00+00:00,100360.9129147006
2025-07-31 09:38:00+00:00,100369.12689702898
2025-07-31 09:39:00+00:00,100365.28858752974
2025-07-31 09:40:00+00:00,100371.81371367845
2025-07-31 09:41:00+00:00,100367.6171619593
2025-07-31 09:42:00+00:00,100362.08999628038
2025-07-31 09:43:00+00:00,100357.4328474213
2025-07-31 09:44:00+00:00,100363.47178770011
2025-07-31 09:45:00+00:00,100365.57006355969
2025-07-31 09:46:00+00:00,100361.4246893005
2025-07-31 09:47:00+00:00,100361.4246893005
2025-07-31 09:48:00+00:00,100365.72359593966
2025-07-31 09:49:00+00:00,100366.44008037951
2025-07-31 09:50:00+00:00,100370.20162368877
2025-07-31 09:51:00+00:00,100379.43915521695
2025-07-31 09:52:00+00:00,100382.53539154633
2025-07-31 09:53:00+00:00,100383.78923931609
2025-07-31 09:54:00+00:00,100378.41560601715
2025-07-31 09:55:00+00:00,100382.07479440644
2025-07-31 09:56:00+00:00,100379.7718087069
2025-07-31 09:57:00+00:00,100383.99394915605
2025-07-31 09:58:00+00:00,100381.46066488654
2025-07-31 09:59:00+00:00,100378.36442855716
2025-07-31 10:00:00+00:00,100387.34607278538
2025-07-31 10:01:00+00:00,100404.9767077519
2025-07-31 10:02:00+00:00,100400.37073635282
2025-07-31 10:03:00+00:00,100385.93869263567
2025-07-31 10:04:00+00:00,100386.06663628564
2025-07-31 10:05:00+00:00,100379.41356648695
2025-07-31 10:06:00+00:00,100377.98059760724
2025-07-31 10:07:00+00:00,100369.97132511882
2025-07-31 10:08:00+00:00,100375.93349920765
2025-07-31 10:09:00+00:00,100373.80963461805
2025-07-31 10:10:00+00:00,100366.44008037951
2025-07-31 10:11:00+00:00,100366.44008037951
2025-07-31 10:12:00+00:00,100363.31825532013
2025-07-31 10:13:00+00:00,100366.44008037951
2025-07-31 10:14:00+00:00,100366.44008037951
2025-07-31 10:15:00+00:00,100373.70727969808
2025-07-31 10:16:00+00:00,100366.5168465695
2025-07-31 10:17:00+00:00,100365.16064387976
2025-07-31 10:18:00+00:00,100360.83614851063
2025-07-31 10:19:00+00:00,100360.83614851063
2025-07-31 10:20:00+00:00,100352.80128729221
2025-07-31 10:21:00+00:00,100348.52796938305
2025-07-31 10:22:00+00:00,100347.32529907329
2025-07-31 10:23:00+00:00,100343.74287687399
2025-07-31 10:24:00+00:00,100344.04994163394
2025-07-31 10:25:00+00:00,100359.30082471092
2025-07-31 10:26:00+00:00,100356.3581207615
2025-07-31 10:27:00+00:00,100355.9231123516
2025-07-31 10:28:00+00:00,100340.95370530455
2025-07-31 10:29:00+00:00,100345.61085416363
2025-07-31 10:30:00+00:00,100347.14617796332
2025-07-31 10:31:00+00:00,100344.04994163394
2025-07-31 10:32:00+00:00,100335.75919311558
2025-07-31 10:33:00+00:00,100336.37332263545
2025-07-31 10:34:00+00:00,100349.11651017294
2025-07-31 10:35:00+00:00,100356.8443066314
2025-07-31 10:36:00+00:00,100353.82483649201
2025-07-31 10:37:00+00:00,100353.79924776201
2025-07-31 10:38:00+00:00,100349.16768763293
2025-07-31 10:39:00+00:00,100345.84115273358
2025-07-31 10:40:00+00:00,100347.70913002321
2025-07-31 10:41:00+00:00,100349.03974398295
2025-07-31 10:42:00+00:00,100346.96705685336
2025-07-31 10:43:00+00:00,100356.10223346156
2025-07-31 10:44:00+00:00,100366.08183815959
2025-07-31 10:45:00+00:00,100375.98467666763
2025-07-31 10:46:00+00:00,100385.7083940657
2025-07-31 10:47:00+00:00,100383.17510979621
2025-07-31 10:48:00+00:00,100377.36646808736
2025-07-31 10:49:00+00:00,100379.41356648695
2025-07-31 10:50:00+00:00,100372.78608541827
2025-07-31 10:51:00+00:00,100361.50145549049
2025-07-31 10:52:00+00:00,100368.69188861907
2025-07-31 10:53:00+00:00,100367.33568592934
2025-07-31 10:54:00+00:00,100368.12893655918
2025-07-31 10:55:00+00:00,100367.31009719934
2025-07-31 10:56:00+00:00,100361.98764136039
2025-07-31 10:57:00+00:00,100354.8483856918
2025-07-31 10:58:00+00:00,100354.33661109192
2025-07-31 10:59:00+00:00,100359.9405429608
2025-07-31 11:00:00+00:00,100358.99375995099
2025-07-31 11:01:00+00:00,100366.28654799955
2025-07-31 11:02:00+00:00,100369.79220400886
2025-07-31 11:03:00+00:00,100370.1248574988
2025-07-31 11:04:00+00:00,100371.14840669859
2025-07-31 11:05:00+00:00,100357.8934445612
2025-07-31 11:06:00+00:00,100352.95481967219
2025-07-31 11:07:00+00:00,100355.25780537173
2025-07-31 11:08:00+00:00,100356.3837094915
2025-07-31 11:09:00+00:00,100347.65795256323
2025-07-31 11:10:00+00:00,100348.68150176303
2025-07-31 11:11:00+00:00,100350.70301143262
2025-07-31 11:12:00+00:00,100354.28543363191
2025-07-31 11:13:00+00:00,100362.88324691022
2025-07-31 11:14:00+00:00,100362.88324691022
2025-07-31 11:15:00+00:00,100362.9856018302
2025-07-31 11:16:00+00:00,100363.0111905602
2025-07-31 11:17:00+00:00,100355.9487010816
2025-07-31 11:18:00+00:00,100345.58526543363
2025-07-31 11:19:00+00:00,100349.16768763293
2025-07-31 11:20:00+00:00,100354.64367585184
2025-07-31 11:21:00+00:00,100356.66518552144
2025-07-31 11:22:00+00:00,100356.3581207615
2025-07-31 11:23:00+00:00,100347.68354129323
2025-07-31 11:24:00+00:00,100344.10111909393
2025-07-31 11:25:00+00:00,100342.59138402423
2025-07-31 11:26:00+00:00,100341.03047149454
2025-07-31 11:27:00+00:00,100330.82056822655
2025-07-31 11:28:00+00:00,100333.20032011608
2025-07-31 11:29:00+00:00,100333.30267503606
2025-07-31 11:30:00+00:00,100347.65795256323
2025-07-31 11:31:00+00:00,100336.39891136545
2025-07-31 11:32:00+00:00,100329.20847823686
2025-07-31 11:33:00+00:00,100327.80109808715
2025-07-31 11:34:00+00:00,100324.09073223788
2025-07-31 11:35:00+00:00,100346.53204844345
2025-07-31 11:36:00+00:00,100346.09704003354
2025-07-31 11:37:00+00:00,100339.98133356473
2025-07-31 11:38:00+00:00,100333.99357074592
2025-07-31 11:39:00+00:00,100329.23406696686
2025-07-31 11:40:00+00:00,100329.61789791679
2025-07-31 11:41:00+00:00,100318.51238909898
2025-07-31 11:42:00+00:00,100313.03640088005
2025-07-31 11:43:00+00:00,100319.02416369888
2025-07-31 11:44:00+00:00,100320.50831003858
2025-07-31 11:45:00+00:00,100322.86247319813
2025-07-31 11:46:00+00:00,100320.53389876858
2025-07-31 11:47:00+00:00,100316.49087942939
2025-07-31 11:48:00+00:00,100316.46529069939
2025-07-31 11:49:00+00:00,100316.41411323939
2025-07-31 11:50:00+00:00,100315.92792736948
2025-07-31 11:51:00+00:00,100313.9064176999
2025-07-31 11:52:00+00:00,100306.71598457132
2025-07-31 11:53:00+00:00,100308.76308297091
2025-07-31 11:54:00+00:00,100316.54205688936
2025-07-31 11:55:00+00:00,100319.02416369888
2025-07-31 11:56:00+00:00,100312.93404596008
2025-07-31 11:57:00+00:00,100318.97298623889
2025-07-31 11:58:00+00:00,100321.91569018831
2025-07-31 11:59:00+00:00,100320.53389876858
2025-07-31 12:00:00+00:00,100320.55948749857
2025-07-31 12:01:00+00:00,100334.78682137578
2025-07-31 12:02:00+00:00,100325.13987016768
2025-07-31 12:03:00+00:00,100323.60454636798
2025-07-31 12:04:00+00:00,100323.37424779803
2025-07-31 12:05:00+00:00,100322.35069859822
2025-07-31 12:06:00+00:00,100323.34865906803
2025-07-31 12:07:00+00:00,100324.78162794774
2025-07-31 12:08:00+00:00,100325.60046730758
2025-07-31 12:09:00+00:00,100335.75919311558
2025-07-31 12:10:00+00:00,100336.68038739539
2025-07-31 12:11:00+00:00,100353.72248157203
2025-07-31 12:12:00+00:00,100344.7664260738
2025-07-31 12:13:00+00:00,100342.05402069434
2025-07-31 12:14:00+00:00,100336.42450009545
2025-07-31 12:15:00+00:00,100354.31102236192
2025-07-31 12:16:00+00:00,100341.54224609444
2025-07-31 12:17:00+00:00,100331.79293996636
2025-07-31 12:18:00+00:00,100328.72229236696
2025-07-31 12:19:00+00:00,100332.58619059621
2025-07-31 12:20:00+00:00,100327.69874316716
2025-07-31 12:21:00+00:00,100315.95351609949
2025-07-31 12:22:00+00:00,100311.2963672404
2025-07-31 12:23:00+00:00,100316.43970196939
2025-07-31 12:24:00+00:00,100327.67315443717
2025-07-31 12:25:00+00:00,100326.67519396737
2025-07-31 12:26:00+00:00,100343.56375576403
2025-07-31 12:27:00+00:00,100359.9405429608
2025-07-31 12:28:00+00:00,100362.88324691022
2025-07-31 12:29:00+00:00,100362.88324691022
2025-07-31 12:30:00+00:00,100360.4779062907
2025-07-31 12:31:00+00:00,100343.05198116414
2025-07-31 12:32:00+00:00,100303.10797364202
2025-07-31 12:33:00+00:00,100318.23091306904
2025-07-31 12:34:00+00:00,100328.23610649706
2025-07-31 12:35:00+00:00,100336.32214517547
2025-07-31 12:36:00+00:00,100339.46955896485
2025-07-31 12:37:00+00:00,100330.18084997668
2025-07-31 12:38:00+00:00,100337.90864643516
2025-07-31 12:39:00+00:00,100340.00692229473
2025-07-31 12:40:00+00:00,100330.25761616667
2025-07-31 12:41:00+00:00,100326.16341936747
2025-07-31 12:42:00+00:00,100323.60454636798
2025-07-31 12:43:00+00:00,100322.86247319813
2025-07-31 12:44:00+00:00,100330.82056822655
2025-07-31 12:45:00+00:00,100324.65368429777
2025-07-31 12:46:00+00:00,100334.32622423586
2025-07-31 12:47:00+00:00,100339.34161531487
2025-07-31 12:48:00+00:00,100341.00488276454
2025-07-31 12:49:00+00:00,100354.82279696182
2025-07-31 12:50:00+00:00,100374.96112746783
2025-07-31 12:51:00+00:00,100382.63774646632
2025-07-31 12:52:00+00:00,100380.41152695676
2025-07-31 12:53:00+00:00,100381.10242266662
2025-07-31 12:54:00+00:00,100374.52611905792
2025-07-31 12:55:00+00:00,100379.38797775697
2025-07-31 12:56:00+00:00,100376.98263713744
2025-07-31 12:57:00+00:00,100386.04104755564
2025-07-31 12:58:00+00:00,100393.02677084427
2025-07-31 12:59:00+00:00,100385.55486168574
2025-07-31 13:00:00+00:00,100378.36442855716
2025-07-31 13:01:00+00:00,100364.54651435988
2025-07-31 13:02:00+00:00,100364.03473975998
2025-07-31 13:03:00+00:00,100354.3621998219
2025-07-31 13:04:00+00:00,100342.28431926429
2025-07-31 13:05:00+00:00,100328.72229236696
2025-07-31 13:06:00+00:00,100318.48680036899
2025-07-31 13:07:00+00:00,100339.13690547491
2025-07-31 13:08:00+00:00,100327.69874316716
2025-07-31 13:09:00+00:00,100318.48680036899
2025-07-31 13:10:00+00:00,100323.11836049808
2025-07-31 13:11:00+00:00,100315.92792736948
2025-07-31 13:12:00+00:00,100310.8101813705
2025-07-31 13:13:00+00:00,100303.92681300186
2025-07-31 13:14:00+00:00,100298.60435716291
2025-07-31 13:15:00+00:00,100291.38833530433
2025-07-31 13:16:00+00:00,100263.1895548499
2025-07-31 13:17:00+00:00,100267.92346989896
2025-07-31 13:18:00+00:00,100278.38926046691
2025-07-31 13:19:00+00:00,100313.85524023991
2025-07-31 13:20:00+00:00,100315.41615276958
2025-07-31 13:21:00+00:00,100289.82742277464
2025-07-31 13:22:00+00:00,100277.54483237707
2025-07-31 13:23:00+00:00,100277.28894507712
2025-07-31 13:24:00+00:00,100261.6798197802
2025-07-31 13:25:00+00:00,100262.72895771
2025-07-31 13:26:00+00:00,100264.92958848955
2025-07-31 13:27:00+00:00,100256.71560616119
2025-07-31 13:28:00+00:00,100264.64811245962
2025-07-31 13:29:00+00:00,100262.72895771
2025-07-31 13:30:00+00:00,100239.16173738465
2025-07-31 13:31:00+00:00,100236.06550105526
2025-07-31 13:32:00+00:00,100229.97538331646
2025-07-31 13:33:00+00:00,100212.5750469199
2025-07-31 13:34:00+00:00,100187.67721263482
2025-07-31 13:35:00+00:00,100193.12761212373
2025-07-31 13:36:00+00:00,100240.9273597543
2025-07-31 13:37:00+00:00,100246.32658178323
2025-07-31 13:38:00+00:00,100293.38425624394
2025-07-31 13:39:00+00:00,100328.08257411708
2025-07-31 13:40:00+00:00,100356.86989536141
2025-07-31 13:41:00+00:00,100349.73063969282
2025-07-31 13:42:00+00:00,100357.86785583121
2025-07-31 13:43:00+00:00,100294.94516877363
2025-07-31 13:44:00+00:00,100308.25130837101
2025-07-31 13:45:00+00:00,100310.65664899052
2025-07-31 13:46:00+00:00,100331.71617377637
2025-07-31 13:47:00+00:00,100346.60881463344
2025-07-31 13:48:00+00:00,100334.86358756575
2025-07-31 13:49:00+00:00,100324.14190969788
2025-07-31 13:50:00+00:00,100332.33030329626
2025-07-31 13:51:00+00:00,100342.61697275421
2025-07-31 13:52:00+00:00,100369.84338146885
2025-07-31 13:53:00+00:00,100397.27450002343
2025-07-31 13:54:00+00:00,100390.10965562484
2025-07-31 13:55:00+00:00,100388.57433182515
2025-07-31 13:56:00+00:00,100395.02269178387
2025-07-31 13:57:00+00:00,100385.47809549575
2025-07-31 13:58:00+00:00,100371.22517288857
2025-07-31 13:59:00+00:00,100370.71339828867
2025-07-31 14:00:00+00:00,100389.62346975494
2025-07-31 14:01:00+00:00,100382.45862535635
2025-07-31 14:02:00+00:00,100358.942582491
2025-07-31 14:03:00+00:00,100344.15229655392
2025-07-31 14:04:00+00:00,100336.91068596535
2025-07-31 14:05:00+00:00,100335.47771708563
2025-07-31 14:06:00+00:00,100342.02843196434
2025-07-31 14:07:00+00:00,100351.24037476252
2025-07-31 14:08:00+00:00,100330.59026965659
2025-07-31 14:09:00+00:00,100324.11632096788
2025-07-31 14:10:00+00:00,100338.90660690496
2025-07-31 14:11:00+00:00,100303.13356237202
2025-07-31 14:12:00+00:00,100316.84912164931
2025-07-31 14:13:00+00:00,100327.62197697719
2025-07-31 14:14:00+00:00,100308.40484075097
2025-07-31 14:15:00+00:00,100314.64849086975
2025-07-31 14:16:00+00:00,100294.45898290373
2025-07-31 14:17:00+00:00,100270.3799879785
2025-07-31 14:18:00+00:00,100314.8787894397
2025-07-31 14:19:00+00:00,100298.52759097292
2025-07-31 14:20:00+00:00,100272.42708637808
2025-07-31 14:21:00+00:00,100264.2131040497
2025-07-31 14:22:00+00:00,100239.03379373468
2025-07-31 14:23:00+00:00,100254.00320078172
2025-07-31 14:24:00+00:00,100268.84466417879
2025-07-31 14:25:00+00:00,100245.30303258344
2025-07-31 14:26:00+00:00,100207.94348679081
2025-07-31 14:27:00+00:00,100213.5985961197
2025-07-31 14:28:00+00:00,100234.65812090554
2025-07-31 14:29:00+00:00,100221.76140098809
2025-07-31 14:30:00+00:00,100228.41447078677
2025-07-31 14:31:00+00:00,100211.52590899011
2025-07-31 14:32:00+00:00,100218.74193084869
2025-07-31 14:33:00+00:00,100202.4674985719
2025-07-31 14:34:00+00:00,100217.25778450897
2025-07-31 14:35:00+00:00,100254.54056411161
2025-07-31 14:36:00+00:00,100242.87210323391
2025-07-31 14:37:00+00:00,100234.58135471556
2025-07-31 14:38:00+00:00,100224.85763731747
2025-07-31 14:39:00+00:00,100241.74619911413
2025-07-31 14:40:00+00:00,100226.7512033371
2025-07-31 14:41:00+00:00,100242.23238498405
2025-07-31 14:42:00+00:00,100218.69075338868
2025-07-31 14:43:00+00:00,100237.62641358495
2025-07-31 14:44:00+00:00,100235.68167010533
2025-07-31 14:45:00+00:00,100217.155429589
2025-07-31 14:46:00+00:00,100208.48085012072
2025-07-31 14:47:00+00:00,100238.77790643473
2025-07-31 14:48:00+00:00,100271.40353717828
2025-07-31 14:49:00+00:00,100269.33085004869
2025-07-31 14:50:00+00:00,100226.36737238718
2025-07-31 14:51:00+00:00,100234.96518566548
2025-07-31 14:52:00+00:00,100234.65812090554
2025-07-31 14:53:00+00:00,100236.60286438515
2025-07-31 14:54:00+00:00,100257.09943711112
2025-07-31 14:55:00+00:00,100246.50570289319
2025-07-31 14:56:00+00:00,100230.51274664636
2025-07-31 14:57:00+00:00,100229.43801998657
2025-07-31 14:58:00+00:00,100204.4634195115
2025-07-31 14:59:00+00:00,100204.30988713153
2025-07-31 15:00:00+00:00,100230.46156918636
2025-07-31 15:01:00+00:00,100252.46787698202
2025-07-31 15:02:00+00:00,100261.83335216017
2025-07-31 15:03:00+00:00,100273.42504684789
2025-07-31 15:04:00+00:00,100259.1209467807
2025-07-31 15:05:00+00:00,100257.58562298102
2025-07-31 15:06:00+00:00,100257.07384838111
2025-07-31 15:07:00+00:00,100260.09331852052
2025-07-31 15:08:00+00:00,100254.54056411161
2025-07-31 15:09:00+00:00,100235.06754058546
2025-07-31 15:10:00+00:00,100210.6047147103
2025-07-31 15:11:00+00:00,100207.20141362096
2025-07-31 15:12:00+00:00,100236.60286438515
2025-07-31 15:13:00+00:00,100245.81480718334
2025-07-31 15:14:00+00:00,100233.02044218587
2025-07-31 15:15:00+00:00,100246.71041273315
2025-07-31 15:16:00+00:00,100255.1291049015
2025-07-31 15:17:00+00:00,100260.55391566042
2025-07-31 15:18:00+00:00,100273.45063557787
2025-07-31 15:19:00+00:00,100251.46991651221
2025-07-31 15:20:00+00:00,100259.09535805072
2025-07-31 15:21:00+00:00,100230.99893251626
2025-07-31 15:22:00+00:00,100229.3356650666
2025-07-31 15:23:00+00:00,100203.33751539173
2025-07-31 15:24:00+00:00,100223.80849938768
2025-07-31 15:25:00+00:00,100227.87710745688
2025-07-31 15:26:00+00:00,100241.20883578424
2025-07-31 15:27:00+00:00,100231.97130425606
2025-07-31 15:28:00+00:00,100229.94979458647
2025-07-31 15:29:00+00:00,100235.60490391534
2025-07-31 15:30:00+00:00,100261.62864232021
2025-07-31 15:31:00+00:00,100270.94294003837
2025-07-31 15:32:00+00:00,100275.98391984738
2025-07-31 15:33:00+00:00,100276.00950857738
2025-07-31 15:34:00+00:00,100263.7269181798
2025-07-31 15:35:00+00:00,100268.56318814884
2025-07-31 15:36:00+00:00,100285.06791899558
2025-07-31 15:37:00+00:00,100297.60639669311
2025-07-31 15:38:00+00:00,100288.82946230484
2025-07-31 15:39:00+00:00,100297.22256574318
2025-07-31 15:40:00+00:00,100295.48253210353
2025-07-31 15:41:00+00:00,100296.60843622331
2025-07-31 15:42:00+00:00,100284.68408804566
2025-07-31 15:43:00+00:00,100310.04251947065
2025-07-31 15:44:00+00:00,100300.08850350261
2025-07-31 15:45:00+00:00,100310.8101813705
2025-07-31 15:46:00+00:00,100311.98726295028
2025-07-31 15:47:00+00:00,100299.57672890273
2025-07-31 15:48:00+00:00,100300.57468937253
2025-07-31 15:49:00+00:00,100264.7760561096
2025-07-31 15:50:00+00:00,100281.12725457636
2025-07-31 15:51:00+00:00,100294.35662798375
2025-07-31 15:52:00+00:00,100300.03732604263
2025-07-31 15:53:00+00:00,100308.17454218102
2025-07-31 15:54:00+00:00,100305.94832267147
2025-07-31 15:55:00+00:00,100307.71394504112
2025-07-31 15:56:00+00:00,100308.25130837101
2025-07-31 15:57:00+00:00,100304.69447490171
2025-07-31 15:58:00+00:00,100307.07422679124
2025-07-31 15:59:00+00:00,100305.18066077161
2025-07-31 16:00:00+00:00,100315.92792736948
2025-07-31 16:01:00+00:00,100305.18066077161
2025-07-31 16:02:00+00:00,100305.18066077161
2025-07-31 16:03:00+00:00,100309.27485757081
2025-07-31 16:04:00+00:00,100302.28913428218
2025-07-31 16:05:00+00:00,100308.25130837101
2025-07-31 16:06:00+00:00,100322.06922256827
2025-07-31 16:07:00+00:00,100319.51034956878
2025-07-31 16:08:00+00:00,100313.8808289699
2025-07-31 16:09:00+00:00,100289.31564817474
2025-07-31 16:10:00+00:00,100286.78236390525
2025-07-31 16:11:00+00:00,100307.66276758112
2025-07-31 16:12:00+00:00,100314.9043781697
2025-07-31 16:13:00+00:00,100325.16545889767
2025-07-31 16:14:00+00:00,100316.00469355947
2025-07-31 16:15:00+00:00,100332.27912583626
2025-07-31 16:16:00+00:00,100327.49403332721
2025-07-31 16:17:00+00:00,100337.42246056524
2025-07-31 16:18:00+00:00,100338.44600976504
2025-07-31 16:19:00+00:00,100337.42246056524
2025-07-31 16:20:00+00:00,100322.58099716817
2025-07-31 16:21:00+00:00,100337.42246056524
2025-07-31 16:22:00+00:00,100348.91180033298
2025-07-31 16:23:00+00:00,100346.63440336342
2025-07-31 16:24:00+00:00,100342.61697275421
2025-07-31 16:25:00+00:00,100327.18696856727
2025-07-31 16:26:00+00:00,100343.87082052397
2025-07-31 16:27:00+00:00,100349.19327636293
2025-07-31 16:28:00+00:00,100362.72971453024
2025-07-31 16:29:00+00:00,100364.46974816991
2025-07-31 16:30:00+00:00,100378.56913839713
2025-07-31 16:31:00+00:00,100401.85488269253
2025-07-31 16:32:00+00:00,100429.51629981706
2025-07-31 16:33:00+00:00,100423.47735953826
2025-07-31 16:34:00+00:00,100433.12431074635
2025-07-31 16:35:00+00:00,100447.17252351358
2025-07-31 16:36:00+00:00,100450.06405000301
2025-07-31 16:37:00+00:00,100447.83783049344
2025-07-31 16:38:00+00:00,100409.0964932811
2025-07-31 16:39:00+00:00,100412.1415521505
2025-07-31 16:40:00+00:00,100396.48124939359
2025-07-31 16:41:00+00:00,100396.76272542353
2025-07-31 16:42:00+00:00,100391.36350339459
2025-07-31 16:43:00+00:00,100389.44434864497
2025-07-31 16:44:00+00:00,100382.7656901163
2025-07-31 16:45:00+00:00,100374.88436127784
2025-07-31 16:46:00+00:00,100345.12466829372
2025-07-31 16:47:00+00:00,100339.98133356473
2025-07-31 16:48:00+00:00,100333.35385249605
2025-07-31 16:49:00+00:00,100345.04790210375
2025-07-31 16:50:00+00:00,100352.3406901523
2025-07-31 16:51:00+00:00,100332.56060186621
2025-07-31 16:52:00+00:00,100347.99060605316
2025-07-31 16:53:00+00:00,100356.99783901138
2025-07-31 16:54:00+00:00,100370.15044622878
2025-07-31 16:55:00+00:00,100358.4308078911
2025-07-31 16:56:00+00:00,100348.93738906298
2025-07-31 16:57:00+00:00,100351.26596349251
2025-07-31 16:58:00+00:00,100356.8443066314
2025-07-31 16:59:00+00:00,100361.88528644042
2025-07-31 17:00:00+00:00,100351.98244793237
2025-07-31 17:01:00+00:00,100330.23202743666
2025-07-31 17:02:00+00:00,100295.35458845356
2025-07-31 17:03:00+00:00,100285.83558089544
2025-07-31 17:04:00+00:00,100292.51423942411
2025-07-31 17:05:00+00:00,100306.99746060125
2025-07-31 17:06:00+00:00,100312.8572797701
2025-07-31 17:07:00+00:00,100307.7395337711
2025-07-31 17:08:00+00:00,100299.34643033276
2025-07-31 17:09:00+00:00,100302.08442444222
2025-07-31 17:10:00+00:00,100304.41299887176
2025-07-31 17:11:00+00:00,100308.50719567096
2025-07-31 17:12:00+00:00,100307.71394504112
2025-07-31 17:13:00+00:00,100294.40780544374
2025-07-31 17:14:00+00:00,100295.96871797343
2025-07-31 17:15:00+00:00,100279.08015617676
2025-07-31 17:16:00+00:00,100298.09258256301
2025-07-31 17:17:00+00:00,100308.76308297091
2025-07-31 17:18:00+00:00,100267.33492910909
2025-07-31 17:19:00+00:00,100255.23145982147
2025-07-31 17:20:00+00:00,100257.99504266093
2025-07-31 17:21:00+00:00,100217.129840859
2025-07-31 17:22:00+00:00,100210.75824709026
2025-07-31 17:23:00+00:00,100234.04399138567
2025-07-31 17:24:00+00:00,100227.87710745688
2025-07-31 17:25:00+00:00,100190.72227150422
2025-07-31 17:26:00+00:00,100202.31396619193
2025-07-31 17:27:00+00:00,100215.1083311894
2025-07-31 17:28:00+00:00,100175.26667858727
2025-07-31 17:29:00+00:00,100190.54315039425
2025-07-31 17:30:00+00:00,100178.31173745666
2025-07-31 17:31:00+00:00,100207.22700235096
2025-07-31 17:32:00+00:00,100176.18787286709
2025-07-31 17:33:00+00:00,100185.73246915519
2025-07-31 17:34:00+00:00,100207.91789806081
2025-07-31 17:35:00+00:00,100222.7593614579
2025-07-31 17:36:00+00:00,100257.25296949108
2025-07-31 17:37:00+00:00,100246.91512257312
2025-07-31 17:38:00+00:00,100242.33473990402
2025-07-31 17:39:00+00:00,100245.58450861338
2025-07-31 17:40:00+00:00,100236.60286438515
2025-07-31 17:41:00+00:00,100246.37775924322
2025-07-31 17:42:00+00:00,100239.64792325455
2025-07-31 17:43:00+00:00,100225.80442032729
2025-07-31 17:44:00+00:00,100249.90900398252
2025-07-31 17:45:00+00:00,100267.33492910909
2025-07-31 17:46:00+00:00,100280.25723775654
2025-07-31 17:47:00+00:00,100249.4995843026
2025-07-31 17:48:00+00:00,100221.04491654823
2025-07-31 17:49:00+00:00,100210.19529503037
2025-07-31 17:50:00+00:00,100195.14912179334
2025-07-31 17:51:00+00:00,100198.70595526263
2025-07-31 17:52:00+00:00,100169.5603917984
2025-07-31 17:53:00+00:00,100168.5368425986
2025-07-31 17:54:00+00:00,100171.60749019799
2025-07-31 17:55:00+00:00,100172.93810415773
2025-07-31 17:56:00+00:00,100197.17063146294
2025-07-31 17:57:00+00:00,100177.85114031675
2025-07-31 17:58:00+00:00,100163.4446853296
2025-07-31 17:59:00+00:00,100159.81108567031
2025-07-31 18:00:00+00:00,100164.9800091293
2025-07-31 18:01:00+00:00,100159.35048853041
2025-07-31 18:02:00+00:00,100161.39758693
2025-07-31 18:03:00+00:00,100139.26333548437
2025-07-31 18:04:00+00:00,100124.52422700729
2025-07-31 18:05:00+00:00,100118.40852053849
2025-07-31 18:06:00+00:00,100113.2651858095
2025-07-31 18:07:00+00:00,100112.24163660972
2025-07-31 18:08:00+00:00,100120.53238512807
2025-07-31 18:09:00+00:00,100104.28354158127
2025-07-31 18:10:00+00:00,100085.83406725492
2025-07-31 18:11:00+00:00,100075.11238938704
2025-07-31 18:12:00+00:00,100128.92548856641
2025-07-31 18:13:00+00:00,100111.32044232989
2025-07-31 18:14:00+00:00,100107.63566521062
2025-07-31 18:15:00+00:00,100092.28242721365
2025-07-31 18:16:00+00:00,100088.75118247434
2025-07-31 18:17:00+00:00,100109.06863409033
2025-07-31 18:18:00+00:00,100100.85465176195
2025-07-31 18:19:00+00:00,100123.39832288751
2025-07-31 18:20:00+00:00,100119.81590068822
2025-07-31 18:21:00+00:00,100155.64012268114
2025-07-31 18:22:00+00:00,100157.81516473071
2025-07-31 18:23:00+00:00,100146.7096559129
2025-07-31 18:24:00+00:00,100154.92363824128
2025-07-31 18:25:00+00:00,100160.73227995014
2025-07-31 18:26:00+00:00,100180.6914893462
2025-07-31 18:27:00+00:00,100187.93309993477
2025-07-31 18:28:00+00:00,100198.14300320274
2025-07-31 18:29:00+00:00,100208.48085012072
2025-07-31 18:30:00+00:00,100209.35086694054
2025-07-31 18:31:00+00:00,100218.69075338868
2025-07-31 18:32:00+00:00,100185.27187201529
2025-07-31 18:33:00+00:00,100196.47973575308
2025-07-31 18:34:00+00:00,100196.50532448306
2025-07-31 18:35:00+00:00,100208.86468107064
2025-07-31 18:36:00+00:00,100220.86579543827
2025-07-31 18:37:00+00:00,100202.31396619193
2025-07-31 18:38:00+00:00,100196.19825972314
2025-07-31 18:39:00+00:00,100193.07643466374
2025-07-31 18:40:00+00:00,100198.11741447276
2025-07-31 18:41:00+00:00,100185.93717899515
2025-07-31 18:42:00+00:00,100184.04361297554
2025-07-31 18:43:00+00:00,100172.91251542773
2025-07-31 18:44:00+00:00,100183.04565250572
2025-07-31 18:45:00+00:00,100197.68240606284
2025-07-31 18:46:00+00:00,100210.86060201023
2025-07-31 18:47:00+00:00,100198.21976939273
2025-07-31 18:48:00+00:00,100201.49512683209
2025-07-31 18:49:00+00:00,100189.54518992445
2025-07-31 18:50:00+00:00,100178.77233459658
2025-07-31 18:51:00+00:00,100170.09775512828
2025-07-31 18:52:00+00:00,100178.56762475662
2025-07-31 18:53:00+00:00,100165.13354150926
2025-07-31 18:54:00+00:00,100154.20715380143
2025-07-31 18:55:00+00:00,100151.64828080192
2025-07-31 18:56:00+00:00,100153.64420174154
2025-07-31 18:57:00+00:00,100124.39628335732
2025-07-31 18:58:00+00:00,100136.32063153495
2025-07-31 18:59:00+00:00,100138.47008485453
2025-07-31 19:00:00+00:00,100166.489744199
2025-07-31 19:01:00+00:00,100152.67183000172
2025-07-31 19:02:00+00:00,100147.55408400274
2025-07-31 19:03:00+00:00,100129.66756173628
2025-07-31 19:04:00+00:00,100119.4064810083
2025-07-31 19:05:00+00:00,100129.64197300628
2025-07-31 19:06:00+00:00,100121.4279906779
2025-07-31 19:07:00+00:00,100116.94996292877
2025-07-31 19:08:00+00:00,100103.36234730146
2025-07-31 19:09:00+00:00,100113.3675407295
2025-07-31 19:10:00+00:00,100108.1730285405
2025-07-31 19:11:00+00:00,100096.55574512281
2025-07-31 19:12:00+00:00,100057.81440791045
2025-07-31 19:13:00+00:00,100041.46320944368
2025-07-31 19:14:00+00:00,100044.04767117318
2025-07-31 19:15:00+00:00,100038.87874771419
2025-07-31 19:16:00+00:00,100021.40164512765
2025-07-31 19:17:00+00:00,100016.5653751586
2025-07-31 19:18:00+00:00,100010.39849122982
2025-07-31 19:19:00+00:00,100022.6810816274
2025-07-31 19:20:00+00:00,100062.59950041951
2025-07-31 19:21:00+00:00,100023.96051812713
2025-07-31 19:22:00+00:00,100018.97071577812
2025-07-31 19:23:00+00:00,100016.20713293867
2025-07-31 19:24:00+00:00,100008.01873934029
2025-07-31 19:25:00+00:00,100017.97275530832
2025-07-31 19:26:00+00:00,100003.28482429122
2025-07-31 19:27:00+00:00,100026.85204461656
2025-07-31 19:28:00+00:00,100010.91026582972
2025-07-31 19:29:00+00:00,100010.14260392987
2025-07-31 19:30:00+00:00,100012.36882343944
2025-07-31 19:31:00+00:00,100001.69832303154
2025-07-31 19:32:00+00:00,100002.74746096133
2025-07-31 19:33:00+00:00,99987.06156947443
2025-07-31 19:34:00+00:00,99973.80660733704
2025-07-31 19:35:00+00:00,99938.69886978398
2025-07-31 19:36:00+00:00,99962.01020280937
2025-07-31 19:37:00+00:00,99992.56314642334
2025-07-31 19:38:00+00:00,99978.92435333604
2025-07-31 19:39:00+00:00,99965.72056865864
2025-07-31 19:40:00+00:00,99965.87410103861
2025-07-31 19:41:00+00:00,99985.7309555147
2025-07-31 19:42:00+00:00,100002.3892187414
2025-07-31 19:43:00+00:00,99970.71037100765
2025-07-31 19:44:00+00:00,99958.04394966015
2025-07-31 19:45:00+00:00,99956.8156906204
2025-07-31 19:46:00+00:00,99956.8668680804
2025-07-31 19:47:00+00:00,99969.27740212795
2025-07-31 19:48:00+00:00,99939.77359644376
2025-07-31 19:49:00+00:00,99936.85648122434
2025-07-31 19:50:00+00:00,99930.28017761564
2025-07-31 19:51:00+00:00,99917.7928773781
2025-07-31 19:52:00+00:00,99925.4439076466
2025-07-31 19:53:00+00:00,99950.52086304165
2025-07-31 19:54:00+00:00,99936.24235170445
2025-07-31 19:55:00+00:00,99933.40200267502
2025-07-31 19:56:00+00:00,99917.76728864812
2025-07-31 19:57:00+00:00,99930.51047618559
2025-07-31 19:58:00+00:00,99915.54106913855
2025-07-31 19:59:00+00:00,99912.93101867907
2025-07-31 20:00:00+00:00,99913.16131724902
2025-07-31 20:01:00+00:00,99931.07342824548
2025-07-31 20:02:00+00:00,99933.24847029505
2025-07-31 20:03:00+00:00,99916.7949169083
2025-07-31 20:04:00+00:00,99921.04264608746
2025-07-31 20:05:00+00:00,99896.96365116222
2025-07-31 20:06:00+00:00,99882.99220458498
2025-07-31 20:07:00+00:00,99910.67921043951
2025-07-31 20:08:00+00:00,99890.43852501351
2025-07-31 20:09:00+00:00,99866.58982865821
2025-07-31 20:10:00+00:00,99859.29704060966
2025-07-31 20:11:00+00:00,99859.93675885952
2025-07-31 20:12:00+00:00,99892.10179246317
2025-07-31 20:13:00+00:00,99878.94918524577
2025-07-31 20:14:00+00:00,99875.16205320653
2025-07-31 20:15:00+00:00,99859.42498425963
2025-07-31 20:16:00+00:00,99850.4689287614
2025-07-31 20:17:00+00:00,99848.72889512175
2025-07-31 20:18:00+00:00,99871.98905068715
2025-07-31 20:19:00+00:00,99921.60559814735
2025-07-31 20:20:00+00:00,99901.18579161138
2025-07-31 20:21:00+00:00,99891.0014770734
2025-07-31 20:22:00+00:00,99895.40273863252
2025-07-31 20:23:00+00:00,99883.50397918487
2025-07-31 20:24:00+00:00,99875.54588415645
2025-07-31 20:25:00+00:00,99882.71072855503
2025-07-31 20:26:00+00:00,99870.1978395875
2025-07-31 20:27:00+00:00,99868.15074118791
2025-07-31 20:28:00+00:00,99892.997398013
2025-07-31 20:29:00+00:00,99905.48469825054
2025-07-31 20:30:00+00:00,99940.1062499337
2025-07-31 20:31:00+00:00,99930.79195221554
2025-07-31 20:32:00+00:00,99885.01371425457
2025-07-31 20:33:00+00:00,99848.78007258172
2025-07-31 20:34:00+00:00,99856.86611126014
2025-07-31 20:35:00+00:00,99870.6840254574
2025-07-31 20:36:00+00:00,99858.91320965973
2025-07-31 20:37:00+00:00,99871.68198592721
2025-07-31 20:38:00+00:00,99852.08101875108
2025-07-31 20:39:00+00:00,99871.68198592721
2025-07-31 20:40:00+00:00,99864.54273025862
2025-07-31 20:41:00+00:00,99849.21508099165
2025-07-31 20:42:00+00:00,99848.16594306185
2025-07-31 20:43:00+00:00,99869.66047625762
2025-07-31 20:44:00+00:00,99858.17113648988
2025-07-31 20:45:00+00:00,99847.372692432
2025-07-31 20:46:00+00:00,99860.0647025095
2025-07-31 20:47:00+00:00,99843.20172944284
2025-07-31 20:48:00+00:00,99857.17317602008
2025-07-31 20:49:00+00:00,99862.49563185903
2025-07-31 20:50:00+00:00,99862.18856709909
2025-07-31 20:51:00+00:00,99860.47412218942
2025-07-31 20:52:00+00:00,99851.26217939124
2025-07-31 20:53:00+00:00,99835.03892457444
2025-07-31 20:54:00+00:00,99829.25587159558
2025-07-31 20:55:00+00:00,99829.58852508552
2025-07-31 20:56:00+00:00,99834.2968514046
2025-07-31 20:57:00+00:00,99844.07174626266
2025-07-31 20:58:00+00:00,99861.44649392922
2025-07-31 20:59:00+00:00,99843.8926251527
2025-07-31 21:00:00+00:00,99839.00517772367
2025-07-31 21:01:00+00:00,99849.18949226165
2025-07-31 21:02:00+00:00,99849.13831480166
2025-07-31 21:03:00+00:00,99844.68587578254
2025-07-31 21:04:00+00:00,99878.97477397576
2025-07-31 21:05:00+00:00,99905.94529539044
2025-07-31 21:06:00+00:00,99867.1527807181
2025-07-31 21:07:00+00:00,99869.43017768765
2025-07-31 21:08:00+00:00,99864.54273025862
2025-07-31 21:09:00+00:00,99857.86407172994
2025-07-31 21:10:00+00:00,99861.01148551932
2025-07-31 21:11:00+00:00,99860.44853345942
2025-07-31 21:12:00+00:00,99857.63377315998
2025-07-31 21:13:00+00:00,99857.63377315998
2025-07-31 21:14:00+00:00,99857.65936188998
2025-07-31 21:15:00+00:00,99846.11884466225
2025-07-31 21:16:00+00:00,99863.1097613789
2025-07-31 21:17:00+00:00,99867.35749055806
2025-07-31 21:18:00+00:00,99874.67586733663
2025-07-31 21:19:00+00:00,99875.2899968565
2025-07-31 21:20:00+00:00,99876.8253206562
2025-07-31 21:21:00+00:00,99882.813083475
2025-07-31 21:22:00+00:00,99885.62784377445
2025-07-31 21:23:00+00:00,99886.9328690042
2025-07-31 21:24:00+00:00,99889.56850819368
2025-07-31 21:25:00+00:00,99877.3370952561
2025-07-31 21:26:00+00:00,99886.60021551426
2025-07-31 21:27:00+00:00,99900.34136352155
2025-07-31 21:28:00+00:00,99905.97088412044
2025-07-31 21:29:00+00:00,99914.49193120876
2025-07-31 21:30:00+00:00,99917.40904642818
2025-07-31 21:31:00+00:00,99927.00482017628
2025-07-31 21:32:00+00:00,99936.85648122434
2025-07-31 21:33:00+00:00,99923.03856702708
2025-07-31 21:34:00+00:00,99928.54014397599
2025-07-31 21:35:00+00:00,99903.48877731094
2025-07-31 21:36:00+00:00,99900.95549304143
2025-07-31 21:37:00+00:00,99904.46114905074
2025-07-31 21:38:00+00:00,99904.43556032074
2025-07-31 21:39:00+00:00,99908.55534584992
2025-07-31 21:40:00+00:00,99907.2247318902
2025-07-31 21:41:00+00:00,99894.37918943273
2025-07-31 21:42:00+00:00,99898.88280591184
2025-07-31 21:43:00+00:00,99877.72092620602
2025-07-31 21:44:00+00:00,99901.92786478123
2025-07-31 21:45:00+00:00,99909.91154853966
2025-07-31 21:46:00+00:00,99895.81215831244
2025-07-31 21:47:00+00:00,99902.43963938113
2025-07-31 21:48:00+00:00,99906.96884459024
2025-07-31 21:49:00+00:00,99881.50805824526
2025-07-31 21:50:00+00:00,99874.7526335266
2025-07-31 21:51:00+00:00,99864.03095565872
2025-07-31 21:52:00+00:00,99849.21508099165
2025-07-31 21:53:00+00:00,99835.34598933438
2025-07-31 21:54:00+00:00,99832.7103501449
2025-07-31 21:55:00+00:00,99798.54939560164
2025-07-31 21:56:00+00:00,99783.65675474459
2025-07-31 21:57:00+00:00,99782.83791538475
2025-07-31 21:58:00+00:00,99847.9612332219
2025-07-31 21:59:00+00:00,99848.52418528179
2025-07-31 22:00:00+00:00,99786.85534599396
2025-07-31 22:01:00+00:00,99789.31186407348
2025-07-31 22:02:00+00:00,99795.99052260215
2025-07-31 22:03:00+00:00,99806.20042587013
2025-07-31 22:04:00+00:00,99807.76133839984
2025-07-31 22:05:00+00:00,99797.32113656189
2025-07-31 22:06:00+00:00,99784.96177997433
2025-07-31 22:07:00+00:00,99780.86758317513
2025-07-31 22:08:00+00:00,99764.26049740842
2025-07-31 22:09:00+00:00,99762.26457646882
2025-07-31 22:10:00+00:00,99761.13867234904
2025-07-31 22:11:00+00:00,99744.78747388226
2025-07-31 22:12:00+00:00,99759.11716267944
2025-07-31 22:13:00+00:00,99752.51527034074
2025-07-31 22:14:00+00:00,99789.36304153346
2025-07-31 22:15:00+00:00,99781.12347047508
2025-07-31 22:16:00+00:00,99812.34172106892
2025-07-31 22:17:00+00:00,99801.15944606114
2025-07-31 22:18:00+00:00,99796.96289434197
2025-07-31 22:19:00+00:00,99756.04651508004
2025-07-31 22:20:00+00:00,99779.58814667539
2025-07-31 22:21:00+00:00,99772.73036703674
2025-07-31 22:22:00+00:00,99768.8408800775
2025-07-31 22:23:00+00:00,99756.04651508004
2025-07-31 22:24:00+00:00,99744.78747388226
2025-07-31 22:25:00+00:00,99758.11920220964
2025-07-31 22:26:00+00:00,99743.27773881257
2025-07-31 22:27:00+00:00,99742.48448818272
2025-07-31 22:28:00+00:00,99761.16426107903
2025-07-31 22:29:00+00:00,99786.24121647408
2025-07-31 22:30:00+00:00,99774.0353922665
2025-07-31 22:31:00+00:00,99769.89001800731
2025-07-31 22:32:00+00:00,99777.0548624059
2025-07-31 22:33:00+00:00,99781.63524507498
2025-07-31 22:34:00+00:00,99770.88797847711
2025-07-31 22:35:00+00:00,99757.70978252971
2025-07-31 22:36:00+00:00,99754.79266731029
2025-07-31 22:37:00+00:00,99753.97382795045
2025-07-31 22:38:00+00:00,99742.66360929268
2025-07-31 22:39:00+00:00,99741.64006009289
2025-07-31 22:40:00+00:00,99741.35858406294
2025-07-31 22:41:00+00:00,99732.53047221468
2025-07-31 22:42:00+00:00,99766.92172532789
2025-07-31 22:43:00+00:00,99761.49691456897
2025-07-31 22:44:00+00:00,99766.79378167792
2025-07-31 22:45:00+00:00,99749.44462274134
2025-07-31 22:46:00+00:00,99743.71274722248
2025-07-31 22:47:00+00:00,99741.61447136289
2025-07-31 22:48:00+00:00,99739.92561518322
2025-07-31 22:49:00+00:00,99734.55198188429
2025-07-31 22:50:00+00:00,99762.3413426588
2025-07-31 22:51:00+00:00,99759.11716267944
2025-07-31 22:52:00+00:00,99756.02092635004
2025-07-31 22:53:00+00:00,99779.07637207549
2025-07-31 22:54:00+00:00,99754.28089271039
2025-07-31 22:55:00+00:00,99738.79971106345
2025-07-31 22:56:00+00:00,99744.48040912233
2025-07-31 22:57:00+00:00,99738.64617868347
2025-07-31 22:58:00+00:00,99738.64617868347
2025-07-31 22:59:00+00:00,99715.92338644796
2025-07-31 23:00:00+00:00,99730.48337381509
2025-07-31 23:01:00+00:00,99745.83661181206
2025-07-31 23:02:00+00:00,99752.1826168508
2025-07-31 23:03:00+00:00,99751.64525352091
2025-07-31 23:04:00+00:00,99742.22860088277
2025-07-31 23:05:00+00:00,99739.49060677331
2025-07-31 23:06:00+00:00,99755.50915175014
2025-07-31 23:07:00+00:00,99782.76114919476
2025-07-31 23:08:00+00:00,99774.41922321642
2025-07-31 23:09:00+00:00,99749.36785655135
2025-07-31 23:10:00+00:00,99766.76819294793
2025-07-31 23:11:00+00:00,99767.33114500782
2025-07-31 23:12:00+00:00,99783.50322236461
2025-07-31 23:13:00+00:00,99795.65786911221
2025-07-31 23:14:00+00:00,99802.7971247808
2025-07-31 23:15:00+00:00,99777.0292736759
2025-07-31 23:16:00+00:00,99772.42330227682
2025-07-31 23:17:00+00:00,99781.584067615
2025-07-31 23:18:00+00:00,99764.49079597837
2025-07-31 23:19:00+00:00,99749.85404242127
2025-07-31 23:20:00+00:00,99759.24510632941
2025-07-31 23:21:00+00:00,99768.3546942076
2025-07-31 23:22:00+00:00,99771.78358402694
2025-07-31 23:23:00+00:00,99772.9350768767
2025-07-31 23:24:00+00:00,99749.93080861124
2025-07-31 23:25:00+00:00,99747.85812148167
2025-07-31 23:26:00+00:00,99737.0596774238
2025-07-31 23:27:00+00:00,99737.44350837372
2025-07-31 23:28:00+00:00,99730.995148415
2025-07-31 23:29:00+00:00,99721.27143101691
2025-07-31 23:30:00+00:00,99718.7381467474
2025-07-31 23:31:00+00:00,99713.00627122854
2025-07-31 23:32:00+00:00,99685.98457235387
2025-07-31 23:33:00+00:00,99703.89668335034
2025-07-31 23:34:00+00:00,99698.06245291149
2025-07-31 23:35:00+00:00,99679.8176884251
2025-07-31 23:36:00+00:00,99685.14014426403
2025-07-31 23:37:00+00:00,99664.46445042813
2025-07-31 23:38:00+00:00,99668.55864722731
2025-07-31 23:39:00+00:00,99662.0591098086
2025-07-31 23:40:00+00:00,99612.72403837834
2025-07-31 23:41:00+00:00,99602.2838365404
2025-07-31 23:42:00+00:00,99630.32908461486
2025-07-31 23:43:00+00:00,99657.06930745958
2025-07-31 23:44:00+00:00,99648.06207450136
2025-07-31 23:45:00+00:00,99675.16053956602
2025-07-31 23:46:00+00:00,99623.0107078363
2025-07-31 23:47:00+00:00,99644.99142690196
2025-07-31 23:48:00+00:00,99662.90353789844
2025-07-31 23:49:00+00:00,99663.69678852828
2025-07-31 23:50:00+00:00,99660.98438314881
2025-07-31 23:51:00+00:00,99630.32908461486
2025-07-31 23:52:00+00:00,99619.12122087707
2025-07-31 23:53:00+00:00,99630.43143953485
2025-07-31 23:54:00+00:00,99601.51617464056
2025-07-31 23:55:00+00:00,99640.7436977228
2025-07-31 23:56:00+00:00,99645.01701563197
2025-07-31 23:57:00+00:00,99654.25454716015
2025-07-31 23:58:00+00:00,99644.17258754213
2025-07-31 23:59:00+00:00,99650.31388274091
